-- +goose Up
insert into tag (id,name) values (1, 'name');
insert into tag (id,name) values (2, 'ratings');
insert into tag (id,name) values (3, 'price');
insert into tag (id,name) values (4, 'imgURL');
insert into tag (id,name) values (5, 'camera');
insert into tag (id,name) values (6, 'display');
insert into tag (id,name) values (7, 'battery');
insert into tag (id,name) values (8, 'storage');
insert into tag (id,name) values (9, 'ram');
insert into tag (id,name) values (10, 'processor');
insert into tag (id,name) values (11, 'android_version');
insert into asset (id,name) values (1, 'SAMSUNG Galaxy F13 (Sunrise Copper, 64 GB)');
insert into tagvalue (id, tag_id, asset_id, value) values (1, 1, 1, 'SAMSUNG Galaxy F13 (Sunrise Copper, 64 GB)');
insert into tagvalue (id, tag_id, asset_id, value) values (2, 1, 1, '4.3');
insert into tagvalue (id, tag_id, asset_id, value) values (3, 2, 1, '9499');
insert into tagvalue (id, tag_id, asset_id, value) values (4, 3, 1, 'https://rukminim2.flixcart.com/image/312/312/xif0q/mobile/x/x/s/-original-imagfhu6dcpdnqkh.jpeg?q=70');
insert into tagvalue (id, tag_id, asset_id, value) values (5, 4, 1, '50');
insert into tagvalue (id, tag_id, asset_id, value) values (6, 5, 1, 'other_types');
insert into tagvalue (id, tag_id, asset_id, value) values (7, 6, 1, '6000');
insert into tagvalue (id, tag_id, asset_id, value) values (8, 7, 1, '64');
insert into tagvalue (id, tag_id, asset_id, value) values (9, 8, 1, '4');
insert into tagvalue (id, tag_id, asset_id, value) values (10, 9, 1, 'not mentioned');
insert into tagvalue (id, tag_id, asset_id, value) values (11, 10, 1, '12');
insert into asset (id,name) values (2, 'SAMSUNG Galaxy F13 (Waterfall Blue, 128 GB)');
insert into tagvalue (id, tag_id, asset_id, value) values (21, 1, 2, 'SAMSUNG Galaxy F13 (Waterfall Blue, 128 GB)');
insert into tagvalue (id, tag_id, asset_id, value) values (22, 1, 2, '4.3');
insert into tagvalue (id, tag_id, asset_id, value) values (23, 2, 2, '10499');
insert into tagvalue (id, tag_id, asset_id, value) values (24, 3, 2, 'https://rukminim2.flixcart.com/image/312/312/xif0q/mobile/0/8/4/-original-imagfhu75eupxyft.jpeg?q=70');
insert into tagvalue (id, tag_id, asset_id, value) values (25, 4, 2, '50');
insert into tagvalue (id, tag_id, asset_id, value) values (26, 5, 2, 'other_types');
insert into tagvalue (id, tag_id, asset_id, value) values (27, 6, 2, '6000');
insert into tagvalue (id, tag_id, asset_id, value) values (28, 7, 2, '128');
insert into tagvalue (id, tag_id, asset_id, value) values (29, 8, 2, '4');
insert into tagvalue (id, tag_id, asset_id, value) values (30, 9, 2, 'not mentioned');
insert into tagvalue (id, tag_id, asset_id, value) values (31, 10, 2, '12');
insert into asset (id,name) values (3, 'SAMSUNG Galaxy F13 (Nightsky Green, 128 GB)');
insert into tagvalue (id, tag_id, asset_id, value) values (41, 1, 3, 'SAMSUNG Galaxy F13 (Nightsky Green, 128 GB)');
insert into tagvalue (id, tag_id, asset_id, value) values (42, 1, 3, '4.3');
insert into tagvalue (id, tag_id, asset_id, value) values (43, 2, 3, '10499');
insert into tagvalue (id, tag_id, asset_id, value) values (44, 3, 3, 'https://rukminim2.flixcart.com/image/312/312/xif0q/mobile/a/i/v/-original-imagfhu6bdzhnmkz.jpeg?q=70');
insert into tagvalue (id, tag_id, asset_id, value) values (45, 4, 3, '50');
insert into tagvalue (id, tag_id, asset_id, value) values (46, 5, 3, 'other_types');
insert into tagvalue (id, tag_id, asset_id, value) values (47, 6, 3, '6000');
insert into tagvalue (id, tag_id, asset_id, value) values (48, 7, 3, '128');
insert into tagvalue (id, tag_id, asset_id, value) values (49, 8, 3, '4');
insert into tagvalue (id, tag_id, asset_id, value) values (50, 9, 3, 'not mentioned');
insert into tagvalue (id, tag_id, asset_id, value) values (51, 10, 3, '12');
insert into asset (id,name) values (4, 'SAMSUNG Galaxy F13 (Sunrise Copper, 128 GB)');
insert into tagvalue (id, tag_id, asset_id, value) values (61, 1, 4, 'SAMSUNG Galaxy F13 (Sunrise Copper, 128 GB)');
insert into tagvalue (id, tag_id, asset_id, value) values (62, 1, 4, '4.3');
insert into tagvalue (id, tag_id, asset_id, value) values (63, 2, 4, '10499');
insert into tagvalue (id, tag_id, asset_id, value) values (64, 3, 4, 'https://rukminim2.flixcart.com/image/312/312/xif0q/mobile/x/x/s/-original-imagfhu6dcpdnqkh.jpeg?q=70');
insert into tagvalue (id, tag_id, asset_id, value) values (65, 4, 4, '50');
insert into tagvalue (id, tag_id, asset_id, value) values (66, 5, 4, 'other_types');
insert into tagvalue (id, tag_id, asset_id, value) values (67, 6, 4, '6000');
insert into tagvalue (id, tag_id, asset_id, value) values (68, 7, 4, '128');
insert into tagvalue (id, tag_id, asset_id, value) values (69, 8, 4, '4');
insert into tagvalue (id, tag_id, asset_id, value) values (70, 9, 4, 'not mentioned');
insert into tagvalue (id, tag_id, asset_id, value) values (71, 10, 4, '12');
insert into asset (id,name) values (5, 'SAMSUNG Galaxy F23 5G (Aqua Blue, 128 GB)');
insert into tagvalue (id, tag_id, asset_id, value) values (81, 1, 5, 'SAMSUNG Galaxy F23 5G (Aqua Blue, 128 GB)');
insert into tagvalue (id, tag_id, asset_id, value) values (82, 1, 5, '4.3');
insert into tagvalue (id, tag_id, asset_id, value) values (83, 2, 5, '15499');
insert into tagvalue (id, tag_id, asset_id, value) values (84, 3, 5, 'https://rukminim2.flixcart.com/image/312/312/xif0q/mobile/0/h/k/-original-imagcg22czc3ggvw.jpeg?q=70');
insert into tagvalue (id, tag_id, asset_id, value) values (85, 4, 5, '50');
insert into tagvalue (id, tag_id, asset_id, value) values (86, 5, 5, 'other_types');
insert into tagvalue (id, tag_id, asset_id, value) values (87, 6, 5, '5000');
insert into tagvalue (id, tag_id, asset_id, value) values (88, 7, 5, '128');
insert into tagvalue (id, tag_id, asset_id, value) values (89, 8, 5, '6');
insert into tagvalue (id, tag_id, asset_id, value) values (90, 9, 5, 'Snapdragon750GProcessor');
insert into tagvalue (id, tag_id, asset_id, value) values (91, 10, 5, '12');
insert into asset (id,name) values (6, 'SAMSUNG Galaxy F23 5G (Forest Green, 128 GB)');
insert into tagvalue (id, tag_id, asset_id, value) values (101, 1, 6, 'SAMSUNG Galaxy F23 5G (Forest Green, 128 GB)');
insert into tagvalue (id, tag_id, asset_id, value) values (102, 1, 6, '4.3');
insert into tagvalue (id, tag_id, asset_id, value) values (103, 2, 6, '15499');
insert into tagvalue (id, tag_id, asset_id, value) values (104, 3, 6, 'https://rukminim2.flixcart.com/image/312/312/xif0q/mobile/o/p/z/-original-imagcg22pf79cgau.jpeg?q=70');
insert into tagvalue (id, tag_id, asset_id, value) values (105, 4, 6, '50');
insert into tagvalue (id, tag_id, asset_id, value) values (106, 5, 6, 'other_types');
insert into tagvalue (id, tag_id, asset_id, value) values (107, 6, 6, '5000');
insert into tagvalue (id, tag_id, asset_id, value) values (108, 7, 6, '128');
insert into tagvalue (id, tag_id, asset_id, value) values (109, 8, 6, '6');
insert into tagvalue (id, tag_id, asset_id, value) values (110, 9, 6, 'Snapdragon750GProcessor');
insert into tagvalue (id, tag_id, asset_id, value) values (111, 10, 6, '12');
insert into asset (id,name) values (7, 'SAMSUNG Galaxy F04 (Jade Purple, 64 GB)');
insert into tagvalue (id, tag_id, asset_id, value) values (121, 1, 7, 'SAMSUNG Galaxy F04 (Jade Purple, 64 GB)');
insert into tagvalue (id, tag_id, asset_id, value) values (122, 1, 7, '4.2');
insert into tagvalue (id, tag_id, asset_id, value) values (123, 2, 7, '6999');
insert into tagvalue (id, tag_id, asset_id, value) values (124, 3, 7, 'https://rukminim2.flixcart.com/image/312/312/xif0q/mobile/7/p/9/-original-imaghgbyypzkzvud.jpeg?q=70');
insert into tagvalue (id, tag_id, asset_id, value) values (125, 4, 7, '13');
insert into tagvalue (id, tag_id, asset_id, value) values (126, 5, 7, 'LCD');
insert into tagvalue (id, tag_id, asset_id, value) values (127, 6, 7, '5000');
insert into tagvalue (id, tag_id, asset_id, value) values (128, 7, 7, '64');
insert into tagvalue (id, tag_id, asset_id, value) values (129, 8, 7, '4');
insert into tagvalue (id, tag_id, asset_id, value) values (130, 9, 7, 'not mentioned');
insert into tagvalue (id, tag_id, asset_id, value) values (131, 10, 7, '12');
insert into asset (id,name) values (8, 'SAMSUNG Galaxy F04 (Opal Green, 64 GB)');
insert into tagvalue (id, tag_id, asset_id, value) values (141, 1, 8, 'SAMSUNG Galaxy F04 (Opal Green, 64 GB)');
insert into tagvalue (id, tag_id, asset_id, value) values (142, 1, 8, '4.2');
insert into tagvalue (id, tag_id, asset_id, value) values (143, 2, 8, '6999');
insert into tagvalue (id, tag_id, asset_id, value) values (144, 3, 8, 'https://rukminim2.flixcart.com/image/312/312/xif0q/mobile/w/d/o/-original-imaghgbyhy6banxv.jpeg?q=70');
insert into tagvalue (id, tag_id, asset_id, value) values (145, 4, 8, '13');
insert into tagvalue (id, tag_id, asset_id, value) values (146, 5, 8, 'LCD');
insert into tagvalue (id, tag_id, asset_id, value) values (147, 6, 8, '5000');
insert into tagvalue (id, tag_id, asset_id, value) values (148, 7, 8, '64');
insert into tagvalue (id, tag_id, asset_id, value) values (149, 8, 8, '4');
insert into tagvalue (id, tag_id, asset_id, value) values (150, 9, 8, 'not mentioned');
insert into tagvalue (id, tag_id, asset_id, value) values (151, 10, 8, '12');
insert into asset (id,name) values (9, 'SAMSUNG Galaxy F14 5G (GOAT Green, 128 GB)');
insert into tagvalue (id, tag_id, asset_id, value) values (161, 1, 9, 'SAMSUNG Galaxy F14 5G (GOAT Green, 128 GB)');
insert into tagvalue (id, tag_id, asset_id, value) values (162, 1, 9, '4.2');
insert into tagvalue (id, tag_id, asset_id, value) values (163, 2, 9, '13990');
insert into tagvalue (id, tag_id, asset_id, value) values (164, 3, 9, 'https://rukminim2.flixcart.com/image/312/312/xif0q/mobile/j/i/k/galaxy-f14-5g-sm-e146bzggins-samsung-original-imagnzdkprfwj9hv.jpeg?q=70');
insert into tagvalue (id, tag_id, asset_id, value) values (165, 4, 9, '50');
insert into tagvalue (id, tag_id, asset_id, value) values (166, 5, 9, 'LCD');
insert into tagvalue (id, tag_id, asset_id, value) values (167, 6, 9, '6000');
insert into tagvalue (id, tag_id, asset_id, value) values (168, 7, 9, '128');
insert into tagvalue (id, tag_id, asset_id, value) values (169, 8, 9, '6');
insert into tagvalue (id, tag_id, asset_id, value) values (170, 9, 9, 'not mentioned');
insert into tagvalue (id, tag_id, asset_id, value) values (171, 10, 9, '13');
insert into asset (id,name) values (10, 'SAMSUNG Galaxy F23 5G (Copper Blush, 128 GB)');
insert into tagvalue (id, tag_id, asset_id, value) values (181, 1, 10, 'SAMSUNG Galaxy F23 5G (Copper Blush, 128 GB)');
insert into tagvalue (id, tag_id, asset_id, value) values (182, 1, 10, '4.3');
insert into tagvalue (id, tag_id, asset_id, value) values (183, 2, 10, '15499');
insert into tagvalue (id, tag_id, asset_id, value) values (184, 3, 10, 'https://rukminim2.flixcart.com/image/312/312/xif0q/mobile/f/c/v/-original-imagehzbaw2wugme.jpeg?q=70');
insert into tagvalue (id, tag_id, asset_id, value) values (185, 4, 10, '50');
insert into tagvalue (id, tag_id, asset_id, value) values (186, 5, 10, 'other_types');
insert into tagvalue (id, tag_id, asset_id, value) values (187, 6, 10, '5000');
insert into tagvalue (id, tag_id, asset_id, value) values (188, 7, 10, '128');
insert into tagvalue (id, tag_id, asset_id, value) values (189, 8, 10, '6');
insert into tagvalue (id, tag_id, asset_id, value) values (190, 9, 10, 'Snapdragon750GProcessor');
insert into tagvalue (id, tag_id, asset_id, value) values (191, 10, 10, '12');
insert into asset (id,name) values (11, 'SAMSUNG Galaxy F14 5G (OMG Black, 128 GB)');
insert into tagvalue (id, tag_id, asset_id, value) values (201, 1, 11, 'SAMSUNG Galaxy F14 5G (OMG Black, 128 GB)');
insert into tagvalue (id, tag_id, asset_id, value) values (202, 1, 11, '4.2');
insert into tagvalue (id, tag_id, asset_id, value) values (203, 2, 11, '13990');
insert into tagvalue (id, tag_id, asset_id, value) values (204, 3, 11, 'https://rukminim2.flixcart.com/image/312/312/xif0q/mobile/j/b/r/galaxy-f14-5g-sm-e146bzkhins-samsung-original-imagnzdkvrt2sxrq.jpeg?q=70');
insert into tagvalue (id, tag_id, asset_id, value) values (205, 4, 11, '50');
insert into tagvalue (id, tag_id, asset_id, value) values (206, 5, 11, 'LCD');
insert into tagvalue (id, tag_id, asset_id, value) values (207, 6, 11, '6000');
insert into tagvalue (id, tag_id, asset_id, value) values (208, 7, 11, '128');
insert into tagvalue (id, tag_id, asset_id, value) values (209, 8, 11, '6');
insert into tagvalue (id, tag_id, asset_id, value) values (210, 9, 11, 'not mentioned');
insert into tagvalue (id, tag_id, asset_id, value) values (211, 10, 11, '13');
insert into asset (id,name) values (12, 'SAMSUNG Galaxy M04 (Dark Blue, 64 GB)');
insert into tagvalue (id, tag_id, asset_id, value) values (221, 1, 12, 'SAMSUNG Galaxy M04 (Dark Blue, 64 GB)');
insert into tagvalue (id, tag_id, asset_id, value) values (222, 1, 12, '4.1');
insert into tagvalue (id, tag_id, asset_id, value) values (223, 2, 12, '8093');
insert into tagvalue (id, tag_id, asset_id, value) values (224, 3, 12, 'https://rukminim2.flixcart.com/image/312/312/xif0q/mobile/9/n/h/galaxy-m04-sm-m045f-samsung-original-imagh8ghfyxznzyu.jpeg?q=70');
insert into tagvalue (id, tag_id, asset_id, value) values (225, 4, 12, '13');
insert into tagvalue (id, tag_id, asset_id, value) values (226, 5, 12, 'other_types');
insert into tagvalue (id, tag_id, asset_id, value) values (227, 6, 12, '5000');
insert into tagvalue (id, tag_id, asset_id, value) values (228, 7, 12, '64');
insert into tagvalue (id, tag_id, asset_id, value) values (229, 8, 12, '4');
insert into tagvalue (id, tag_id, asset_id, value) values (230, 9, 12, 'Heilo35P');
insert into tagvalue (id, tag_id, asset_id, value) values (231, 10, 12, '12');
insert into asset (id,name) values (13, 'SAMSUNG Galaxy F13 (Waterfall Blue, 64 GB)');
insert into tagvalue (id, tag_id, asset_id, value) values (241, 1, 13, 'SAMSUNG Galaxy F13 (Waterfall Blue, 64 GB)');
insert into tagvalue (id, tag_id, asset_id, value) values (242, 1, 13, '4.3');
insert into tagvalue (id, tag_id, asset_id, value) values (243, 2, 13, '9499');
insert into tagvalue (id, tag_id, asset_id, value) values (244, 3, 13, 'https://rukminim2.flixcart.com/image/312/312/xif0q/mobile/0/8/4/-original-imagfhu75eupxyft.jpeg?q=70');
insert into tagvalue (id, tag_id, asset_id, value) values (245, 4, 13, '50');
insert into tagvalue (id, tag_id, asset_id, value) values (246, 5, 13, 'other_types');
insert into tagvalue (id, tag_id, asset_id, value) values (247, 6, 13, '6000');
insert into tagvalue (id, tag_id, asset_id, value) values (248, 7, 13, '64');
insert into tagvalue (id, tag_id, asset_id, value) values (249, 8, 13, '4');
insert into tagvalue (id, tag_id, asset_id, value) values (250, 9, 13, 'not mentioned');
insert into tagvalue (id, tag_id, asset_id, value) values (251, 10, 13, '12');
insert into asset (id,name) values (14, 'SAMSUNG Galaxy M04 (Light Green, 64 GB)');
insert into tagvalue (id, tag_id, asset_id, value) values (261, 1, 14, 'SAMSUNG Galaxy M04 (Light Green, 64 GB)');
insert into tagvalue (id, tag_id, asset_id, value) values (262, 1, 14, '4.1');
insert into tagvalue (id, tag_id, asset_id, value) values (263, 2, 14, '8185');
insert into tagvalue (id, tag_id, asset_id, value) values (264, 3, 14, 'https://rukminim2.flixcart.com/image/312/312/xif0q/mobile/h/f/y/galaxy-m04-sm-m045f-samsung-original-imagh799vffkjf8t.jpeg?q=70');
insert into tagvalue (id, tag_id, asset_id, value) values (265, 4, 14, '13');
insert into tagvalue (id, tag_id, asset_id, value) values (266, 5, 14, 'other_types');
insert into tagvalue (id, tag_id, asset_id, value) values (267, 6, 14, '5000');
insert into tagvalue (id, tag_id, asset_id, value) values (268, 7, 14, '64');
insert into tagvalue (id, tag_id, asset_id, value) values (269, 8, 14, '4');
insert into tagvalue (id, tag_id, asset_id, value) values (270, 9, 14, 'Heilo35P');
insert into tagvalue (id, tag_id, asset_id, value) values (271, 10, 14, '12');
insert into asset (id,name) values (15, 'SAMSUNG Galaxy F14 5G (GOAT Green, 128 GB)');
insert into tagvalue (id, tag_id, asset_id, value) values (281, 1, 15, 'SAMSUNG Galaxy F14 5G (GOAT Green, 128 GB)');
insert into tagvalue (id, tag_id, asset_id, value) values (282, 1, 15, '4.2');
insert into tagvalue (id, tag_id, asset_id, value) values (283, 2, 15, '12990');
insert into tagvalue (id, tag_id, asset_id, value) values (284, 3, 15, 'https://rukminim2.flixcart.com/image/312/312/xif0q/mobile/j/i/k/galaxy-f14-5g-sm-e146bzggins-samsung-original-imagnzdkprfwj9hv.jpeg?q=70');
insert into tagvalue (id, tag_id, asset_id, value) values (285, 4, 15, '50');
insert into tagvalue (id, tag_id, asset_id, value) values (286, 5, 15, 'LCD');
insert into tagvalue (id, tag_id, asset_id, value) values (287, 6, 15, '6000');
insert into tagvalue (id, tag_id, asset_id, value) values (288, 7, 15, '128');
insert into tagvalue (id, tag_id, asset_id, value) values (289, 8, 15, '4');
insert into tagvalue (id, tag_id, asset_id, value) values (290, 9, 15, 'not mentioned');
insert into tagvalue (id, tag_id, asset_id, value) values (291, 10, 15, '13');
insert into asset (id,name) values (16, 'SAMSUNG Galaxy F14 5G (OMG Black, 128 GB)');
insert into tagvalue (id, tag_id, asset_id, value) values (301, 1, 16, 'SAMSUNG Galaxy F14 5G (OMG Black, 128 GB)');
insert into tagvalue (id, tag_id, asset_id, value) values (302, 1, 16, '4.2');
insert into tagvalue (id, tag_id, asset_id, value) values (303, 2, 16, '12990');
insert into tagvalue (id, tag_id, asset_id, value) values (304, 3, 16, 'https://rukminim2.flixcart.com/image/312/312/xif0q/mobile/j/b/r/galaxy-f14-5g-sm-e146bzkhins-samsung-original-imagnzdkvrt2sxrq.jpeg?q=70');
insert into tagvalue (id, tag_id, asset_id, value) values (305, 4, 16, '50');
insert into tagvalue (id, tag_id, asset_id, value) values (306, 5, 16, 'LCD');
insert into tagvalue (id, tag_id, asset_id, value) values (307, 6, 16, '6000');
insert into tagvalue (id, tag_id, asset_id, value) values (308, 7, 16, '128');
insert into tagvalue (id, tag_id, asset_id, value) values (309, 8, 16, '4');
insert into tagvalue (id, tag_id, asset_id, value) values (310, 9, 16, 'not mentioned');
insert into tagvalue (id, tag_id, asset_id, value) values (311, 10, 16, '13');
insert into asset (id,name) values (17, 'SAMSUNG Galaxy F13 (Nightsky Green, 64 GB)');
insert into tagvalue (id, tag_id, asset_id, value) values (321, 1, 17, 'SAMSUNG Galaxy F13 (Nightsky Green, 64 GB)');
insert into tagvalue (id, tag_id, asset_id, value) values (322, 1, 17, '4.3');
insert into tagvalue (id, tag_id, asset_id, value) values (323, 2, 17, '9499');
insert into tagvalue (id, tag_id, asset_id, value) values (324, 3, 17, 'https://rukminim2.flixcart.com/image/312/312/xif0q/mobile/a/i/v/-original-imagfhu6bdzhnmkz.jpeg?q=70');
insert into tagvalue (id, tag_id, asset_id, value) values (325, 4, 17, '50');
insert into tagvalue (id, tag_id, asset_id, value) values (326, 5, 17, 'other_types');
insert into tagvalue (id, tag_id, asset_id, value) values (327, 6, 17, '6000');
insert into tagvalue (id, tag_id, asset_id, value) values (328, 7, 17, '64');
insert into tagvalue (id, tag_id, asset_id, value) values (329, 8, 17, '4');
insert into tagvalue (id, tag_id, asset_id, value) values (330, 9, 17, 'not mentioned');
insert into tagvalue (id, tag_id, asset_id, value) values (331, 10, 17, '12');
insert into asset (id,name) values (18, 'SAMSUNG Galaxy M33 5G (Mystique Green, 128 GB)');
insert into tagvalue (id, tag_id, asset_id, value) values (341, 1, 18, 'SAMSUNG Galaxy M33 5G (Mystique Green, 128 GB)');
insert into tagvalue (id, tag_id, asset_id, value) values (342, 1, 18, '4.2');
insert into tagvalue (id, tag_id, asset_id, value) values (343, 2, 18, '16479');
insert into tagvalue (id, tag_id, asset_id, value) values (344, 3, 18, 'https://rukminim2.flixcart.com/image/312/312/xif0q/mobile/c/3/d/-original-imagdc8mjnhxbgxj.jpeg?q=70');
insert into tagvalue (id, tag_id, asset_id, value) values (345, 4, 18, '50');
insert into tagvalue (id, tag_id, asset_id, value) values (346, 5, 18, 'other_types');
insert into tagvalue (id, tag_id, asset_id, value) values (347, 6, 18, '6000');
insert into tagvalue (id, tag_id, asset_id, value) values (348, 7, 18, '128');
insert into tagvalue (id, tag_id, asset_id, value) values (349, 8, 18, '6');
insert into tagvalue (id, tag_id, asset_id, value) values (350, 9, 18, 'not mentioned');
insert into tagvalue (id, tag_id, asset_id, value) values (351, 10, 18, '13');
insert into asset (id,name) values (19, 'SAMSUNG Galaxy F14 5G (B.A.E. Purple, 128 GB)');
insert into tagvalue (id, tag_id, asset_id, value) values (361, 1, 19, 'SAMSUNG Galaxy F14 5G (B.A.E. Purple, 128 GB)');
insert into tagvalue (id, tag_id, asset_id, value) values (362, 1, 19, '4.2');
insert into tagvalue (id, tag_id, asset_id, value) values (363, 2, 19, '13990');
insert into tagvalue (id, tag_id, asset_id, value) values (364, 3, 19, 'https://rukminim2.flixcart.com/image/312/312/xif0q/mobile/e/0/c/galaxy-f14-5g-sm-e146blvgins-samsung-original-imagnzdkxyfqhd6r.jpeg?q=70');
insert into tagvalue (id, tag_id, asset_id, value) values (365, 4, 19, '13');
insert into tagvalue (id, tag_id, asset_id, value) values (366, 5, 19, 'LCD');
insert into tagvalue (id, tag_id, asset_id, value) values (367, 6, 19, '6000');
insert into tagvalue (id, tag_id, asset_id, value) values (368, 7, 19, '128');
insert into tagvalue (id, tag_id, asset_id, value) values (369, 8, 19, '6');
insert into tagvalue (id, tag_id, asset_id, value) values (370, 9, 19, 'Heilo35P');
insert into tagvalue (id, tag_id, asset_id, value) values (371, 10, 19, '12');
insert into asset (id,name) values (20, 'SAMSUNG Galaxy M04 (Light Green, 128 GB)');
insert into tagvalue (id, tag_id, asset_id, value) values (381, 1, 20, 'SAMSUNG Galaxy M04 (Light Green, 128 GB)');
insert into tagvalue (id, tag_id, asset_id, value) values (382, 1, 20, '4.1');
insert into tagvalue (id, tag_id, asset_id, value) values (383, 2, 20, '9320');
insert into tagvalue (id, tag_id, asset_id, value) values (384, 3, 20, 'https://rukminim2.flixcart.com/image/312/312/xif0q/mobile/v/y/b/galaxy-m04-sm-m045f-samsung-original-imagmazrn5szgza8.jpeg?q=70');
insert into tagvalue (id, tag_id, asset_id, value) values (385, 4, 20, '50');
insert into tagvalue (id, tag_id, asset_id, value) values (386, 5, 20, 'other_types');
insert into tagvalue (id, tag_id, asset_id, value) values (387, 6, 20, '5000');
insert into tagvalue (id, tag_id, asset_id, value) values (388, 7, 20, '128');
insert into tagvalue (id, tag_id, asset_id, value) values (389, 8, 20, '4');
insert into tagvalue (id, tag_id, asset_id, value) values (390, 9, 20, 'not mentioned');
insert into tagvalue (id, tag_id, asset_id, value) values (391, 10, 20, '12');
insert into asset (id,name) values (21, 'SAMSUNG Galaxy M13 (Aqua Green, 128 GB)');
insert into tagvalue (id, tag_id, asset_id, value) values (401, 1, 21, 'SAMSUNG Galaxy M13 (Aqua Green, 128 GB)');
insert into tagvalue (id, tag_id, asset_id, value) values (402, 1, 21, '4.2');
insert into tagvalue (id, tag_id, asset_id, value) values (403, 2, 21, '13999');
insert into tagvalue (id, tag_id, asset_id, value) values (404, 3, 21, 'https://rukminim2.flixcart.com/image/312/312/xif0q/mobile/a/0/o/-original-imagghc2rfwf6q9j.jpeg?q=70');
insert into tagvalue (id, tag_id, asset_id, value) values (405, 4, 21, '0');
insert into tagvalue (id, tag_id, asset_id, value) values (406, 5, 21, 'other_types');
insert into tagvalue (id, tag_id, asset_id, value) values (407, 6, 21, '6000');
insert into tagvalue (id, tag_id, asset_id, value) values (408, 7, 21, '128');
insert into tagvalue (id, tag_id, asset_id, value) values (409, 8, 21, '6');
insert into tagvalue (id, tag_id, asset_id, value) values (410, 9, 21, 'not mentioned');
insert into tagvalue (id, tag_id, asset_id, value) values (411, 10, 21, '13');
insert into asset (id,name) values (22, 'SAMSUNG GALAXY M13 5G (Midnight Blue, 128 GB)');
insert into tagvalue (id, tag_id, asset_id, value) values (421, 1, 22, 'SAMSUNG GALAXY M13 5G (Midnight Blue, 128 GB)');
insert into tagvalue (id, tag_id, asset_id, value) values (422, 1, 22, '4.1');
insert into tagvalue (id, tag_id, asset_id, value) values (423, 2, 22, '14235');
insert into tagvalue (id, tag_id, asset_id, value) values (424, 3, 22, 'https://rukminim2.flixcart.com/image/312/312/xif0q/mobile/v/p/7/-original-imagghcyfszjbgzp.jpeg?q=70');
insert into tagvalue (id, tag_id, asset_id, value) values (425, 4, 22, '50');
insert into tagvalue (id, tag_id, asset_id, value) values (426, 5, 22, 'other_types');
insert into tagvalue (id, tag_id, asset_id, value) values (427, 6, 22, '5000');
insert into tagvalue (id, tag_id, asset_id, value) values (428, 7, 22, '128');
insert into tagvalue (id, tag_id, asset_id, value) values (429, 8, 22, '6');
insert into tagvalue (id, tag_id, asset_id, value) values (430, 9, 22, 'not mentioned');
insert into tagvalue (id, tag_id, asset_id, value) values (431, 10, 22, '12');
insert into asset (id,name) values (23, 'SAMSUNG Galaxy M33 5G (Mystique Green, 128 GB)');
insert into tagvalue (id, tag_id, asset_id, value) values (441, 1, 23, 'SAMSUNG Galaxy M33 5G (Mystique Green, 128 GB)');
insert into tagvalue (id, tag_id, asset_id, value) values (442, 1, 23, '4.2');
insert into tagvalue (id, tag_id, asset_id, value) values (443, 2, 23, '16479');
insert into tagvalue (id, tag_id, asset_id, value) values (444, 3, 23, 'https://rukminim2.flixcart.com/image/312/312/xif0q/mobile/c/3/d/-original-imagdc8mjnhxbgxj.jpeg?q=70');
insert into tagvalue (id, tag_id, asset_id, value) values (445, 4, 23, '50');
insert into tagvalue (id, tag_id, asset_id, value) values (446, 5, 23, 'other_types');
insert into tagvalue (id, tag_id, asset_id, value) values (447, 6, 23, '6000');
insert into tagvalue (id, tag_id, asset_id, value) values (448, 7, 23, '128');
insert into tagvalue (id, tag_id, asset_id, value) values (449, 8, 23, '6');
insert into tagvalue (id, tag_id, asset_id, value) values (450, 9, 23, 'not mentioned');
insert into tagvalue (id, tag_id, asset_id, value) values (451, 10, 23, '1');
insert into asset (id,name) values (24, 'SAMSUNG GALAXY M13 (Aqua Green, 64 GB)');
insert into tagvalue (id, tag_id, asset_id, value) values (461, 1, 24, 'SAMSUNG GALAXY M13 (Aqua Green, 64 GB)');
insert into tagvalue (id, tag_id, asset_id, value) values (462, 1, 24, '4.2');
insert into tagvalue (id, tag_id, asset_id, value) values (463, 2, 24, '11195');
insert into tagvalue (id, tag_id, asset_id, value) values (464, 3, 24, 'https://rukminim2.flixcart.com/image/312/312/xif0q/mobile/2/p/g/-original-imagkn6dk4pbcf4d.jpeg?q=70');
insert into tagvalue (id, tag_id, asset_id, value) values (465, 4, 24, '50');
insert into tagvalue (id, tag_id, asset_id, value) values (466, 5, 24, 'other_types');
insert into tagvalue (id, tag_id, asset_id, value) values (467, 6, 24, '6000');
insert into tagvalue (id, tag_id, asset_id, value) values (468, 7, 24, '64');
insert into tagvalue (id, tag_id, asset_id, value) values (469, 8, 24, '4');
insert into tagvalue (id, tag_id, asset_id, value) values (470, 9, 24, 'not mentioned');
insert into tagvalue (id, tag_id, asset_id, value) values (471, 10, 24, '12');
insert into asset (id,name) values (25, 'SAMSUNG GALAXY M13 (Midnight Blue, 128 GB)');
insert into tagvalue (id, tag_id, asset_id, value) values (481, 1, 25, 'SAMSUNG GALAXY M13 (Midnight Blue, 128 GB)');
insert into tagvalue (id, tag_id, asset_id, value) values (482, 1, 25, '4.2');
insert into tagvalue (id, tag_id, asset_id, value) values (483, 2, 25, '12879');
insert into tagvalue (id, tag_id, asset_id, value) values (484, 3, 25, 'https://rukminim2.flixcart.com/image/312/312/xif0q/mobile/n/r/8/-original-imagghcfsdbuemmd.jpeg?q=70');
insert into tagvalue (id, tag_id, asset_id, value) values (485, 4, 25, '50');
insert into tagvalue (id, tag_id, asset_id, value) values (486, 5, 25, 'other_types');
insert into tagvalue (id, tag_id, asset_id, value) values (487, 6, 25, '6000');
insert into tagvalue (id, tag_id, asset_id, value) values (488, 7, 25, '128');
insert into tagvalue (id, tag_id, asset_id, value) values (489, 8, 25, '6');
insert into tagvalue (id, tag_id, asset_id, value) values (490, 9, 25, 'not mentioned');
insert into tagvalue (id, tag_id, asset_id, value) values (491, 10, 25, '12');
insert into asset (id,name) values (26, 'SAMSUNG Galaxy M33 5G (Emerald Brown, 128 GB)');
insert into tagvalue (id, tag_id, asset_id, value) values (501, 1, 26, 'SAMSUNG Galaxy M33 5G (Emerald Brown, 128 GB)');
insert into tagvalue (id, tag_id, asset_id, value) values (502, 1, 26, '4.2');
insert into tagvalue (id, tag_id, asset_id, value) values (503, 2, 26, '17678');
insert into tagvalue (id, tag_id, asset_id, value) values (504, 3, 26, 'https://rukminim2.flixcart.com/image/312/312/xif0q/mobile/2/j/q/-original-imagge7hrnffunna.jpeg?q=70');
insert into tagvalue (id, tag_id, asset_id, value) values (505, 4, 26, '50');
insert into tagvalue (id, tag_id, asset_id, value) values (506, 5, 26, 'other_types');
insert into tagvalue (id, tag_id, asset_id, value) values (507, 6, 26, '6000');
insert into tagvalue (id, tag_id, asset_id, value) values (508, 7, 26, '128');
insert into tagvalue (id, tag_id, asset_id, value) values (509, 8, 26, '8');
insert into tagvalue (id, tag_id, asset_id, value) values (510, 9, 26, 'Heilo35P');
insert into tagvalue (id, tag_id, asset_id, value) values (511, 10, 26, '12');
insert into asset (id,name) values (27, 'SAMSUNG Galaxy M04 (Dark Blue, 128 GB)');
insert into tagvalue (id, tag_id, asset_id, value) values (521, 1, 27, 'SAMSUNG Galaxy M04 (Dark Blue, 128 GB)');
insert into tagvalue (id, tag_id, asset_id, value) values (522, 1, 27, '4.1');
insert into tagvalue (id, tag_id, asset_id, value) values (523, 2, 27, '10470');
insert into tagvalue (id, tag_id, asset_id, value) values (524, 3, 27, 'https://rukminim2.flixcart.com/image/312/312/xif0q/mobile/9/n/h/galaxy-m04-sm-m045f-samsung-original-imagh8ghfyxznzyu.jpeg?q=70');
insert into tagvalue (id, tag_id, asset_id, value) values (525, 4, 27, '13');
insert into tagvalue (id, tag_id, asset_id, value) values (526, 5, 27, 'other_types');
insert into tagvalue (id, tag_id, asset_id, value) values (527, 6, 27, '5000');
insert into tagvalue (id, tag_id, asset_id, value) values (528, 7, 27, '128');
insert into tagvalue (id, tag_id, asset_id, value) values (529, 8, 27, '4');
insert into tagvalue (id, tag_id, asset_id, value) values (530, 9, 27, 'not mentioned');
insert into tagvalue (id, tag_id, asset_id, value) values (531, 10, 27, '12');
insert into asset (id,name) values (28, 'SAMSUNG GALAXY M13 (Midnight Blue, 64 GB)');
insert into tagvalue (id, tag_id, asset_id, value) values (541, 1, 28, 'SAMSUNG GALAXY M13 (Midnight Blue, 64 GB)');
insert into tagvalue (id, tag_id, asset_id, value) values (542, 1, 28, '4.2');
insert into tagvalue (id, tag_id, asset_id, value) values (543, 2, 28, '11199');
insert into tagvalue (id, tag_id, asset_id, value) values (544, 3, 28, 'https://rukminim2.flixcart.com/image/312/312/xif0q/mobile/n/r/8/-original-imagghcfsdbuemmd.jpeg?q=70');
insert into tagvalue (id, tag_id, asset_id, value) values (545, 4, 28, '50');
insert into tagvalue (id, tag_id, asset_id, value) values (546, 5, 28, 'other_types');
insert into tagvalue (id, tag_id, asset_id, value) values (547, 6, 28, '6000');
insert into tagvalue (id, tag_id, asset_id, value) values (548, 7, 28, '64');
insert into tagvalue (id, tag_id, asset_id, value) values (549, 8, 28, '4');
insert into tagvalue (id, tag_id, asset_id, value) values (550, 9, 28, 'not mentioned');
insert into tagvalue (id, tag_id, asset_id, value) values (551, 10, 28, '12');
insert into asset (id,name) values (29, 'SAMSUNG Galaxy M33 5G (Deep Ocean Blue, 128 GB)');
insert into tagvalue (id, tag_id, asset_id, value) values (561, 1, 29, 'SAMSUNG Galaxy M33 5G (Deep Ocean Blue, 128 GB)');
insert into tagvalue (id, tag_id, asset_id, value) values (562, 1, 29, '4.2');
insert into tagvalue (id, tag_id, asset_id, value) values (563, 2, 29, '16899');
insert into tagvalue (id, tag_id, asset_id, value) values (564, 3, 29, 'https://rukminim2.flixcart.com/image/312/312/xif0q/mobile/o/w/a/-original-imagdc87gdyremd3.jpeg?q=70');
insert into tagvalue (id, tag_id, asset_id, value) values (565, 4, 29, '50');
insert into tagvalue (id, tag_id, asset_id, value) values (566, 5, 29, 'other_types');
insert into tagvalue (id, tag_id, asset_id, value) values (567, 6, 29, '6000');
insert into tagvalue (id, tag_id, asset_id, value) values (568, 7, 29, '128');
insert into tagvalue (id, tag_id, asset_id, value) values (569, 8, 29, '6');
insert into tagvalue (id, tag_id, asset_id, value) values (570, 9, 29, 'not mentioned');
insert into tagvalue (id, tag_id, asset_id, value) values (571, 10, 29, '12');
insert into asset (id,name) values (30, 'SAMSUNG Galaxy A23 (Black, 128 GB)');
insert into tagvalue (id, tag_id, asset_id, value) values (581, 1, 30, 'SAMSUNG Galaxy A23 (Black, 128 GB)');
insert into tagvalue (id, tag_id, asset_id, value) values (582, 1, 30, '4.2');
insert into tagvalue (id, tag_id, asset_id, value) values (583, 2, 30, '17499');
insert into tagvalue (id, tag_id, asset_id, value) values (584, 3, 30, 'https://rukminim2.flixcart.com/image/312/312/l19m93k0/mobile/s/g/h/-original-imagcv8jdxumgvxy.jpeg?q=70');
insert into tagvalue (id, tag_id, asset_id, value) values (585, 4, 30, '50');
insert into tagvalue (id, tag_id, asset_id, value) values (586, 5, 30, 'other_types');
insert into tagvalue (id, tag_id, asset_id, value) values (587, 6, 30, '5000');
insert into tagvalue (id, tag_id, asset_id, value) values (588, 7, 30, '128');
insert into tagvalue (id, tag_id, asset_id, value) values (589, 8, 30, '6');
insert into tagvalue (id, tag_id, asset_id, value) values (590, 9, 30, 'not mentioned');
insert into tagvalue (id, tag_id, asset_id, value) values (591, 10, 30, '12');
insert into asset (id,name) values (31, 'SAMSUNG Galaxy S20 FE 5G (Cloud Mint, 128 GB)');
insert into tagvalue (id, tag_id, asset_id, value) values (601, 1, 31, 'SAMSUNG Galaxy S20 FE 5G (Cloud Mint, 128 GB)');
insert into tagvalue (id, tag_id, asset_id, value) values (602, 1, 31, '4.2');
insert into tagvalue (id, tag_id, asset_id, value) values (603, 2, 31, '27585');
insert into tagvalue (id, tag_id, asset_id, value) values (604, 3, 31, 'https://rukminim2.flixcart.com/image/312/312/kg15ocw0/mobile/f/q/g/samsung-galaxy-s20-fe-sm-g780fzgnins-original-imafwd2jzgfdejgc.jpeg?q=70');
insert into tagvalue (id, tag_id, asset_id, value) values (605, 4, 31, '50');
insert into tagvalue (id, tag_id, asset_id, value) values (606, 5, 31, 'other_types');
insert into tagvalue (id, tag_id, asset_id, value) values (607, 6, 31, '4500');
insert into tagvalue (id, tag_id, asset_id, value) values (608, 7, 31, '128');
insert into tagvalue (id, tag_id, asset_id, value) values (609, 8, 31, '8');
insert into tagvalue (id, tag_id, asset_id, value) values (610, 9, 31, 'not mentioned');
insert into tagvalue (id, tag_id, asset_id, value) values (611, 10, 31, '12');
insert into asset (id,name) values (32, 'SAMSUNG GALAXY M13 5G (Stardust Brown, 64 GB)');
insert into tagvalue (id, tag_id, asset_id, value) values (621, 1, 32, 'SAMSUNG GALAXY M13 5G (Stardust Brown, 64 GB)');
insert into tagvalue (id, tag_id, asset_id, value) values (622, 1, 32, '4.1');
insert into tagvalue (id, tag_id, asset_id, value) values (623, 2, 32, '12830');
insert into tagvalue (id, tag_id, asset_id, value) values (624, 3, 32, 'https://rukminim2.flixcart.com/image/312/312/xif0q/mobile/j/6/n/-original-imagghbz5jffndyy.jpeg?q=70');
insert into tagvalue (id, tag_id, asset_id, value) values (625, 4, 32, '48');
insert into tagvalue (id, tag_id, asset_id, value) values (626, 5, 32, 'other_types');
insert into tagvalue (id, tag_id, asset_id, value) values (627, 6, 32, '5000');
insert into tagvalue (id, tag_id, asset_id, value) values (628, 7, 32, '64');
insert into tagvalue (id, tag_id, asset_id, value) values (629, 8, 32, '4');
insert into tagvalue (id, tag_id, asset_id, value) values (630, 9, 32, 'Dimensity1080,');
insert into tagvalue (id, tag_id, asset_id, value) values (631, 10, 32, '13');
insert into asset (id,name) values (33, 'SAMSUNG GALAXY M13 (Midnight Blue, 64 GB)');
insert into tagvalue (id, tag_id, asset_id, value) values (641, 1, 33, 'SAMSUNG GALAXY M13 (Midnight Blue, 64 GB)');
insert into tagvalue (id, tag_id, asset_id, value) values (642, 1, 33, '4.2');
insert into tagvalue (id, tag_id, asset_id, value) values (643, 2, 33, '11599');
insert into tagvalue (id, tag_id, asset_id, value) values (644, 3, 33, 'https://rukminim2.flixcart.com/image/312/312/xif0q/mobile/n/r/8/-original-imagghcfsdbuemmd.jpeg?q=70');
insert into tagvalue (id, tag_id, asset_id, value) values (645, 4, 33, '48');
insert into tagvalue (id, tag_id, asset_id, value) values (646, 5, 33, 'other_types');
insert into tagvalue (id, tag_id, asset_id, value) values (647, 6, 33, '6000');
insert into tagvalue (id, tag_id, asset_id, value) values (648, 7, 33, '64');
insert into tagvalue (id, tag_id, asset_id, value) values (649, 8, 33, '4');
insert into tagvalue (id, tag_id, asset_id, value) values (650, 9, 33, 'Dimensity1080,');
insert into tagvalue (id, tag_id, asset_id, value) values (651, 10, 33, '13');
insert into asset (id,name) values (34, 'SAMSUNG Galaxy S21 FE 5G (Graphite, 128 GB)');
insert into tagvalue (id, tag_id, asset_id, value) values (661, 1, 34, 'SAMSUNG Galaxy S21 FE 5G (Graphite, 128 GB)');
insert into tagvalue (id, tag_id, asset_id, value) values (662, 1, 34, '4.3');
insert into tagvalue (id, tag_id, asset_id, value) values (663, 2, 34, '31999');
insert into tagvalue (id, tag_id, asset_id, value) values (664, 3, 34, 'https://rukminim2.flixcart.com/image/312/312/kzrbiq80/mobile/h/x/n/galaxy-s21-fe-5g-sm-g990ezaiinu-samsung-original-imagbpfzbrnueypq.jpeg?q=70');
insert into tagvalue (id, tag_id, asset_id, value) values (665, 4, 34, '32');
insert into tagvalue (id, tag_id, asset_id, value) values (666, 5, 34, 'AMOLED');
insert into tagvalue (id, tag_id, asset_id, value) values (667, 6, 34, '4500');
insert into tagvalue (id, tag_id, asset_id, value) values (668, 7, 34, '128');
insert into tagvalue (id, tag_id, asset_id, value) values (669, 8, 34, '8');
insert into tagvalue (id, tag_id, asset_id, value) values (670, 9, 34, 'not mentioned');
insert into tagvalue (id, tag_id, asset_id, value) values (671, 10, 34, '12');
insert into asset (id,name) values (35, 'SAMSUNG Galaxy S21 FE 5G (Lavender, 128 GB)');
insert into tagvalue (id, tag_id, asset_id, value) values (681, 1, 35, 'SAMSUNG Galaxy S21 FE 5G (Lavender, 128 GB)');
insert into tagvalue (id, tag_id, asset_id, value) values (682, 1, 35, '4.3');
insert into tagvalue (id, tag_id, asset_id, value) values (683, 2, 35, '31999');
insert into tagvalue (id, tag_id, asset_id, value) values (684, 3, 35, 'https://rukminim2.flixcart.com/image/312/312/kzpw2vk0/mobile/u/o/q/galaxy-s21-fe-5g-lavender-8gb-128gb-storage-sm-g990elviinu-original-imagbnbdaj3tygup.jpeg?q=70');
insert into tagvalue (id, tag_id, asset_id, value) values (685, 4, 35, '50');
insert into tagvalue (id, tag_id, asset_id, value) values (686, 5, 35, 'AMOLED');
insert into tagvalue (id, tag_id, asset_id, value) values (687, 6, 35, '4500');
insert into tagvalue (id, tag_id, asset_id, value) values (688, 7, 35, '128');
insert into tagvalue (id, tag_id, asset_id, value) values (689, 8, 35, '8');
insert into tagvalue (id, tag_id, asset_id, value) values (690, 9, 35, 'not mentioned');
insert into tagvalue (id, tag_id, asset_id, value) values (691, 10, 35, '12');
insert into asset (id,name) values (36, 'SAMSUNG GALAXY M13 5G (?Stardust Brown, 128 GB)');
insert into tagvalue (id, tag_id, asset_id, value) values (701, 1, 36, 'SAMSUNG GALAXY M13 5G (?Stardust Brown, 128 GB)');
insert into tagvalue (id, tag_id, asset_id, value) values (702, 1, 36, '4.1');
insert into tagvalue (id, tag_id, asset_id, value) values (703, 2, 36, '14298');
insert into tagvalue (id, tag_id, asset_id, value) values (704, 3, 36, 'https://rukminim2.flixcart.com/image/312/312/xif0q/mobile/j/6/n/-original-imagghbz5jffndyy.jpeg?q=70');
insert into tagvalue (id, tag_id, asset_id, value) values (705, 4, 36, '32');
insert into tagvalue (id, tag_id, asset_id, value) values (706, 5, 36, 'other_types');
insert into tagvalue (id, tag_id, asset_id, value) values (707, 6, 36, '5000');
insert into tagvalue (id, tag_id, asset_id, value) values (708, 7, 36, '128');
insert into tagvalue (id, tag_id, asset_id, value) values (709, 8, 36, '6');
insert into tagvalue (id, tag_id, asset_id, value) values (710, 9, 36, 'not mentioned');
insert into tagvalue (id, tag_id, asset_id, value) values (711, 10, 36, '12');
insert into asset (id,name) values (37, 'SAMSUNG Galaxy A34 5G (Awesome Violet, 128 GB)');
insert into tagvalue (id, tag_id, asset_id, value) values (721, 1, 37, 'SAMSUNG Galaxy A34 5G (Awesome Violet, 128 GB)');
insert into tagvalue (id, tag_id, asset_id, value) values (722, 1, 37, '4.2');
insert into tagvalue (id, tag_id, asset_id, value) values (723, 2, 37, '30999');
insert into tagvalue (id, tag_id, asset_id, value) values (724, 3, 37, 'https://rukminim2.flixcart.com/image/312/312/xif0q/mobile/7/j/y/galaxy-a34-5g-sm-a346elvcins-samsung-original-imagnpz5dhysxrgw.jpeg?q=70');
insert into tagvalue (id, tag_id, asset_id, value) values (725, 4, 37, '48');
insert into tagvalue (id, tag_id, asset_id, value) values (726, 5, 37, 'other_types');
insert into tagvalue (id, tag_id, asset_id, value) values (727, 6, 37, '5000');
insert into tagvalue (id, tag_id, asset_id, value) values (728, 7, 37, '128');
insert into tagvalue (id, tag_id, asset_id, value) values (729, 8, 37, '8');
insert into tagvalue (id, tag_id, asset_id, value) values (730, 9, 37, 'Dimensity1080,');
insert into tagvalue (id, tag_id, asset_id, value) values (731, 10, 37, '13');
insert into asset (id,name) values (38, 'SAMSUNG Galaxy S21 FE 5G (White, 128 GB)');
insert into tagvalue (id, tag_id, asset_id, value) values (741, 1, 38, 'SAMSUNG Galaxy S21 FE 5G (White, 128 GB)');
insert into tagvalue (id, tag_id, asset_id, value) values (742, 1, 38, '4.3');
insert into tagvalue (id, tag_id, asset_id, value) values (743, 2, 38, '31999');
insert into tagvalue (id, tag_id, asset_id, value) values (744, 3, 38, 'https://rukminim2.flixcart.com/image/312/312/l30hmkw0/mobile/w/j/o/galaxy-s21-fe-5g-sm-g990ewziinu-samsung-original-image8dzwv3bch4k.jpeg?q=70');
insert into tagvalue (id, tag_id, asset_id, value) values (745, 4, 38, '32');
insert into tagvalue (id, tag_id, asset_id, value) values (746, 5, 38, 'AMOLED');
insert into tagvalue (id, tag_id, asset_id, value) values (747, 6, 38, '4500');
insert into tagvalue (id, tag_id, asset_id, value) values (748, 7, 38, '128');
insert into tagvalue (id, tag_id, asset_id, value) values (749, 8, 38, '8');
insert into tagvalue (id, tag_id, asset_id, value) values (750, 9, 38, 'not mentioned');
insert into tagvalue (id, tag_id, asset_id, value) values (751, 10, 38, '12');
insert into asset (id,name) values (39, 'SAMSUNG GALAXY M13 (Stardust Brown, 128 GB)');
insert into tagvalue (id, tag_id, asset_id, value) values (761, 1, 39, 'SAMSUNG GALAXY M13 (Stardust Brown, 128 GB)');
insert into tagvalue (id, tag_id, asset_id, value) values (762, 1, 39, '4.2');
insert into tagvalue (id, tag_id, asset_id, value) values (763, 2, 39, '12894');
insert into tagvalue (id, tag_id, asset_id, value) values (764, 3, 39, 'https://rukminim2.flixcart.com/image/312/312/xif0q/mobile/d/h/f/-original-imagghcfzz2n8gxc.jpeg?q=70');
insert into tagvalue (id, tag_id, asset_id, value) values (765, 4, 39, '50');
insert into tagvalue (id, tag_id, asset_id, value) values (766, 5, 39, 'other_types');
insert into tagvalue (id, tag_id, asset_id, value) values (767, 6, 39, '6000');
insert into tagvalue (id, tag_id, asset_id, value) values (768, 7, 39, '128');
insert into tagvalue (id, tag_id, asset_id, value) values (769, 8, 39, '6');
insert into tagvalue (id, tag_id, asset_id, value) values (770, 9, 39, 'not mentioned');
insert into tagvalue (id, tag_id, asset_id, value) values (771, 10, 39, '12');
insert into asset (id,name) values (40, 'SAMSUNG Galaxy S20 FE 5G (Cloud Navy, 128 GB)');
insert into tagvalue (id, tag_id, asset_id, value) values (781, 1, 40, 'SAMSUNG Galaxy S20 FE 5G (Cloud Navy, 128 GB)');
insert into tagvalue (id, tag_id, asset_id, value) values (782, 1, 40, '4.2');
insert into tagvalue (id, tag_id, asset_id, value) values (783, 2, 40, '27440');
insert into tagvalue (id, tag_id, asset_id, value) values (784, 3, 40, 'https://rukminim2.flixcart.com/image/312/312/xif0q/mobile/a/m/w/-original-imag47fdfgmg2gnh.jpeg?q=70');
insert into tagvalue (id, tag_id, asset_id, value) values (785, 4, 40, '12');
insert into tagvalue (id, tag_id, asset_id, value) values (786, 5, 40, 'other_types');
insert into tagvalue (id, tag_id, asset_id, value) values (787, 6, 40, '4500');
insert into tagvalue (id, tag_id, asset_id, value) values (788, 7, 40, '128');
insert into tagvalue (id, tag_id, asset_id, value) values (789, 8, 40, '8');
insert into tagvalue (id, tag_id, asset_id, value) values (790, 9, 40, 'not mentioned');
insert into tagvalue (id, tag_id, asset_id, value) values (791, 10, 40, '10');
insert into asset (id,name) values (41, 'SAMSUNG Galaxy A13 (Peach, 128 GB)');
insert into tagvalue (id, tag_id, asset_id, value) values (801, 1, 41, 'SAMSUNG Galaxy A13 (Peach, 128 GB)');
insert into tagvalue (id, tag_id, asset_id, value) values (802, 1, 41, '4.2');
insert into tagvalue (id, tag_id, asset_id, value) values (803, 2, 41, '16499');
insert into tagvalue (id, tag_id, asset_id, value) values (804, 3, 41, 'https://rukminim2.flixcart.com/image/312/312/l19m93k0/mobile/w/g/x/-original-imagcv74zmfuu3cx.jpeg?q=70');
insert into tagvalue (id, tag_id, asset_id, value) values (805, 4, 41, '50');
insert into tagvalue (id, tag_id, asset_id, value) values (806, 5, 41, 'other_types');
insert into tagvalue (id, tag_id, asset_id, value) values (807, 6, 41, '5000');
insert into tagvalue (id, tag_id, asset_id, value) values (808, 7, 41, '128');
insert into tagvalue (id, tag_id, asset_id, value) values (809, 8, 41, '6');
insert into tagvalue (id, tag_id, asset_id, value) values (810, 9, 41, 'not mentioned');
insert into tagvalue (id, tag_id, asset_id, value) values (811, 10, 41, '12');
insert into asset (id,name) values (42, 'SAMSUNG Galaxy A23 5G (Light Blue, 128 GB)');
insert into tagvalue (id, tag_id, asset_id, value) values (821, 1, 42, 'SAMSUNG Galaxy A23 5G (Light Blue, 128 GB)');
insert into tagvalue (id, tag_id, asset_id, value) values (822, 1, 42, '3.8');
insert into tagvalue (id, tag_id, asset_id, value) values (823, 2, 42, '23990');
insert into tagvalue (id, tag_id, asset_id, value) values (824, 3, 42, 'https://rukminim2.flixcart.com/image/312/312/xif0q/mobile/e/d/r/-original-imagmym54wrhzgpn.jpeg?q=70');
insert into tagvalue (id, tag_id, asset_id, value) values (825, 4, 42, '50');
insert into tagvalue (id, tag_id, asset_id, value) values (826, 5, 42, 'LCD');
insert into tagvalue (id, tag_id, asset_id, value) values (827, 6, 42, '5000');
insert into tagvalue (id, tag_id, asset_id, value) values (828, 7, 42, '128');
insert into tagvalue (id, tag_id, asset_id, value) values (829, 8, 42, '8');
insert into tagvalue (id, tag_id, asset_id, value) values (830, 9, 42, 'Snapdragon695');
insert into tagvalue (id, tag_id, asset_id, value) values (831, 10, 42, '12');
insert into asset (id,name) values (43, 'SAMSUNG Galaxy A14 5G (Black, 128 GB)');
insert into tagvalue (id, tag_id, asset_id, value) values (841, 1, 43, 'SAMSUNG Galaxy A14 5G (Black, 128 GB)');
insert into tagvalue (id, tag_id, asset_id, value) values (842, 1, 43, '4.0');
insert into tagvalue (id, tag_id, asset_id, value) values (843, 2, 43, '17999');
insert into tagvalue (id, tag_id, asset_id, value) values (844, 3, 43, 'https://rukminim2.flixcart.com/image/312/312/xif0q/mobile/p/w/b/-original-imagmefcaj26vdhg.jpeg?q=70');
insert into tagvalue (id, tag_id, asset_id, value) values (845, 4, 43, '50');
insert into tagvalue (id, tag_id, asset_id, value) values (846, 5, 43, 'LCD');
insert into tagvalue (id, tag_id, asset_id, value) values (847, 6, 43, '5000');
insert into tagvalue (id, tag_id, asset_id, value) values (848, 7, 43, '128');
insert into tagvalue (id, tag_id, asset_id, value) values (849, 8, 43, '6');
insert into tagvalue (id, tag_id, asset_id, value) values (850, 9, 43, 'not mentioned');
insert into tagvalue (id, tag_id, asset_id, value) values (851, 10, 43, '13');
insert into asset (id,name) values (44, 'SAMSUNG Galaxy A04s (Copper, 64 GB)');
insert into tagvalue (id, tag_id, asset_id, value) values (861, 1, 44, 'SAMSUNG Galaxy A04s (Copper, 64 GB)');
insert into tagvalue (id, tag_id, asset_id, value) values (862, 1, 44, '4.1');
insert into tagvalue (id, tag_id, asset_id, value) values (863, 2, 44, '12499');
insert into tagvalue (id, tag_id, asset_id, value) values (864, 3, 44, 'https://rukminim2.flixcart.com/image/312/312/xif0q/mobile/5/v/a/-original-imaghufzhr9hhhnj.jpeg?q=70');
insert into tagvalue (id, tag_id, asset_id, value) values (865, 4, 44, '50');
insert into tagvalue (id, tag_id, asset_id, value) values (866, 5, 44, 'other_types');
insert into tagvalue (id, tag_id, asset_id, value) values (867, 6, 44, '5000');
insert into tagvalue (id, tag_id, asset_id, value) values (868, 7, 44, '64');
insert into tagvalue (id, tag_id, asset_id, value) values (869, 8, 44, '4');
insert into tagvalue (id, tag_id, asset_id, value) values (870, 9, 44, 'not mentioned');
insert into tagvalue (id, tag_id, asset_id, value) values (871, 10, 44, '12');
insert into asset (id,name) values (45, 'SAMSUNG GALAXY M13 5G (Aqua Green, 128 GB)');
insert into tagvalue (id, tag_id, asset_id, value) values (881, 1, 45, 'SAMSUNG GALAXY M13 5G (Aqua Green, 128 GB)');
insert into tagvalue (id, tag_id, asset_id, value) values (882, 1, 45, '4.1');
insert into tagvalue (id, tag_id, asset_id, value) values (883, 2, 45, '14049');
insert into tagvalue (id, tag_id, asset_id, value) values (884, 3, 45, 'https://rukminim2.flixcart.com/image/312/312/xif0q/mobile/z/u/a/-original-imagghcygdr6gngh.jpeg?q=70');
insert into tagvalue (id, tag_id, asset_id, value) values (885, 4, 45, '50');
insert into tagvalue (id, tag_id, asset_id, value) values (886, 5, 45, 'other_types');
insert into tagvalue (id, tag_id, asset_id, value) values (887, 6, 45, '5000');
insert into tagvalue (id, tag_id, asset_id, value) values (888, 7, 45, '128');
insert into tagvalue (id, tag_id, asset_id, value) values (889, 8, 45, '6');
insert into tagvalue (id, tag_id, asset_id, value) values (890, 9, 45, 'not mentioned');
insert into tagvalue (id, tag_id, asset_id, value) values (891, 10, 45, '12');
insert into asset (id,name) values (46, 'SAMSUNG Galaxy M33 5G (Emerald Brown, 128 GB)');
insert into tagvalue (id, tag_id, asset_id, value) values (901, 1, 46, 'SAMSUNG Galaxy M33 5G (Emerald Brown, 128 GB)');
insert into tagvalue (id, tag_id, asset_id, value) values (902, 1, 46, '4.2');
insert into tagvalue (id, tag_id, asset_id, value) values (903, 2, 46, '16790');
insert into tagvalue (id, tag_id, asset_id, value) values (904, 3, 46, 'https://rukminim2.flixcart.com/image/312/312/xif0q/mobile/v/k/p/galaxy-m33-5g-sm-m336bzgpins-samsung-original-imagqutjgrhgcvry.jpeg?q=70');
insert into tagvalue (id, tag_id, asset_id, value) values (905, 4, 46, '50');
insert into tagvalue (id, tag_id, asset_id, value) values (906, 5, 46, 'other_types');
insert into tagvalue (id, tag_id, asset_id, value) values (907, 6, 46, '6000');
insert into tagvalue (id, tag_id, asset_id, value) values (908, 7, 46, '128');
insert into tagvalue (id, tag_id, asset_id, value) values (909, 8, 46, '6');
insert into tagvalue (id, tag_id, asset_id, value) values (910, 9, 46, 'not mentioned');
insert into tagvalue (id, tag_id, asset_id, value) values (911, 10, 46, '12');
insert into asset (id,name) values (47, 'SAMSUNG GALAXY M13 5G (Aqua Green, 64 GB)');
insert into tagvalue (id, tag_id, asset_id, value) values (921, 1, 47, 'SAMSUNG GALAXY M13 5G (Aqua Green, 64 GB)');
insert into tagvalue (id, tag_id, asset_id, value) values (922, 1, 47, '4.1');
insert into tagvalue (id, tag_id, asset_id, value) values (923, 2, 47, '12730');
insert into tagvalue (id, tag_id, asset_id, value) values (924, 3, 47, 'https://rukminim2.flixcart.com/image/312/312/xif0q/mobile/z/u/a/-original-imagghcygdr6gngh.jpeg?q=70');
insert into tagvalue (id, tag_id, asset_id, value) values (925, 4, 47, '50');
insert into tagvalue (id, tag_id, asset_id, value) values (926, 5, 47, 'other_types');
insert into tagvalue (id, tag_id, asset_id, value) values (927, 6, 47, '5000');
insert into tagvalue (id, tag_id, asset_id, value) values (928, 7, 47, '64');
insert into tagvalue (id, tag_id, asset_id, value) values (929, 8, 47, '4');
insert into tagvalue (id, tag_id, asset_id, value) values (930, 9, 47, 'not mentioned');
insert into tagvalue (id, tag_id, asset_id, value) values (931, 10, 47, '12');
insert into asset (id,name) values (48, 'SAMSUNG Galaxy A03 Core (Onyx, 32 GB)');
insert into tagvalue (id, tag_id, asset_id, value) values (941, 1, 48, 'SAMSUNG Galaxy A03 Core (Onyx, 32 GB)');
insert into tagvalue (id, tag_id, asset_id, value) values (942, 1, 48, '4.1');
insert into tagvalue (id, tag_id, asset_id, value) values (943, 2, 48, '6990');
insert into tagvalue (id, tag_id, asset_id, value) values (944, 3, 48, 'https://rukminim2.flixcart.com/image/312/312/xif0q/mobile/j/7/q/galaxy-a03-core-sm-a032fck6ins-samsung-original-imagmb5kvceyb2yc.jpeg?q=70');
insert into tagvalue (id, tag_id, asset_id, value) values (945, 4, 48, '8');
insert into tagvalue (id, tag_id, asset_id, value) values (946, 5, 48, 'other_types');
insert into tagvalue (id, tag_id, asset_id, value) values (947, 6, 48, '5000');
insert into tagvalue (id, tag_id, asset_id, value) values (948, 7, 48, '32');
insert into tagvalue (id, tag_id, asset_id, value) values (949, 8, 48, '2');
insert into tagvalue (id, tag_id, asset_id, value) values (950, 9, 48, 'not mentioned');
insert into tagvalue (id, tag_id, asset_id, value) values (951, 10, 48, '11');
insert into asset (id,name) values (49, 'SAMSUNG Galaxy A14 5G (Dark Red, 128 GB)');
insert into tagvalue (id, tag_id, asset_id, value) values (961, 1, 49, 'SAMSUNG Galaxy A14 5G (Dark Red, 128 GB)');
insert into tagvalue (id, tag_id, asset_id, value) values (962, 1, 49, '4.1');
insert into tagvalue (id, tag_id, asset_id, value) values (963, 2, 49, '19999');
insert into tagvalue (id, tag_id, asset_id, value) values (964, 3, 49, 'https://rukminim2.flixcart.com/image/312/312/xif0q/mobile/6/c/5/-original-imagmefcgvntdtha.jpeg?q=70');
insert into tagvalue (id, tag_id, asset_id, value) values (965, 4, 49, '50');
insert into tagvalue (id, tag_id, asset_id, value) values (966, 5, 49, 'LCD');
insert into tagvalue (id, tag_id, asset_id, value) values (967, 6, 49, '5000');
insert into tagvalue (id, tag_id, asset_id, value) values (968, 7, 49, '128');
insert into tagvalue (id, tag_id, asset_id, value) values (969, 8, 49, '8');
insert into tagvalue (id, tag_id, asset_id, value) values (970, 9, 49, 'not mentioned');
insert into tagvalue (id, tag_id, asset_id, value) values (971, 10, 49, '13');
insert into asset (id,name) values (50, 'SAMSUNG Galaxy A14 5G (Dark Red, 128 GB)');
insert into tagvalue (id, tag_id, asset_id, value) values (981, 1, 50, 'SAMSUNG Galaxy A14 5G (Dark Red, 128 GB)');
insert into tagvalue (id, tag_id, asset_id, value) values (982, 1, 50, '4.0');
insert into tagvalue (id, tag_id, asset_id, value) values (983, 2, 50, '17999');
insert into tagvalue (id, tag_id, asset_id, value) values (984, 3, 50, 'https://rukminim2.flixcart.com/image/312/312/xif0q/mobile/6/c/5/-original-imagmefcgvntdtha.jpeg?q=70');
insert into tagvalue (id, tag_id, asset_id, value) values (985, 4, 50, '50');
insert into tagvalue (id, tag_id, asset_id, value) values (986, 5, 50, 'LCD');
insert into tagvalue (id, tag_id, asset_id, value) values (987, 6, 50, '5000');
insert into tagvalue (id, tag_id, asset_id, value) values (988, 7, 50, '128');
insert into tagvalue (id, tag_id, asset_id, value) values (989, 8, 50, '6');
insert into tagvalue (id, tag_id, asset_id, value) values (990, 9, 50, 'not mentioned');
insert into tagvalue (id, tag_id, asset_id, value) values (991, 10, 50, '13');
insert into asset (id,name) values (51, 'SAMSUNG Galaxy A14 5G (Black, 64 GB)');
insert into tagvalue (id, tag_id, asset_id, value) values (1001, 1, 51, 'SAMSUNG Galaxy A14 5G (Black, 64 GB)');
insert into tagvalue (id, tag_id, asset_id, value) values (1002, 1, 51, '4.1');
insert into tagvalue (id, tag_id, asset_id, value) values (1003, 2, 51, '15999');
insert into tagvalue (id, tag_id, asset_id, value) values (1004, 3, 51, 'https://rukminim2.flixcart.com/image/312/312/xif0q/mobile/p/w/b/-original-imagmefcaj26vdhg.jpeg?q=70');
insert into tagvalue (id, tag_id, asset_id, value) values (1005, 4, 51, '50');
insert into tagvalue (id, tag_id, asset_id, value) values (1006, 5, 51, 'LCD');
insert into tagvalue (id, tag_id, asset_id, value) values (1007, 6, 51, '5000');
insert into tagvalue (id, tag_id, asset_id, value) values (1008, 7, 51, '64');
insert into tagvalue (id, tag_id, asset_id, value) values (1009, 8, 51, '4');
insert into tagvalue (id, tag_id, asset_id, value) values (1010, 9, 51, 'not mentioned');
insert into tagvalue (id, tag_id, asset_id, value) values (1011, 10, 51, '13');
insert into asset (id,name) values (52, 'SAMSUNG Galaxy S20 FE (Cloud Mint, 128 GB)');
insert into tagvalue (id, tag_id, asset_id, value) values (1021, 1, 52, 'SAMSUNG Galaxy S20 FE (Cloud Mint, 128 GB)');
insert into tagvalue (id, tag_id, asset_id, value) values (1022, 1, 52, '4.0');
insert into tagvalue (id, tag_id, asset_id, value) values (1023, 2, 52, '27500');
insert into tagvalue (id, tag_id, asset_id, value) values (1024, 3, 52, 'https://rukminim2.flixcart.com/image/312/312/xif0q/mobile/g/f/m/-original-imagkn6dw4vybxqz.jpeg?q=70');
insert into tagvalue (id, tag_id, asset_id, value) values (1025, 4, 52, '12');
insert into tagvalue (id, tag_id, asset_id, value) values (1026, 5, 52, 'other_types');
insert into tagvalue (id, tag_id, asset_id, value) values (1027, 6, 52, '4500');
insert into tagvalue (id, tag_id, asset_id, value) values (1028, 7, 52, '128');
insert into tagvalue (id, tag_id, asset_id, value) values (1029, 8, 52, '8');
insert into tagvalue (id, tag_id, asset_id, value) values (1030, 9, 52, 'not mentioned');
insert into tagvalue (id, tag_id, asset_id, value) values (1031, 10, 52, '10');
insert into asset (id,name) values (53, 'SAMSUNG Galaxy A04e (Light Blue, 64 GB)');
insert into tagvalue (id, tag_id, asset_id, value) values (1041, 1, 53, 'SAMSUNG Galaxy A04e (Light Blue, 64 GB)');
insert into tagvalue (id, tag_id, asset_id, value) values (1042, 1, 53, '4.2');
insert into tagvalue (id, tag_id, asset_id, value) values (1043, 2, 53, '9999');
insert into tagvalue (id, tag_id, asset_id, value) values (1044, 3, 53, 'https://rukminim2.flixcart.com/image/312/312/xif0q/mobile/y/j/q/-original-imagh2pzwytdknpx.jpeg?q=70');
insert into tagvalue (id, tag_id, asset_id, value) values (1045, 4, 53, '13');
insert into tagvalue (id, tag_id, asset_id, value) values (1046, 5, 53, 'LCD');
insert into tagvalue (id, tag_id, asset_id, value) values (1047, 6, 53, '5000');
insert into tagvalue (id, tag_id, asset_id, value) values (1048, 7, 53, '64');
insert into tagvalue (id, tag_id, asset_id, value) values (1049, 8, 53, '3');
insert into tagvalue (id, tag_id, asset_id, value) values (1050, 9, 53, 'not mentioned');
insert into tagvalue (id, tag_id, asset_id, value) values (1051, 10, 53, '13');
insert into asset (id,name) values (54, 'SAMSUNG Galaxy A14 5G (Black, 128 GB)');
insert into tagvalue (id, tag_id, asset_id, value) values (1061, 1, 54, 'SAMSUNG Galaxy A14 5G (Black, 128 GB)');
insert into tagvalue (id, tag_id, asset_id, value) values (1062, 1, 54, '4.1');
insert into tagvalue (id, tag_id, asset_id, value) values (1063, 2, 54, '19999');
insert into tagvalue (id, tag_id, asset_id, value) values (1064, 3, 54, 'https://rukminim2.flixcart.com/image/312/312/xif0q/mobile/p/w/b/-original-imagmefcaj26vdhg.jpeg?q=70');
insert into tagvalue (id, tag_id, asset_id, value) values (1065, 4, 54, '50');
insert into tagvalue (id, tag_id, asset_id, value) values (1066, 5, 54, 'LCD');
insert into tagvalue (id, tag_id, asset_id, value) values (1067, 6, 54, '5000');
insert into tagvalue (id, tag_id, asset_id, value) values (1068, 7, 54, '128');
insert into tagvalue (id, tag_id, asset_id, value) values (1069, 8, 54, '8');
insert into tagvalue (id, tag_id, asset_id, value) values (1070, 9, 54, 'not mentioned');
insert into tagvalue (id, tag_id, asset_id, value) values (1071, 10, 54, '13');
insert into asset (id,name) values (55, 'SAMSUNG Galaxy A14 5G (Black, 64 GB)');
insert into tagvalue (id, tag_id, asset_id, value) values (1081, 1, 55, 'SAMSUNG Galaxy A14 5G (Black, 64 GB)');
insert into tagvalue (id, tag_id, asset_id, value) values (1082, 1, 55, '4.1');
insert into tagvalue (id, tag_id, asset_id, value) values (1083, 2, 55, '15999');
insert into tagvalue (id, tag_id, asset_id, value) values (1084, 3, 55, 'https://rukminim2.flixcart.com/image/312/312/xif0q/mobile/p/w/b/-original-imagmefcaj26vdhg.jpeg?q=70');
insert into tagvalue (id, tag_id, asset_id, value) values (1085, 4, 55, '50');
insert into tagvalue (id, tag_id, asset_id, value) values (1086, 5, 55, 'LCD');
insert into tagvalue (id, tag_id, asset_id, value) values (1087, 6, 55, '5000');
insert into tagvalue (id, tag_id, asset_id, value) values (1088, 7, 55, '64');
insert into tagvalue (id, tag_id, asset_id, value) values (1089, 8, 55, '4');
insert into tagvalue (id, tag_id, asset_id, value) values (1090, 9, 55, 'not mentioned');
insert into tagvalue (id, tag_id, asset_id, value) values (1091, 10, 55, '12');
insert into asset (id,name) values (56, 'SAMSUNG Galaxy A04 (Black, 128 GB)');
insert into tagvalue (id, tag_id, asset_id, value) values (1101, 1, 56, 'SAMSUNG Galaxy A04 (Black, 128 GB)');
insert into tagvalue (id, tag_id, asset_id, value) values (1102, 1, 56, '4.0');
insert into tagvalue (id, tag_id, asset_id, value) values (1103, 2, 56, '11990');
insert into tagvalue (id, tag_id, asset_id, value) values (1104, 3, 56, 'https://rukminim2.flixcart.com/image/312/312/xif0q/mobile/7/3/k/-original-imagh2prjymxvgqz.jpeg?q=70');
insert into tagvalue (id, tag_id, asset_id, value) values (1105, 4, 56, '50');
insert into tagvalue (id, tag_id, asset_id, value) values (1106, 5, 56, 'LCD');
insert into tagvalue (id, tag_id, asset_id, value) values (1107, 6, 56, '5000');
insert into tagvalue (id, tag_id, asset_id, value) values (1108, 7, 56, '128');
insert into tagvalue (id, tag_id, asset_id, value) values (1109, 8, 56, '4');
insert into tagvalue (id, tag_id, asset_id, value) values (1110, 9, 56, 'Gen8');
insert into tagvalue (id, tag_id, asset_id, value) values (1111, 10, 56, '13');
insert into asset (id,name) values (57, 'SAMSUNG Galaxy S23 Plus 5G (Cream, 256 GB)');
insert into tagvalue (id, tag_id, asset_id, value) values (1121, 1, 57, 'SAMSUNG Galaxy S23 Plus 5G (Cream, 256 GB)');
insert into tagvalue (id, tag_id, asset_id, value) values (1122, 1, 57, '4.5');
insert into tagvalue (id, tag_id, asset_id, value) values (1123, 2, 57, '29463');
insert into tagvalue (id, tag_id, asset_id, value) values (1124, 3, 57, 'https://rukminim2.flixcart.com/image/312/312/xif0q/mobile/8/c/x/-original-imagmg6gy7x3xwcg.jpeg?q=70');
insert into tagvalue (id, tag_id, asset_id, value) values (1125, 4, 57, '50');
insert into tagvalue (id, tag_id, asset_id, value) values (1126, 5, 57, 'HD+ AMOLED');
insert into tagvalue (id, tag_id, asset_id, value) values (1127, 6, 57, '4700');
insert into tagvalue (id, tag_id, asset_id, value) values (1128, 7, 57, '256');
insert into tagvalue (id, tag_id, asset_id, value) values (1129, 8, 57, '8');
insert into tagvalue (id, tag_id, asset_id, value) values (1130, 9, 57, 'Snapdragon750GProcessor');
insert into tagvalue (id, tag_id, asset_id, value) values (1131, 10, 57, '12');
insert into asset (id,name) values (58, 'SAMSUNG Galaxy F23 5G (Aqua Blue, 128 GB)');
insert into tagvalue (id, tag_id, asset_id, value) values (1141, 1, 58, 'SAMSUNG Galaxy F23 5G (Aqua Blue, 128 GB)');
insert into tagvalue (id, tag_id, asset_id, value) values (1142, 1, 58, '4.2');
insert into tagvalue (id, tag_id, asset_id, value) values (1143, 2, 58, '14499');
insert into tagvalue (id, tag_id, asset_id, value) values (1144, 3, 58, 'https://rukminim2.flixcart.com/image/312/312/xif0q/mobile/0/h/k/-original-imagcg22czc3ggvw.jpeg?q=70');
insert into tagvalue (id, tag_id, asset_id, value) values (1145, 4, 58, '50');
insert into tagvalue (id, tag_id, asset_id, value) values (1146, 5, 58, 'other_types');
insert into tagvalue (id, tag_id, asset_id, value) values (1147, 6, 58, '5000');
insert into tagvalue (id, tag_id, asset_id, value) values (1148, 7, 58, '128');
insert into tagvalue (id, tag_id, asset_id, value) values (1149, 8, 58, '4');
insert into tagvalue (id, tag_id, asset_id, value) values (1150, 9, 58, 'not mentioned');
insert into tagvalue (id, tag_id, asset_id, value) values (1151, 10, 58, '12');
insert into asset (id,name) values (59, 'SAMSUNG Galaxy A04s (Green, 64 GB)');
insert into tagvalue (id, tag_id, asset_id, value) values (1161, 1, 59, 'SAMSUNG Galaxy A04s (Green, 64 GB)');
insert into tagvalue (id, tag_id, asset_id, value) values (1162, 1, 59, '4.1');
insert into tagvalue (id, tag_id, asset_id, value) values (1163, 2, 59, '12499');
insert into tagvalue (id, tag_id, asset_id, value) values (1164, 3, 59, 'https://rukminim2.flixcart.com/image/312/312/xif0q/mobile/g/z/y/-original-imaghufz2jt46n8v.jpeg?q=70');
insert into tagvalue (id, tag_id, asset_id, value) values (1165, 4, 59, '50');
insert into tagvalue (id, tag_id, asset_id, value) values (1166, 5, 59, 'other_types');
insert into tagvalue (id, tag_id, asset_id, value) values (1167, 6, 59, '5000');
insert into tagvalue (id, tag_id, asset_id, value) values (1168, 7, 59, '64');
insert into tagvalue (id, tag_id, asset_id, value) values (1169, 8, 59, '4');
insert into tagvalue (id, tag_id, asset_id, value) values (1170, 9, 59, 'not mentioned');
insert into tagvalue (id, tag_id, asset_id, value) values (1171, 10, 59, '12');
insert into asset (id,name) values (60, 'SAMSUNG Galaxy A23 (Peach, 128 GB)');
insert into tagvalue (id, tag_id, asset_id, value) values (1181, 1, 60, 'SAMSUNG Galaxy A23 (Peach, 128 GB)');
insert into tagvalue (id, tag_id, asset_id, value) values (1182, 1, 60, '4.2');
insert into tagvalue (id, tag_id, asset_id, value) values (1183, 2, 60, '17499');
insert into tagvalue (id, tag_id, asset_id, value) values (1184, 3, 60, 'https://rukminim2.flixcart.com/image/312/312/l19m93k0/mobile/5/k/x/-original-imagcv8jubmd9pb6.jpeg?q=70');
insert into tagvalue (id, tag_id, asset_id, value) values (1185, 4, 60, '50');
insert into tagvalue (id, tag_id, asset_id, value) values (1186, 5, 60, 'other_types');
insert into tagvalue (id, tag_id, asset_id, value) values (1187, 6, 60, '5000');
insert into tagvalue (id, tag_id, asset_id, value) values (1188, 7, 60, '128');
insert into tagvalue (id, tag_id, asset_id, value) values (1189, 8, 60, '6');
insert into tagvalue (id, tag_id, asset_id, value) values (1190, 9, 60, 'not mentioned');
insert into tagvalue (id, tag_id, asset_id, value) values (1191, 10, 60, '12');
insert into asset (id,name) values (61, 'SAMSUNG Galaxy A04 (Green, 128 GB)');
insert into tagvalue (id, tag_id, asset_id, value) values (1201, 1, 61, 'SAMSUNG Galaxy A04 (Green, 128 GB)');
insert into tagvalue (id, tag_id, asset_id, value) values (1202, 1, 61, '4.0');
insert into tagvalue (id, tag_id, asset_id, value) values (1203, 2, 61, '12999');
insert into tagvalue (id, tag_id, asset_id, value) values (1204, 3, 61, 'https://rukminim2.flixcart.com/image/312/312/xif0q/mobile/n/l/y/-original-imagh2pqyvzjnc5y.jpeg?q=70');
insert into tagvalue (id, tag_id, asset_id, value) values (1205, 4, 61, '50');
insert into tagvalue (id, tag_id, asset_id, value) values (1206, 5, 61, 'LCD');
insert into tagvalue (id, tag_id, asset_id, value) values (1207, 6, 61, '5000');
insert into tagvalue (id, tag_id, asset_id, value) values (1208, 7, 61, '128');
insert into tagvalue (id, tag_id, asset_id, value) values (1209, 8, 61, '4');
insert into tagvalue (id, tag_id, asset_id, value) values (1210, 9, 61, 'Snapdragon888');
insert into tagvalue (id, tag_id, asset_id, value) values (1211, 10, 61, '11');
insert into asset (id,name) values (62, 'SAMSUNG Galaxy A04s (Black, 64 GB)');
insert into tagvalue (id, tag_id, asset_id, value) values (1221, 1, 62, 'SAMSUNG Galaxy A04s (Black, 64 GB)');
insert into tagvalue (id, tag_id, asset_id, value) values (1222, 1, 62, '4.1');
insert into tagvalue (id, tag_id, asset_id, value) values (1223, 2, 62, '12499');
insert into tagvalue (id, tag_id, asset_id, value) values (1224, 3, 62, 'https://rukminim2.flixcart.com/image/312/312/xif0q/mobile/d/q/t/-original-imaghufzepfjunmu.jpeg?q=70');
insert into tagvalue (id, tag_id, asset_id, value) values (1225, 4, 62, '50');
insert into tagvalue (id, tag_id, asset_id, value) values (1226, 5, 62, 'other_types');
insert into tagvalue (id, tag_id, asset_id, value) values (1227, 6, 62, '5000');
insert into tagvalue (id, tag_id, asset_id, value) values (1228, 7, 62, '64');
insert into tagvalue (id, tag_id, asset_id, value) values (1229, 8, 62, '4');
insert into tagvalue (id, tag_id, asset_id, value) values (1230, 9, 62, 'not mentioned');
insert into tagvalue (id, tag_id, asset_id, value) values (1231, 10, 62, '12');
insert into asset (id,name) values (63, 'SAMSUNG Galaxy A13 (Green, 128 GB)');
insert into tagvalue (id, tag_id, asset_id, value) values (1241, 1, 63, 'SAMSUNG Galaxy A13 (Green, 128 GB)');
insert into tagvalue (id, tag_id, asset_id, value) values (1242, 1, 63, '4.2');
insert into tagvalue (id, tag_id, asset_id, value) values (1243, 2, 63, '16295');
insert into tagvalue (id, tag_id, asset_id, value) values (1244, 3, 63, 'https://rukminim2.flixcart.com/image/312/312/xif0q/mobile/f/e/o/-original-imaggy3yrdqzsvfc.jpeg?q=70');
insert into tagvalue (id, tag_id, asset_id, value) values (1245, 4, 63, '50');
insert into tagvalue (id, tag_id, asset_id, value) values (1246, 5, 63, 'other_types');
insert into tagvalue (id, tag_id, asset_id, value) values (1247, 6, 63, '5000');
insert into tagvalue (id, tag_id, asset_id, value) values (1248, 7, 63, '128');
insert into tagvalue (id, tag_id, asset_id, value) values (1249, 8, 63, '6');
insert into tagvalue (id, tag_id, asset_id, value) values (1250, 9, 63, 'not mentioned');
insert into tagvalue (id, tag_id, asset_id, value) values (1251, 10, 63, '11');
insert into asset (id,name) values (64, 'SAMSUNG Galaxy A03 Core (Green, 32 GB)');
insert into tagvalue (id, tag_id, asset_id, value) values (1261, 1, 64, 'SAMSUNG Galaxy A03 Core (Green, 32 GB)');
insert into tagvalue (id, tag_id, asset_id, value) values (1262, 1, 64, '4.1');
insert into tagvalue (id, tag_id, asset_id, value) values (1263, 2, 64, '8403');
insert into tagvalue (id, tag_id, asset_id, value) values (1264, 3, 64, 'https://rukminim2.flixcart.com/image/312/312/xif0q/mobile/9/v/9/galaxy-a03-core-sm-a032fzkdins-sm-a032fzk5ins-samsung-original-imaghzxw2uuxuftu.jpeg?q=70');
insert into tagvalue (id, tag_id, asset_id, value) values (1265, 4, 64, '8');
insert into tagvalue (id, tag_id, asset_id, value) values (1266, 5, 64, 'LCD');
insert into tagvalue (id, tag_id, asset_id, value) values (1267, 6, 64, '5000');
insert into tagvalue (id, tag_id, asset_id, value) values (1268, 7, 64, '32');
insert into tagvalue (id, tag_id, asset_id, value) values (1269, 8, 64, '2');
insert into tagvalue (id, tag_id, asset_id, value) values (1270, 9, 64, 'not mentioned');
insert into tagvalue (id, tag_id, asset_id, value) values (1271, 10, 64, '13');
insert into asset (id,name) values (65, 'SAMSUNG Galaxy A14 5G (Light Green, 128 GB)');
insert into tagvalue (id, tag_id, asset_id, value) values (1281, 1, 65, 'SAMSUNG Galaxy A14 5G (Light Green, 128 GB)');
insert into tagvalue (id, tag_id, asset_id, value) values (1282, 1, 65, '4.1');
insert into tagvalue (id, tag_id, asset_id, value) values (1283, 2, 65, '19999');
insert into tagvalue (id, tag_id, asset_id, value) values (1284, 3, 65, 'https://rukminim2.flixcart.com/image/312/312/xif0q/mobile/v/l/g/-original-imagmefctrqmqjrp.jpeg?q=70');
insert into tagvalue (id, tag_id, asset_id, value) values (1285, 4, 65, '50');
insert into tagvalue (id, tag_id, asset_id, value) values (1286, 5, 65, 'LCD');
insert into tagvalue (id, tag_id, asset_id, value) values (1287, 6, 65, '5000');
insert into tagvalue (id, tag_id, asset_id, value) values (1288, 7, 65, '128');
insert into tagvalue (id, tag_id, asset_id, value) values (1289, 8, 65, '8');
insert into tagvalue (id, tag_id, asset_id, value) values (1290, 9, 65, 'Snapdragon750GProcessor');
insert into tagvalue (id, tag_id, asset_id, value) values (1291, 10, 65, '12');
insert into asset (id,name) values (66, 'SAMSUNG Galaxy F23 5G (Forest Green, 128 GB)');
insert into tagvalue (id, tag_id, asset_id, value) values (1301, 1, 66, 'SAMSUNG Galaxy F23 5G (Forest Green, 128 GB)');
insert into tagvalue (id, tag_id, asset_id, value) values (1302, 1, 66, '4.2');
insert into tagvalue (id, tag_id, asset_id, value) values (1303, 2, 66, '14499');
insert into tagvalue (id, tag_id, asset_id, value) values (1304, 3, 66, 'https://rukminim2.flixcart.com/image/312/312/xif0q/mobile/o/p/z/-original-imagcg22pf79cgau.jpeg?q=70');
insert into tagvalue (id, tag_id, asset_id, value) values (1305, 4, 66, '50');
insert into tagvalue (id, tag_id, asset_id, value) values (1306, 5, 66, 'other_types');
insert into tagvalue (id, tag_id, asset_id, value) values (1307, 6, 66, '5000');
insert into tagvalue (id, tag_id, asset_id, value) values (1308, 7, 66, '128');
insert into tagvalue (id, tag_id, asset_id, value) values (1309, 8, 66, '4');
insert into tagvalue (id, tag_id, asset_id, value) values (1310, 9, 66, 'not mentioned');
insert into tagvalue (id, tag_id, asset_id, value) values (1311, 10, 66, '11');
insert into asset (id,name) values (67, 'SAMSUNG Galaxy M12 (White, 64 GB)');
insert into tagvalue (id, tag_id, asset_id, value) values (1321, 1, 67, 'SAMSUNG Galaxy M12 (White, 64 GB)');
insert into tagvalue (id, tag_id, asset_id, value) values (1322, 1, 67, '4.2');
insert into tagvalue (id, tag_id, asset_id, value) values (1323, 2, 67, '10999');
insert into tagvalue (id, tag_id, asset_id, value) values (1324, 3, 67, 'https://rukminim2.flixcart.com/image/312/312/kmjhw280/mobile/l/i/s/galaxy-m12-galaxy-m12-samsung-original-imagffyujuzhbuz7.jpeg?q=70');
insert into tagvalue (id, tag_id, asset_id, value) values (1325, 4, 67, '48');
insert into tagvalue (id, tag_id, asset_id, value) values (1326, 5, 67, 'other_types');
insert into tagvalue (id, tag_id, asset_id, value) values (1327, 6, 67, '6000');
insert into tagvalue (id, tag_id, asset_id, value) values (1328, 7, 67, '64');
insert into tagvalue (id, tag_id, asset_id, value) values (1329, 8, 67, '4');
insert into tagvalue (id, tag_id, asset_id, value) values (1330, 9, 67, 'Snapdragon720GProcessor');
insert into tagvalue (id, tag_id, asset_id, value) values (1331, 10, 67, '11');
insert into asset (id,name) values (68, 'SAMSUNG Galaxy A52 (Awesome Blue, 128 GB)');
insert into tagvalue (id, tag_id, asset_id, value) values (1341, 1, 68, 'SAMSUNG Galaxy A52 (Awesome Blue, 128 GB)');
insert into tagvalue (id, tag_id, asset_id, value) values (1342, 1, 68, '4.3');
insert into tagvalue (id, tag_id, asset_id, value) values (1343, 2, 68, '25980');
insert into tagvalue (id, tag_id, asset_id, value) values (1344, 3, 68, 'https://rukminim2.flixcart.com/image/312/312/kmf7ki80/mobile/s/z/a/galaxy-a52-sm-a525fzbgins-samsung-original-imagfb4xdvtk8zzb.jpeg?q=70');
insert into tagvalue (id, tag_id, asset_id, value) values (1345, 4, 68, '64');
insert into tagvalue (id, tag_id, asset_id, value) values (1346, 5, 68, 'HD+ AMOLED');
insert into tagvalue (id, tag_id, asset_id, value) values (1347, 6, 68, '4500');
insert into tagvalue (id, tag_id, asset_id, value) values (1348, 7, 68, '128');
insert into tagvalue (id, tag_id, asset_id, value) values (1349, 8, 68, '6');
insert into tagvalue (id, tag_id, asset_id, value) values (1350, 9, 68, 'not mentioned');
insert into tagvalue (id, tag_id, asset_id, value) values (1351, 10, 68, '12');
insert into asset (id,name) values (69, 'SAMSUNG Galaxy A23 (Blue, 128 GB)');
insert into tagvalue (id, tag_id, asset_id, value) values (1361, 1, 69, 'SAMSUNG Galaxy A23 (Blue, 128 GB)');
insert into tagvalue (id, tag_id, asset_id, value) values (1362, 1, 69, '4.3');
insert into tagvalue (id, tag_id, asset_id, value) values (1363, 2, 69, '19990');
insert into tagvalue (id, tag_id, asset_id, value) values (1364, 3, 69, 'https://rukminim2.flixcart.com/image/312/312/l19m93k0/mobile/h/3/u/-original-imagcv8jfcrdu8jv.jpeg?q=70');
insert into tagvalue (id, tag_id, asset_id, value) values (1365, 4, 69, '50');
insert into tagvalue (id, tag_id, asset_id, value) values (1366, 5, 69, 'other_types');
insert into tagvalue (id, tag_id, asset_id, value) values (1367, 6, 69, '5000');
insert into tagvalue (id, tag_id, asset_id, value) values (1368, 7, 69, '128');
insert into tagvalue (id, tag_id, asset_id, value) values (1369, 8, 69, '8');
insert into tagvalue (id, tag_id, asset_id, value) values (1370, 9, 69, 'not mentioned');
insert into tagvalue (id, tag_id, asset_id, value) values (1371, 10, 69, '13');
insert into asset (id,name) values (70, 'SAMSUNG Galaxy A14 5G (Light Green, 64 GB)');
insert into tagvalue (id, tag_id, asset_id, value) values (1381, 1, 70, 'SAMSUNG Galaxy A14 5G (Light Green, 64 GB)');
insert into tagvalue (id, tag_id, asset_id, value) values (1382, 1, 70, '4.1');
insert into tagvalue (id, tag_id, asset_id, value) values (1383, 2, 70, '15999');
insert into tagvalue (id, tag_id, asset_id, value) values (1384, 3, 70, 'https://rukminim2.flixcart.com/image/312/312/xif0q/mobile/v/l/g/-original-imagmefctrqmqjrp.jpeg?q=70');
insert into tagvalue (id, tag_id, asset_id, value) values (1385, 4, 70, '50');
insert into tagvalue (id, tag_id, asset_id, value) values (1386, 5, 70, 'LCD');
insert into tagvalue (id, tag_id, asset_id, value) values (1387, 6, 70, '5000');
insert into tagvalue (id, tag_id, asset_id, value) values (1388, 7, 70, '64');
insert into tagvalue (id, tag_id, asset_id, value) values (1389, 8, 70, '4');
insert into tagvalue (id, tag_id, asset_id, value) values (1390, 9, 70, 'not mentioned');
insert into tagvalue (id, tag_id, asset_id, value) values (1391, 10, 70, '11');
insert into asset (id,name) values (71, 'SAMSUNG Galaxy M12 (Black, 64 GB)');
insert into tagvalue (id, tag_id, asset_id, value) values (1401, 1, 71, 'SAMSUNG Galaxy M12 (Black, 64 GB)');
insert into tagvalue (id, tag_id, asset_id, value) values (1402, 1, 71, '4.2');
insert into tagvalue (id, tag_id, asset_id, value) values (1403, 2, 71, '12498');
insert into tagvalue (id, tag_id, asset_id, value) values (1404, 3, 71, 'https://rukminim2.flixcart.com/image/312/312/kmjhw280/mobile/0/n/y/galaxy-m12-galaxy-m12-samsung-original-imagffyz6hhrw5s5.jpeg?q=70');
insert into tagvalue (id, tag_id, asset_id, value) values (1405, 4, 71, '48');
insert into tagvalue (id, tag_id, asset_id, value) values (1406, 5, 71, 'other_types');
insert into tagvalue (id, tag_id, asset_id, value) values (1407, 6, 71, '6000');
insert into tagvalue (id, tag_id, asset_id, value) values (1408, 7, 71, '64');
insert into tagvalue (id, tag_id, asset_id, value) values (1409, 8, 71, '4');
insert into tagvalue (id, tag_id, asset_id, value) values (1410, 9, 71, 'not mentioned');
insert into tagvalue (id, tag_id, asset_id, value) values (1411, 10, 71, '13');
insert into asset (id,name) values (72, 'SAMSUNG Galaxy A14 5G (Dark Red, 64 GB)');
insert into tagvalue (id, tag_id, asset_id, value) values (1421, 1, 72, 'SAMSUNG Galaxy A14 5G (Dark Red, 64 GB)');
insert into tagvalue (id, tag_id, asset_id, value) values (1422, 1, 72, '4.1');
insert into tagvalue (id, tag_id, asset_id, value) values (1423, 2, 72, '15999');
insert into tagvalue (id, tag_id, asset_id, value) values (1424, 3, 72, 'https://rukminim2.flixcart.com/image/312/312/xif0q/mobile/6/c/5/-original-imagmefcgvntdtha.jpeg?q=70');
insert into tagvalue (id, tag_id, asset_id, value) values (1425, 4, 72, '50');
insert into tagvalue (id, tag_id, asset_id, value) values (1426, 5, 72, 'LCD');
insert into tagvalue (id, tag_id, asset_id, value) values (1427, 6, 72, '5000');
insert into tagvalue (id, tag_id, asset_id, value) values (1428, 7, 72, '64');
insert into tagvalue (id, tag_id, asset_id, value) values (1429, 8, 72, '4');
insert into tagvalue (id, tag_id, asset_id, value) values (1430, 9, 72, 'not mentioned');
insert into tagvalue (id, tag_id, asset_id, value) values (1431, 10, 72, '13');
insert into asset (id,name) values (73, 'SAMSUNG Galaxy A23 5G (Orange, 128 GB)');
insert into tagvalue (id, tag_id, asset_id, value) values (1441, 1, 73, 'SAMSUNG Galaxy A23 5G (Orange, 128 GB)');
insert into tagvalue (id, tag_id, asset_id, value) values (1442, 1, 73, '4.1');
insert into tagvalue (id, tag_id, asset_id, value) values (1443, 2, 73, '21999');
insert into tagvalue (id, tag_id, asset_id, value) values (1444, 3, 73, 'https://rukminim2.flixcart.com/image/312/312/xif0q/mobile/n/p/g/-original-imagm2jtdqagpcfe.jpeg?q=70');
insert into tagvalue (id, tag_id, asset_id, value) values (1445, 4, 73, '50');
insert into tagvalue (id, tag_id, asset_id, value) values (1446, 5, 73, 'LCD');
insert into tagvalue (id, tag_id, asset_id, value) values (1447, 6, 73, '5000');
insert into tagvalue (id, tag_id, asset_id, value) values (1448, 7, 73, '128');
insert into tagvalue (id, tag_id, asset_id, value) values (1449, 8, 73, '6');
insert into tagvalue (id, tag_id, asset_id, value) values (1450, 9, 73, 'Snapdragon695');
insert into tagvalue (id, tag_id, asset_id, value) values (1451, 10, 73, '12');
insert into asset (id,name) values (74, 'SAMSUNG Galaxy A23 5G (Silver, 128 GB)');
insert into tagvalue (id, tag_id, asset_id, value) values (1461, 1, 74, 'SAMSUNG Galaxy A23 5G (Silver, 128 GB)');
insert into tagvalue (id, tag_id, asset_id, value) values (1462, 1, 74, '4.1');
insert into tagvalue (id, tag_id, asset_id, value) values (1463, 2, 74, '21999');
insert into tagvalue (id, tag_id, asset_id, value) values (1464, 3, 74, 'https://rukminim2.flixcart.com/image/312/312/xif0q/mobile/f/g/i/-original-imagmfhbbex3ubzy.jpeg?q=70');
insert into tagvalue (id, tag_id, asset_id, value) values (1465, 4, 74, '50');
insert into tagvalue (id, tag_id, asset_id, value) values (1466, 5, 74, 'LCD');
insert into tagvalue (id, tag_id, asset_id, value) values (1467, 6, 74, '5000');
insert into tagvalue (id, tag_id, asset_id, value) values (1468, 7, 74, '128');
insert into tagvalue (id, tag_id, asset_id, value) values (1469, 8, 74, '6');
insert into tagvalue (id, tag_id, asset_id, value) values (1470, 9, 74, 'Snapdragon695');
insert into tagvalue (id, tag_id, asset_id, value) values (1471, 10, 74, '12');
insert into asset (id,name) values (75, 'SAMSUNG Galaxy A03 Core (Bronze, 32 GB)');
insert into tagvalue (id, tag_id, asset_id, value) values (1481, 1, 75, 'SAMSUNG Galaxy A03 Core (Bronze, 32 GB)');
insert into tagvalue (id, tag_id, asset_id, value) values (1482, 1, 75, '4.1');
insert into tagvalue (id, tag_id, asset_id, value) values (1483, 2, 75, '7199');
insert into tagvalue (id, tag_id, asset_id, value) values (1484, 3, 75, 'https://rukminim2.flixcart.com/image/312/312/xif0q/mobile/3/j/k/galaxy-a03-core-sm-a032fzcdins-samsung-original-imagks7mvgp7syja.jpeg?q=70');
insert into tagvalue (id, tag_id, asset_id, value) values (1485, 4, 75, '8');
insert into tagvalue (id, tag_id, asset_id, value) values (1486, 5, 75, 'LCD');
insert into tagvalue (id, tag_id, asset_id, value) values (1487, 6, 75, '5000');
insert into tagvalue (id, tag_id, asset_id, value) values (1488, 7, 75, '32');
insert into tagvalue (id, tag_id, asset_id, value) values (1489, 8, 75, '2');
insert into tagvalue (id, tag_id, asset_id, value) values (1490, 9, 75, 'not mentioned');
insert into tagvalue (id, tag_id, asset_id, value) values (1491, 10, 75, '11');
insert into asset (id,name) values (76, 'SAMSUNG Galaxy Z Flip4 5G (Graphite, 256 GB)');
insert into tagvalue (id, tag_id, asset_id, value) values (1501, 1, 76, 'SAMSUNG Galaxy Z Flip4 5G (Graphite, 256 GB)');
insert into tagvalue (id, tag_id, asset_id, value) values (1502, 1, 76, '3.7');
insert into tagvalue (id, tag_id, asset_id, value) values (1503, 2, 76, '29463');
insert into tagvalue (id, tag_id, asset_id, value) values (1504, 3, 76, 'https://rukminim2.flixcart.com/image/312/312/xif0q/mobile/q/u/o/-original-imagh7nnpy9wgyzh.jpeg?q=70');
insert into tagvalue (id, tag_id, asset_id, value) values (1505, 4, 76, '12');
insert into tagvalue (id, tag_id, asset_id, value) values (1506, 5, 76, 'HD+ AMOLED');
insert into tagvalue (id, tag_id, asset_id, value) values (1507, 6, 76, '3700');
insert into tagvalue (id, tag_id, asset_id, value) values (1508, 7, 76, '256');
insert into tagvalue (id, tag_id, asset_id, value) values (1509, 8, 76, '8');
insert into tagvalue (id, tag_id, asset_id, value) values (1510, 9, 76, 'Snapdragon1P');
insert into tagvalue (id, tag_id, asset_id, value) values (1511, 10, 76, '12');
insert into asset (id,name) values (77, 'SAMSUNG Galaxy A03 (Black, 32 GB)');
insert into tagvalue (id, tag_id, asset_id, value) values (1521, 1, 77, 'SAMSUNG Galaxy A03 (Black, 32 GB)');
insert into tagvalue (id, tag_id, asset_id, value) values (1522, 1, 77, '4.1');
insert into tagvalue (id, tag_id, asset_id, value) values (1523, 2, 77, '9400');
insert into tagvalue (id, tag_id, asset_id, value) values (1524, 3, 77, 'https://rukminim2.flixcart.com/image/312/312/l0sgyvk0/mobile/i/v/i/-original-imagchh8dyfquhfj.jpeg?q=70');
insert into tagvalue (id, tag_id, asset_id, value) values (1525, 4, 77, '48');
insert into tagvalue (id, tag_id, asset_id, value) values (1526, 5, 77, 'other_types');
insert into tagvalue (id, tag_id, asset_id, value) values (1527, 6, 77, '5000');
insert into tagvalue (id, tag_id, asset_id, value) values (1528, 7, 77, '32');
insert into tagvalue (id, tag_id, asset_id, value) values (1529, 8, 77, '3');
insert into tagvalue (id, tag_id, asset_id, value) values (1530, 9, 77, 'not mentioned');
insert into tagvalue (id, tag_id, asset_id, value) values (1531, 10, 77, '11');
insert into asset (id,name) values (78, 'SAMSUNG Galaxy A23 5G (Silver, 128 GB)');
insert into tagvalue (id, tag_id, asset_id, value) values (1541, 1, 78, 'SAMSUNG Galaxy A23 5G (Silver, 128 GB)');
insert into tagvalue (id, tag_id, asset_id, value) values (1542, 1, 78, '3.8');
insert into tagvalue (id, tag_id, asset_id, value) values (1543, 2, 78, '23999');
insert into tagvalue (id, tag_id, asset_id, value) values (1544, 3, 78, 'https://rukminim2.flixcart.com/image/312/312/xif0q/mobile/f/g/i/-original-imagmfhbbex3ubzy.jpeg?q=70');
insert into tagvalue (id, tag_id, asset_id, value) values (1545, 4, 78, '50');
insert into tagvalue (id, tag_id, asset_id, value) values (1546, 5, 78, 'LCD');
insert into tagvalue (id, tag_id, asset_id, value) values (1547, 6, 78, '5000');
insert into tagvalue (id, tag_id, asset_id, value) values (1548, 7, 78, '128');
insert into tagvalue (id, tag_id, asset_id, value) values (1549, 8, 78, '8');
insert into tagvalue (id, tag_id, asset_id, value) values (1550, 9, 78, 'Snapdragon695');
insert into tagvalue (id, tag_id, asset_id, value) values (1551, 10, 78, '12');
insert into asset (id,name) values (79, 'SAMSUNG Galaxy A34 5G (Awesome Silver, 128 GB)');
insert into tagvalue (id, tag_id, asset_id, value) values (1561, 1, 79, 'SAMSUNG Galaxy A34 5G (Awesome Silver, 128 GB)');
insert into tagvalue (id, tag_id, asset_id, value) values (1562, 1, 79, '4.2');
insert into tagvalue (id, tag_id, asset_id, value) values (1563, 2, 79, '30999');
insert into tagvalue (id, tag_id, asset_id, value) values (1564, 3, 79, 'https://rukminim2.flixcart.com/image/312/312/xif0q/mobile/e/l/l/galaxy-a34-5g-sm-a346ezseins-samsung-original-imagnpz4fqyfqzqq.jpeg?q=70');
insert into tagvalue (id, tag_id, asset_id, value) values (1565, 4, 79, '48');
insert into tagvalue (id, tag_id, asset_id, value) values (1566, 5, 79, 'other_types');
insert into tagvalue (id, tag_id, asset_id, value) values (1567, 6, 79, '5000');
insert into tagvalue (id, tag_id, asset_id, value) values (1568, 7, 79, '128');
insert into tagvalue (id, tag_id, asset_id, value) values (1569, 8, 79, '8');
insert into tagvalue (id, tag_id, asset_id, value) values (1570, 9, 79, 'Dimensity1080,');
insert into tagvalue (id, tag_id, asset_id, value) values (1571, 10, 79, '13');
insert into asset (id,name) values (80, 'SAMSUNG Galaxy F62 (Laser Blue, 128 GB)');
insert into tagvalue (id, tag_id, asset_id, value) values (1581, 1, 80, 'SAMSUNG Galaxy F62 (Laser Blue, 128 GB)');
insert into tagvalue (id, tag_id, asset_id, value) values (1582, 1, 80, '4.3');
insert into tagvalue (id, tag_id, asset_id, value) values (1583, 2, 80, '31999');
insert into tagvalue (id, tag_id, asset_id, value) values (1584, 3, 80, 'https://rukminim2.flixcart.com/image/312/312/klb78nk0/mobile/a/j/b/galaxy-f62-sm-e625fzbdins-samsung-original-imagygxtmgavmhbm.jpeg?q=70');
insert into tagvalue (id, tag_id, asset_id, value) values (1585, 4, 80, '64');
insert into tagvalue (id, tag_id, asset_id, value) values (1586, 5, 80, 'HD+ AMOLED');
insert into tagvalue (id, tag_id, asset_id, value) values (1587, 6, 80, '7000');
insert into tagvalue (id, tag_id, asset_id, value) values (1588, 7, 80, '128');
insert into tagvalue (id, tag_id, asset_id, value) values (1589, 8, 80, '8');
insert into tagvalue (id, tag_id, asset_id, value) values (1590, 9, 80, 'not mentioned');
insert into tagvalue (id, tag_id, asset_id, value) values (1591, 10, 80, '11');
insert into asset (id,name) values (81, 'SAMSUNG Galaxy S20 FE 5G (Cloud Navy, 128 GB)');
insert into tagvalue (id, tag_id, asset_id, value) values (1601, 1, 81, 'SAMSUNG Galaxy S20 FE 5G (Cloud Navy, 128 GB)');
insert into tagvalue (id, tag_id, asset_id, value) values (1602, 1, 81, '4.2');
insert into tagvalue (id, tag_id, asset_id, value) values (1603, 2, 81, '27995');
insert into tagvalue (id, tag_id, asset_id, value) values (1604, 3, 81, 'https://rukminim2.flixcart.com/image/312/312/xif0q/mobile/j/h/r/galaxy-s20-fe-5g-sm-g781b-ds-samsung-original-imagqhqyetny3sxq.jpeg?q=70');
insert into tagvalue (id, tag_id, asset_id, value) values (1605, 4, 81, '12');
insert into tagvalue (id, tag_id, asset_id, value) values (1606, 5, 81, 'other_types');
insert into tagvalue (id, tag_id, asset_id, value) values (1607, 6, 81, '4500');
insert into tagvalue (id, tag_id, asset_id, value) values (1608, 7, 81, '128');
insert into tagvalue (id, tag_id, asset_id, value) values (1609, 8, 81, '8');
insert into tagvalue (id, tag_id, asset_id, value) values (1610, 9, 81, 'not mentioned');
insert into tagvalue (id, tag_id, asset_id, value) values (1611, 10, 81, '10');
insert into asset (id,name) values (82, 'SAMSUNG Galaxy M53 5G (Deep Ocean Blue, 128 GB)');
insert into tagvalue (id, tag_id, asset_id, value) values (1621, 1, 82, 'SAMSUNG Galaxy M53 5G (Deep Ocean Blue, 128 GB)');
insert into tagvalue (id, tag_id, asset_id, value) values (1622, 1, 82, '4.0');
insert into tagvalue (id, tag_id, asset_id, value) values (1623, 2, 82, '29999');
insert into tagvalue (id, tag_id, asset_id, value) values (1624, 3, 82, 'https://rukminim2.flixcart.com/image/312/312/xif0q/mobile/g/o/0/-original-imagfzjymhrwrebm.jpeg?q=70');
insert into tagvalue (id, tag_id, asset_id, value) values (1625, 4, 82, '108');
insert into tagvalue (id, tag_id, asset_id, value) values (1626, 5, 82, 'other_types');
insert into tagvalue (id, tag_id, asset_id, value) values (1627, 6, 82, '5000');
insert into tagvalue (id, tag_id, asset_id, value) values (1628, 7, 82, '128');
insert into tagvalue (id, tag_id, asset_id, value) values (1629, 8, 82, '8');
insert into tagvalue (id, tag_id, asset_id, value) values (1630, 9, 82, 'not mentioned');
insert into tagvalue (id, tag_id, asset_id, value) values (1631, 10, 82, '12');
insert into asset (id,name) values (83, 'SAMSUNG Galaxy A03 Core (Black, 32 GB)');
insert into tagvalue (id, tag_id, asset_id, value) values (1641, 1, 83, 'SAMSUNG Galaxy A03 Core (Black, 32 GB)');
insert into tagvalue (id, tag_id, asset_id, value) values (1642, 1, 83, '4.1');
insert into tagvalue (id, tag_id, asset_id, value) values (1643, 2, 83, '7189');
insert into tagvalue (id, tag_id, asset_id, value) values (1644, 3, 83, 'https://rukminim2.flixcart.com/image/312/312/kwqq1zk0/mobile/j/0/f/-original-imag9cm79ubcv4bd.jpeg?q=70');
insert into tagvalue (id, tag_id, asset_id, value) values (1645, 4, 83, '8');
insert into tagvalue (id, tag_id, asset_id, value) values (1646, 5, 83, 'LCD');
insert into tagvalue (id, tag_id, asset_id, value) values (1647, 6, 83, '5000');
insert into tagvalue (id, tag_id, asset_id, value) values (1648, 7, 83, '32');
insert into tagvalue (id, tag_id, asset_id, value) values (1649, 8, 83, '2');
insert into tagvalue (id, tag_id, asset_id, value) values (1650, 9, 83, 'not mentioned');
insert into tagvalue (id, tag_id, asset_id, value) values (1651, 10, 83, '11');
insert into asset (id,name) values (84, 'SAMSUNG Galaxy S22 Ultra 5G (Green, 256 GB)');
insert into tagvalue (id, tag_id, asset_id, value) values (1661, 1, 84, 'SAMSUNG Galaxy S22 Ultra 5G (Green, 256 GB)');
insert into tagvalue (id, tag_id, asset_id, value) values (1662, 1, 84, '4.3');
insert into tagvalue (id, tag_id, asset_id, value) values (1663, 2, 84, '17964');
insert into tagvalue (id, tag_id, asset_id, value) values (1664, 3, 84, 'https://rukminim2.flixcart.com/image/312/312/xif0q/mobile/g/h/2/-original-imaggj68pbbezxcr.jpeg?q=70');
insert into tagvalue (id, tag_id, asset_id, value) values (1665, 4, 84, '108');
insert into tagvalue (id, tag_id, asset_id, value) values (1666, 5, 84, 'AMOLED');
insert into tagvalue (id, tag_id, asset_id, value) values (1667, 6, 84, '5000');
insert into tagvalue (id, tag_id, asset_id, value) values (1668, 7, 84, '256');
insert into tagvalue (id, tag_id, asset_id, value) values (1669, 8, 84, '12');
insert into tagvalue (id, tag_id, asset_id, value) values (1670, 9, 84, 'not mentioned');
insert into tagvalue (id, tag_id, asset_id, value) values (1671, 10, 84, '12');
insert into asset (id,name) values (85, 'SAMSUNG GALAXY M13 (Stardust Brown, 64 GB)');
insert into tagvalue (id, tag_id, asset_id, value) values (1681, 1, 85, 'SAMSUNG GALAXY M13 (Stardust Brown, 64 GB)');
insert into tagvalue (id, tag_id, asset_id, value) values (1682, 1, 85, '4.2');
insert into tagvalue (id, tag_id, asset_id, value) values (1683, 2, 85, '10490');
insert into tagvalue (id, tag_id, asset_id, value) values (1684, 3, 85, 'https://rukminim2.flixcart.com/image/312/312/xif0q/mobile/d/h/f/-original-imagghcfzz2n8gxc.jpeg?q=70');
insert into tagvalue (id, tag_id, asset_id, value) values (1685, 4, 85, '50');
insert into tagvalue (id, tag_id, asset_id, value) values (1686, 5, 85, 'other_types');
insert into tagvalue (id, tag_id, asset_id, value) values (1687, 6, 85, '6000');
insert into tagvalue (id, tag_id, asset_id, value) values (1688, 7, 85, '64');
insert into tagvalue (id, tag_id, asset_id, value) values (1689, 8, 85, '4');
insert into tagvalue (id, tag_id, asset_id, value) values (1690, 9, 85, 'not mentioned');
insert into tagvalue (id, tag_id, asset_id, value) values (1691, 10, 85, '12');
insert into asset (id,name) values (86, 'SAMSUNG Galaxy M12 (Black, 64 GB)');
insert into tagvalue (id, tag_id, asset_id, value) values (1701, 1, 86, 'SAMSUNG Galaxy M12 (Black, 64 GB)');
insert into tagvalue (id, tag_id, asset_id, value) values (1702, 1, 86, '4.2');
insert into tagvalue (id, tag_id, asset_id, value) values (1703, 2, 86, '12498');
insert into tagvalue (id, tag_id, asset_id, value) values (1704, 3, 86, 'https://rukminim2.flixcart.com/image/312/312/kmjhw280/mobile/0/n/y/galaxy-m12-galaxy-m12-samsung-original-imagffyz6hhrw5s5.jpeg?q=70');
insert into tagvalue (id, tag_id, asset_id, value) values (1705, 4, 86, '48');
insert into tagvalue (id, tag_id, asset_id, value) values (1706, 5, 86, 'other_types');
insert into tagvalue (id, tag_id, asset_id, value) values (1707, 6, 86, '6000');
insert into tagvalue (id, tag_id, asset_id, value) values (1708, 7, 86, '64');
insert into tagvalue (id, tag_id, asset_id, value) values (1709, 8, 86, '4');
insert into tagvalue (id, tag_id, asset_id, value) values (1710, 9, 86, 'not mentioned');
insert into tagvalue (id, tag_id, asset_id, value) values (1711, 10, 86, '11');
insert into asset (id,name) values (87, 'SAMSUNG Galaxy A34 5G (Awesome Graphite, 128 GB)');
insert into tagvalue (id, tag_id, asset_id, value) values (1721, 1, 87, 'SAMSUNG Galaxy A34 5G (Awesome Graphite, 128 GB)');
insert into tagvalue (id, tag_id, asset_id, value) values (1722, 1, 87, '4.2');
insert into tagvalue (id, tag_id, asset_id, value) values (1723, 2, 87, '30999');
insert into tagvalue (id, tag_id, asset_id, value) values (1724, 3, 87, 'https://rukminim2.flixcart.com/image/312/312/xif0q/mobile/a/a/v/galaxy-a34-5g-sm-a346ezkeins-samsung-original-imagnpz4h7xg6pgg.jpeg?q=70');
insert into tagvalue (id, tag_id, asset_id, value) values (1725, 4, 87, '48');
insert into tagvalue (id, tag_id, asset_id, value) values (1726, 5, 87, 'other_types');
insert into tagvalue (id, tag_id, asset_id, value) values (1727, 6, 87, '5000');
insert into tagvalue (id, tag_id, asset_id, value) values (1728, 7, 87, '128');
insert into tagvalue (id, tag_id, asset_id, value) values (1729, 8, 87, '8');
insert into tagvalue (id, tag_id, asset_id, value) values (1730, 9, 87, 'Dimensity1080,');
insert into tagvalue (id, tag_id, asset_id, value) values (1731, 10, 87, '13');
insert into asset (id,name) values (88, 'SAMSUNG Galaxy S22 Ultra 5G (Phantom Black, 256 GB)');
insert into tagvalue (id, tag_id, asset_id, value) values (1741, 1, 88, 'SAMSUNG Galaxy S22 Ultra 5G (Phantom Black, 256 GB)');
insert into tagvalue (id, tag_id, asset_id, value) values (1742, 1, 88, '4.3');
insert into tagvalue (id, tag_id, asset_id, value) values (1743, 2, 88, '19464');
insert into tagvalue (id, tag_id, asset_id, value) values (1744, 3, 88, 'https://rukminim2.flixcart.com/image/312/312/xif0q/mobile/w/t/r/-original-imaggj68cgtdacxn.jpeg?q=70');
insert into tagvalue (id, tag_id, asset_id, value) values (1745, 4, 88, '108');
insert into tagvalue (id, tag_id, asset_id, value) values (1746, 5, 88, 'AMOLED');
insert into tagvalue (id, tag_id, asset_id, value) values (1747, 6, 88, '5000');
insert into tagvalue (id, tag_id, asset_id, value) values (1748, 7, 88, '256');
insert into tagvalue (id, tag_id, asset_id, value) values (1749, 8, 88, '12');
insert into tagvalue (id, tag_id, asset_id, value) values (1750, 9, 88, 'not mentioned');
insert into tagvalue (id, tag_id, asset_id, value) values (1751, 10, 88, '12');
insert into asset (id,name) values (89, 'SAMSUNG Galaxy S23 5G (Green, 256 GB)');
insert into tagvalue (id, tag_id, asset_id, value) values (1761, 1, 89, 'SAMSUNG Galaxy S23 5G (Green, 256 GB)');
insert into tagvalue (id, tag_id, asset_id, value) values (1762, 1, 89, '4.5');
insert into tagvalue (id, tag_id, asset_id, value) values (1763, 2, 89, '14463');
insert into tagvalue (id, tag_id, asset_id, value) values (1764, 3, 89, 'https://rukminim2.flixcart.com/image/312/312/xif0q/mobile/s/j/p/-original-imagmg6gmq9kzq9j.jpeg?q=70');
insert into tagvalue (id, tag_id, asset_id, value) values (1765, 4, 89, '50');
insert into tagvalue (id, tag_id, asset_id, value) values (1766, 5, 89, 'HD+ AMOLED');
insert into tagvalue (id, tag_id, asset_id, value) values (1767, 6, 89, '3900');
insert into tagvalue (id, tag_id, asset_id, value) values (1768, 7, 89, '256');
insert into tagvalue (id, tag_id, asset_id, value) values (1769, 8, 89, '8');
insert into tagvalue (id, tag_id, asset_id, value) values (1770, 9, 89, 'Gen8');
insert into tagvalue (id, tag_id, asset_id, value) values (1771, 10, 89, '13');
insert into asset (id,name) values (90, 'SAMSUNG Galaxy S23 5G (Green, 128 GB)');
insert into tagvalue (id, tag_id, asset_id, value) values (1781, 1, 90, 'SAMSUNG Galaxy S23 5G (Green, 128 GB)');
insert into tagvalue (id, tag_id, asset_id, value) values (1782, 1, 90, '4.5');
insert into tagvalue (id, tag_id, asset_id, value) values (1783, 2, 90, '9463');
insert into tagvalue (id, tag_id, asset_id, value) values (1784, 3, 90, 'https://rukminim2.flixcart.com/image/312/312/xif0q/mobile/s/j/p/-original-imagmg6gmq9kzq9j.jpeg?q=70');
insert into tagvalue (id, tag_id, asset_id, value) values (1785, 4, 90, '50');
insert into tagvalue (id, tag_id, asset_id, value) values (1786, 5, 90, 'HD+ AMOLED');
insert into tagvalue (id, tag_id, asset_id, value) values (1787, 6, 90, '3900');
insert into tagvalue (id, tag_id, asset_id, value) values (1788, 7, 90, '128');
insert into tagvalue (id, tag_id, asset_id, value) values (1789, 8, 90, '8');
insert into tagvalue (id, tag_id, asset_id, value) values (1790, 9, 90, 'Gen8');
insert into tagvalue (id, tag_id, asset_id, value) values (1791, 10, 90, '13');
insert into asset (id,name) values (91, 'SAMSUNG Galaxy A03 Core (Mint, 32 GB)');
insert into tagvalue (id, tag_id, asset_id, value) values (1801, 1, 91, 'SAMSUNG Galaxy A03 Core (Mint, 32 GB)');
insert into tagvalue (id, tag_id, asset_id, value) values (1802, 1, 91, '4.1');
insert into tagvalue (id, tag_id, asset_id, value) values (1803, 2, 91, '7199');
insert into tagvalue (id, tag_id, asset_id, value) values (1804, 3, 91, 'https://rukminim2.flixcart.com/image/312/312/xif0q/mobile/s/v/p/galaxy-a03-core-sm-a032flgd-samsung-original-imagg6h7sqygbdcs.jpeg?q=70');
insert into tagvalue (id, tag_id, asset_id, value) values (1805, 4, 91, '8');
insert into tagvalue (id, tag_id, asset_id, value) values (1806, 5, 91, 'other_types');
insert into tagvalue (id, tag_id, asset_id, value) values (1807, 6, 91, '5000');
insert into tagvalue (id, tag_id, asset_id, value) values (1808, 7, 91, '32');
insert into tagvalue (id, tag_id, asset_id, value) values (1809, 8, 91, '2');
insert into tagvalue (id, tag_id, asset_id, value) values (1810, 9, 91, 'not mentioned');
insert into tagvalue (id, tag_id, asset_id, value) values (1811, 10, 91, '11');
insert into asset (id,name) values (92, 'SAMSUNG Galaxy S23 5G (Lavender, 256 GB)');
insert into tagvalue (id, tag_id, asset_id, value) values (1821, 1, 92, 'SAMSUNG Galaxy S23 5G (Lavender, 256 GB)');
insert into tagvalue (id, tag_id, asset_id, value) values (1822, 1, 92, '4.5');
insert into tagvalue (id, tag_id, asset_id, value) values (1823, 2, 92, '14463');
insert into tagvalue (id, tag_id, asset_id, value) values (1824, 3, 92, 'https://rukminim2.flixcart.com/image/312/312/xif0q/mobile/g/l/3/-original-imagmg6gyu3zemex.jpeg?q=70');
insert into tagvalue (id, tag_id, asset_id, value) values (1825, 4, 92, '50');
insert into tagvalue (id, tag_id, asset_id, value) values (1826, 5, 92, 'HD+ AMOLED');
insert into tagvalue (id, tag_id, asset_id, value) values (1827, 6, 92, '3900');
insert into tagvalue (id, tag_id, asset_id, value) values (1828, 7, 92, '256');
insert into tagvalue (id, tag_id, asset_id, value) values (1829, 8, 92, '8');
insert into tagvalue (id, tag_id, asset_id, value) values (1830, 9, 92, 'Gen8');
insert into tagvalue (id, tag_id, asset_id, value) values (1831, 10, 92, '13');
insert into asset (id,name) values (93, 'SAMSUNG Galaxy M32 (Black, 64 GB)');
insert into tagvalue (id, tag_id, asset_id, value) values (1841, 1, 93, 'SAMSUNG Galaxy M32 (Black, 64 GB)');
insert into tagvalue (id, tag_id, asset_id, value) values (1842, 1, 93, '4.2');
insert into tagvalue (id, tag_id, asset_id, value) values (1843, 2, 93, '14999');
insert into tagvalue (id, tag_id, asset_id, value) values (1844, 3, 93, 'https://rukminim2.flixcart.com/image/312/312/xif0q/mobile/w/p/v/-original-imag4pfhmcgbhtuv.jpeg?q=70');
insert into tagvalue (id, tag_id, asset_id, value) values (1845, 4, 93, '64');
insert into tagvalue (id, tag_id, asset_id, value) values (1846, 5, 93, 'other_types');
insert into tagvalue (id, tag_id, asset_id, value) values (1847, 6, 93, '6000');
insert into tagvalue (id, tag_id, asset_id, value) values (1848, 7, 93, '64');
insert into tagvalue (id, tag_id, asset_id, value) values (1849, 8, 93, '4');
insert into tagvalue (id, tag_id, asset_id, value) values (1850, 9, 93, 'not mentioned');
insert into tagvalue (id, tag_id, asset_id, value) values (1851, 10, 93, '11');
insert into asset (id,name) values (94, 'SAMSUNG Galaxy S23 5G (Phantom Black, 128 GB)');
insert into tagvalue (id, tag_id, asset_id, value) values (1861, 1, 94, 'SAMSUNG Galaxy S23 5G (Phantom Black, 128 GB)');
insert into tagvalue (id, tag_id, asset_id, value) values (1862, 1, 94, '4.5');
insert into tagvalue (id, tag_id, asset_id, value) values (1863, 2, 94, '9463');
insert into tagvalue (id, tag_id, asset_id, value) values (1864, 3, 94, 'https://rukminim2.flixcart.com/image/312/312/xif0q/mobile/t/7/r/-original-imagmg6gyxbn4md9.jpeg?q=70');
insert into tagvalue (id, tag_id, asset_id, value) values (1865, 4, 94, '50');
insert into tagvalue (id, tag_id, asset_id, value) values (1866, 5, 94, 'HD+ AMOLED');
insert into tagvalue (id, tag_id, asset_id, value) values (1867, 6, 94, '3900');
insert into tagvalue (id, tag_id, asset_id, value) values (1868, 7, 94, '128');
insert into tagvalue (id, tag_id, asset_id, value) values (1869, 8, 94, '8');
insert into tagvalue (id, tag_id, asset_id, value) values (1870, 9, 94, 'Gen8');
insert into tagvalue (id, tag_id, asset_id, value) values (1871, 10, 94, '13');
insert into asset (id,name) values (95, 'SAMSUNG Galaxy S23 5G (Phantom Black, 256 GB)');
insert into tagvalue (id, tag_id, asset_id, value) values (1881, 1, 95, 'SAMSUNG Galaxy S23 5G (Phantom Black, 256 GB)');
insert into tagvalue (id, tag_id, asset_id, value) values (1882, 1, 95, '4.5');
insert into tagvalue (id, tag_id, asset_id, value) values (1883, 2, 95, '14463');
insert into tagvalue (id, tag_id, asset_id, value) values (1884, 3, 95, 'https://rukminim2.flixcart.com/image/312/312/xif0q/mobile/t/7/r/-original-imagmg6gyxbn4md9.jpeg?q=70');
insert into tagvalue (id, tag_id, asset_id, value) values (1885, 4, 95, '50');
insert into tagvalue (id, tag_id, asset_id, value) values (1886, 5, 95, 'HD+ AMOLED');
insert into tagvalue (id, tag_id, asset_id, value) values (1887, 6, 95, '3900');
insert into tagvalue (id, tag_id, asset_id, value) values (1888, 7, 95, '256');
insert into tagvalue (id, tag_id, asset_id, value) values (1889, 8, 95, '8');
insert into tagvalue (id, tag_id, asset_id, value) values (1890, 9, 95, 'Gen8');
insert into tagvalue (id, tag_id, asset_id, value) values (1891, 10, 95, '13');
insert into asset (id,name) values (96, 'SAMSUNG Galaxy A34 5G (Awesome Lime, 128 GB)');
insert into tagvalue (id, tag_id, asset_id, value) values (1901, 1, 96, 'SAMSUNG Galaxy A34 5G (Awesome Lime, 128 GB)');
insert into tagvalue (id, tag_id, asset_id, value) values (1902, 1, 96, '4.2');
insert into tagvalue (id, tag_id, asset_id, value) values (1903, 2, 96, '30999');
insert into tagvalue (id, tag_id, asset_id, value) values (1904, 3, 96, 'https://rukminim2.flixcart.com/image/312/312/xif0q/mobile/0/h/m/galaxy-a34-5g-sm-a346elgains-samsung-original-imagnpz52hphfccb.jpeg?q=70');
insert into tagvalue (id, tag_id, asset_id, value) values (1905, 4, 96, '48');
insert into tagvalue (id, tag_id, asset_id, value) values (1906, 5, 96, 'other_types');
insert into tagvalue (id, tag_id, asset_id, value) values (1907, 6, 96, '5000');
insert into tagvalue (id, tag_id, asset_id, value) values (1908, 7, 96, '128');
insert into tagvalue (id, tag_id, asset_id, value) values (1909, 8, 96, '8');
insert into tagvalue (id, tag_id, asset_id, value) values (1910, 9, 96, 'Dimensity1080,');
insert into tagvalue (id, tag_id, asset_id, value) values (1911, 10, 96, '13');
insert into asset (id,name) values (97, 'SAMSUNG Galaxy A13 (Black, 128 GB)');
insert into tagvalue (id, tag_id, asset_id, value) values (1921, 1, 97, 'SAMSUNG Galaxy A13 (Black, 128 GB)');
insert into tagvalue (id, tag_id, asset_id, value) values (1922, 1, 97, '4.2');
insert into tagvalue (id, tag_id, asset_id, value) values (1923, 2, 97, '16499');
insert into tagvalue (id, tag_id, asset_id, value) values (1924, 3, 97, 'https://rukminim2.flixcart.com/image/312/312/l19m93k0/mobile/g/q/o/-original-imagcv74epgf4fya.jpeg?q=70');
insert into tagvalue (id, tag_id, asset_id, value) values (1925, 4, 97, '50');
insert into tagvalue (id, tag_id, asset_id, value) values (1926, 5, 97, 'other_types');
insert into tagvalue (id, tag_id, asset_id, value) values (1927, 6, 97, '5000');
insert into tagvalue (id, tag_id, asset_id, value) values (1928, 7, 97, '128');
insert into tagvalue (id, tag_id, asset_id, value) values (1929, 8, 97, '6');
insert into tagvalue (id, tag_id, asset_id, value) values (1930, 9, 97, 'not mentioned');
insert into tagvalue (id, tag_id, asset_id, value) values (1931, 10, 97, '12');
insert into asset (id,name) values (98, 'SAMSUNG Galaxy S23 5G (Cream, 256 GB)');
insert into tagvalue (id, tag_id, asset_id, value) values (1941, 1, 98, 'SAMSUNG Galaxy S23 5G (Cream, 256 GB)');
insert into tagvalue (id, tag_id, asset_id, value) values (1942, 1, 98, '4.5');
insert into tagvalue (id, tag_id, asset_id, value) values (1943, 2, 98, '14463');
insert into tagvalue (id, tag_id, asset_id, value) values (1944, 3, 98, 'https://rukminim2.flixcart.com/image/312/312/xif0q/mobile/1/r/n/-original-imagmg6gyzgzzszt.jpeg?q=70');
insert into tagvalue (id, tag_id, asset_id, value) values (1945, 4, 98, '50');
insert into tagvalue (id, tag_id, asset_id, value) values (1946, 5, 98, 'HD+ AMOLED');
insert into tagvalue (id, tag_id, asset_id, value) values (1947, 6, 98, '3900');
insert into tagvalue (id, tag_id, asset_id, value) values (1948, 7, 98, '256');
insert into tagvalue (id, tag_id, asset_id, value) values (1949, 8, 98, '8');
insert into tagvalue (id, tag_id, asset_id, value) values (1950, 9, 98, 'Gen8');
insert into tagvalue (id, tag_id, asset_id, value) values (1951, 10, 98, '13');
insert into asset (id,name) values (99, 'SAMSUNG Galaxy S23 5G (Cream, 128 GB)');
insert into tagvalue (id, tag_id, asset_id, value) values (1961, 1, 99, 'SAMSUNG Galaxy S23 5G (Cream, 128 GB)');
insert into tagvalue (id, tag_id, asset_id, value) values (1962, 1, 99, '4.5');
insert into tagvalue (id, tag_id, asset_id, value) values (1963, 2, 99, '9463');
insert into tagvalue (id, tag_id, asset_id, value) values (1964, 3, 99, 'https://rukminim2.flixcart.com/image/312/312/xif0q/mobile/1/r/n/-original-imagmg6gyzgzzszt.jpeg?q=70');
insert into tagvalue (id, tag_id, asset_id, value) values (1965, 4, 99, '50');
insert into tagvalue (id, tag_id, asset_id, value) values (1966, 5, 99, 'HD+ AMOLED');
insert into tagvalue (id, tag_id, asset_id, value) values (1967, 6, 99, '3900');
insert into tagvalue (id, tag_id, asset_id, value) values (1968, 7, 99, '128');
insert into tagvalue (id, tag_id, asset_id, value) values (1969, 8, 99, '8');
insert into tagvalue (id, tag_id, asset_id, value) values (1970, 9, 99, 'Gen8');
insert into tagvalue (id, tag_id, asset_id, value) values (1971, 10, 99, '13');
insert into asset (id,name) values (100, 'SAMSUNG Galaxy M11 (Metallic Blue, 64 GB)');
insert into tagvalue (id, tag_id, asset_id, value) values (1981, 1, 100, 'SAMSUNG Galaxy M11 (Metallic Blue, 64 GB)');
insert into tagvalue (id, tag_id, asset_id, value) values (1982, 1, 100, '4.2');
insert into tagvalue (id, tag_id, asset_id, value) values (1983, 2, 100, '12490');
insert into tagvalue (id, tag_id, asset_id, value) values (1984, 3, 100, 'https://rukminim2.flixcart.com/image/312/312/kavefm80/mobile/w/u/z/samsung-galaxy-m11-sm-m115fmbeins-original-imafscgycugcewty.jpeg?q=70');
insert into tagvalue (id, tag_id, asset_id, value) values (1985, 4, 100, '13');
insert into tagvalue (id, tag_id, asset_id, value) values (1986, 5, 100, 'LCD');
insert into tagvalue (id, tag_id, asset_id, value) values (1987, 6, 100, '5000');
insert into tagvalue (id, tag_id, asset_id, value) values (1988, 7, 100, '64');
insert into tagvalue (id, tag_id, asset_id, value) values (1989, 8, 100, '4');
insert into tagvalue (id, tag_id, asset_id, value) values (1990, 9, 100, 'Snapdragon(SDM450-F01)');
insert into tagvalue (id, tag_id, asset_id, value) values (1991, 10, 100, '10');
insert into asset (id,name) values (101, 'SAMSUNG Galaxy A53 (Awesome White, 128 GB)');
insert into tagvalue (id, tag_id, asset_id, value) values (2001, 1, 101, 'SAMSUNG Galaxy A53 (Awesome White, 128 GB)');
insert into tagvalue (id, tag_id, asset_id, value) values (2002, 1, 101, '4.0');
insert into tagvalue (id, tag_id, asset_id, value) values (2003, 2, 101, '31999');
insert into tagvalue (id, tag_id, asset_id, value) values (2004, 3, 101, 'https://rukminim2.flixcart.com/image/312/312/l3xcr680/mobile/u/j/j/-original-imagexezgtcfapss.jpeg?q=70');
insert into tagvalue (id, tag_id, asset_id, value) values (2005, 4, 101, '64');
insert into tagvalue (id, tag_id, asset_id, value) values (2006, 5, 101, 'HD+ AMOLED');
insert into tagvalue (id, tag_id, asset_id, value) values (2007, 6, 101, '5000');
insert into tagvalue (id, tag_id, asset_id, value) values (2008, 7, 101, '128');
insert into tagvalue (id, tag_id, asset_id, value) values (2009, 8, 101, '6');
insert into tagvalue (id, tag_id, asset_id, value) values (2010, 9, 101, 'not mentioned');
insert into tagvalue (id, tag_id, asset_id, value) values (2011, 10, 101, '12');
insert into asset (id,name) values (102, 'SAMSUNG Galaxy S23 5G (Lavender, 128 GB)');
insert into tagvalue (id, tag_id, asset_id, value) values (2021, 1, 102, 'SAMSUNG Galaxy S23 5G (Lavender, 128 GB)');
insert into tagvalue (id, tag_id, asset_id, value) values (2022, 1, 102, '4.5');
insert into tagvalue (id, tag_id, asset_id, value) values (2023, 2, 102, '9463');
insert into tagvalue (id, tag_id, asset_id, value) values (2024, 3, 102, 'https://rukminim2.flixcart.com/image/312/312/xif0q/mobile/g/l/3/-original-imagmg6gyu3zemex.jpeg?q=70');
insert into tagvalue (id, tag_id, asset_id, value) values (2025, 4, 102, '50');
insert into tagvalue (id, tag_id, asset_id, value) values (2026, 5, 102, 'HD+ AMOLED');
insert into tagvalue (id, tag_id, asset_id, value) values (2027, 6, 102, '3900');
insert into tagvalue (id, tag_id, asset_id, value) values (2028, 7, 102, '128');
insert into tagvalue (id, tag_id, asset_id, value) values (2029, 8, 102, '8');
insert into tagvalue (id, tag_id, asset_id, value) values (2030, 9, 102, 'Gen8');
insert into tagvalue (id, tag_id, asset_id, value) values (2031, 10, 102, '13');
insert into asset (id,name) values (103, 'SAMSUNG Galaxy F23 5G (Copper Blush, 128 GB)');
insert into tagvalue (id, tag_id, asset_id, value) values (2041, 1, 103, 'SAMSUNG Galaxy F23 5G (Copper Blush, 128 GB)');
insert into tagvalue (id, tag_id, asset_id, value) values (2042, 1, 103, '4.2');
insert into tagvalue (id, tag_id, asset_id, value) values (2043, 2, 103, '14499');
insert into tagvalue (id, tag_id, asset_id, value) values (2044, 3, 103, 'https://rukminim2.flixcart.com/image/312/312/xif0q/mobile/f/c/v/-original-imagehzbaw2wugme.jpeg?q=70');
insert into tagvalue (id, tag_id, asset_id, value) values (2045, 4, 103, '50');
insert into tagvalue (id, tag_id, asset_id, value) values (2046, 5, 103, 'other_types');
insert into tagvalue (id, tag_id, asset_id, value) values (2047, 6, 103, '5000');
insert into tagvalue (id, tag_id, asset_id, value) values (2048, 7, 103, '128');
insert into tagvalue (id, tag_id, asset_id, value) values (2049, 8, 103, '4');
insert into tagvalue (id, tag_id, asset_id, value) values (2050, 9, 103, 'Snapdragon750GProcessor');
insert into tagvalue (id, tag_id, asset_id, value) values (2051, 10, 103, '12');
insert into asset (id,name) values (104, 'SAMSUNG Galaxy A33 (Awesome Blue, 128 GB)');
insert into tagvalue (id, tag_id, asset_id, value) values (2061, 1, 104, 'SAMSUNG Galaxy A33 (Awesome Blue, 128 GB)');
insert into tagvalue (id, tag_id, asset_id, value) values (2062, 1, 104, '4.1');
insert into tagvalue (id, tag_id, asset_id, value) values (2063, 2, 104, '27499');
insert into tagvalue (id, tag_id, asset_id, value) values (2064, 3, 104, 'https://rukminim2.flixcart.com/image/312/312/l3xcr680/mobile/c/4/9/-original-imagexeyqhh6vwzk.jpeg?q=70');
insert into tagvalue (id, tag_id, asset_id, value) values (2065, 4, 104, '48');
insert into tagvalue (id, tag_id, asset_id, value) values (2066, 5, 104, 'other_types');
insert into tagvalue (id, tag_id, asset_id, value) values (2067, 6, 104, '5000');
insert into tagvalue (id, tag_id, asset_id, value) values (2068, 7, 104, '128');
insert into tagvalue (id, tag_id, asset_id, value) values (2069, 8, 104, '8');
insert into tagvalue (id, tag_id, asset_id, value) values (2070, 9, 104, 'not mentioned');
insert into tagvalue (id, tag_id, asset_id, value) values (2071, 10, 104, '12');
insert into asset (id,name) values (105, 'SAMSUNG Galaxy A33 (Awesome Black, 128 GB)');
insert into tagvalue (id, tag_id, asset_id, value) values (2081, 1, 105, 'SAMSUNG Galaxy A33 (Awesome Black, 128 GB)');
insert into tagvalue (id, tag_id, asset_id, value) values (2082, 1, 105, '4.1');
insert into tagvalue (id, tag_id, asset_id, value) values (2083, 2, 105, '27990');
insert into tagvalue (id, tag_id, asset_id, value) values (2084, 3, 105, 'https://rukminim2.flixcart.com/image/312/312/l3xcr680/mobile/n/u/4/-original-imagexeyrcz5ckyy.jpeg?q=70');
insert into tagvalue (id, tag_id, asset_id, value) values (2085, 4, 105, '48');
insert into tagvalue (id, tag_id, asset_id, value) values (2086, 5, 105, 'other_types');
insert into tagvalue (id, tag_id, asset_id, value) values (2087, 6, 105, '5000');
insert into tagvalue (id, tag_id, asset_id, value) values (2088, 7, 105, '128');
insert into tagvalue (id, tag_id, asset_id, value) values (2089, 8, 105, '8');
insert into tagvalue (id, tag_id, asset_id, value) values (2090, 9, 105, 'not mentioned');
insert into tagvalue (id, tag_id, asset_id, value) values (2091, 10, 105, '12');
insert into asset (id,name) values (106, 'SAMSUNG Galaxy M32 (Black, 128 GB)');
insert into tagvalue (id, tag_id, asset_id, value) values (2101, 1, 106, 'SAMSUNG Galaxy M32 (Black, 128 GB)');
insert into tagvalue (id, tag_id, asset_id, value) values (2102, 1, 106, '4.2');
insert into tagvalue (id, tag_id, asset_id, value) values (2103, 2, 106, '14995');
insert into tagvalue (id, tag_id, asset_id, value) values (2104, 3, 106, 'https://rukminim2.flixcart.com/image/312/312/xif0q/mobile/q/c/r/-original-imag4pfhh7mycw2u.jpeg?q=70');
insert into tagvalue (id, tag_id, asset_id, value) values (2105, 4, 106, '64');
insert into tagvalue (id, tag_id, asset_id, value) values (2106, 5, 106, 'other_types');
insert into tagvalue (id, tag_id, asset_id, value) values (2107, 6, 106, '6000');
insert into tagvalue (id, tag_id, asset_id, value) values (2108, 7, 106, '128');
insert into tagvalue (id, tag_id, asset_id, value) values (2109, 8, 106, '6');
insert into tagvalue (id, tag_id, asset_id, value) values (2110, 9, 106, 'not mentioned');
insert into tagvalue (id, tag_id, asset_id, value) values (2111, 10, 106, '11');
insert into asset (id,name) values (107, 'SAMSUNG Galaxy M31 (Ocean Blue, 64 GB)');
insert into tagvalue (id, tag_id, asset_id, value) values (2121, 1, 107, 'SAMSUNG Galaxy M31 (Ocean Blue, 64 GB)');
insert into tagvalue (id, tag_id, asset_id, value) values (2122, 1, 107, '4.3');
insert into tagvalue (id, tag_id, asset_id, value) values (2123, 2, 107, '18999');
insert into tagvalue (id, tag_id, asset_id, value) values (2124, 3, 107, 'https://rukminim2.flixcart.com/image/312/312/k7f34i80/mobile/h/e/4/samsung-galaxy-m31-sm-m315fzbdins-original-imafpnrzfeyrmq8a.jpeg?q=70');
insert into tagvalue (id, tag_id, asset_id, value) values (2125, 4, 107, '64');
insert into tagvalue (id, tag_id, asset_id, value) values (2126, 5, 107, 'other_types');
insert into tagvalue (id, tag_id, asset_id, value) values (2127, 6, 107, '6000');
insert into tagvalue (id, tag_id, asset_id, value) values (2128, 7, 107, '64');
insert into tagvalue (id, tag_id, asset_id, value) values (2129, 8, 107, '6');
insert into tagvalue (id, tag_id, asset_id, value) values (2130, 9, 107, 'not mentioned');
insert into tagvalue (id, tag_id, asset_id, value) values (2131, 10, 107, '10');
insert into asset (id,name) values (108, 'SAMSUNG Galaxy A03 (Red, 32 GB)');
insert into tagvalue (id, tag_id, asset_id, value) values (2141, 1, 108, 'SAMSUNG Galaxy A03 (Red, 32 GB)');
insert into tagvalue (id, tag_id, asset_id, value) values (2142, 1, 108, '4.1');
insert into tagvalue (id, tag_id, asset_id, value) values (2143, 2, 108, '9498');
insert into tagvalue (id, tag_id, asset_id, value) values (2144, 3, 108, 'https://rukminim2.flixcart.com/image/312/312/l0sgyvk0/mobile/s/y/1/-original-imagchh82ezdsfca.jpeg?q=70');
insert into tagvalue (id, tag_id, asset_id, value) values (2145, 4, 108, '48');
insert into tagvalue (id, tag_id, asset_id, value) values (2146, 5, 108, 'other_types');
insert into tagvalue (id, tag_id, asset_id, value) values (2147, 6, 108, '5000');
insert into tagvalue (id, tag_id, asset_id, value) values (2148, 7, 108, '32');
insert into tagvalue (id, tag_id, asset_id, value) values (2149, 8, 108, '3');
insert into tagvalue (id, tag_id, asset_id, value) values (2150, 9, 108, 'not mentioned');
insert into tagvalue (id, tag_id, asset_id, value) values (2151, 10, 108, '11');
insert into asset (id,name) values (109, 'SAMSUNG Galaxy A52 (Awesome Blue, 128 GB)');
insert into tagvalue (id, tag_id, asset_id, value) values (2161, 1, 109, 'SAMSUNG Galaxy A52 (Awesome Blue, 128 GB)');
insert into tagvalue (id, tag_id, asset_id, value) values (2162, 1, 109, '4.3');
insert into tagvalue (id, tag_id, asset_id, value) values (2163, 2, 109, '24990');
insert into tagvalue (id, tag_id, asset_id, value) values (2164, 3, 109, 'https://rukminim2.flixcart.com/image/312/312/kmf7ki80/mobile/s/z/a/galaxy-a52-sm-a525fzbgins-samsung-original-imagfb4xdvtk8zzb.jpeg?q=70');
insert into tagvalue (id, tag_id, asset_id, value) values (2165, 4, 109, '64');
insert into tagvalue (id, tag_id, asset_id, value) values (2166, 5, 109, 'HD+ AMOLED');
insert into tagvalue (id, tag_id, asset_id, value) values (2167, 6, 109, '4500');
insert into tagvalue (id, tag_id, asset_id, value) values (2168, 7, 109, '128');
insert into tagvalue (id, tag_id, asset_id, value) values (2169, 8, 109, '8');
insert into tagvalue (id, tag_id, asset_id, value) values (2170, 9, 109, 'Snapdragon720GProcessor');
insert into tagvalue (id, tag_id, asset_id, value) values (2171, 10, 109, '11');
insert into asset (id,name) values (110, 'SAMSUNG Galaxy A23 5G (Orange, 128 GB)');
insert into tagvalue (id, tag_id, asset_id, value) values (2181, 1, 110, 'SAMSUNG Galaxy A23 5G (Orange, 128 GB)');
insert into tagvalue (id, tag_id, asset_id, value) values (2182, 1, 110, '3.8');
insert into tagvalue (id, tag_id, asset_id, value) values (2183, 2, 110, '23999');
insert into tagvalue (id, tag_id, asset_id, value) values (2184, 3, 110, 'https://rukminim2.flixcart.com/image/312/312/xif0q/mobile/n/p/g/-original-imagm2jtdqagpcfe.jpeg?q=70');
insert into tagvalue (id, tag_id, asset_id, value) values (2185, 4, 110, '50');
insert into tagvalue (id, tag_id, asset_id, value) values (2186, 5, 110, 'LCD');
insert into tagvalue (id, tag_id, asset_id, value) values (2187, 6, 110, '5000');
insert into tagvalue (id, tag_id, asset_id, value) values (2188, 7, 110, '128');
insert into tagvalue (id, tag_id, asset_id, value) values (2189, 8, 110, '8');
insert into tagvalue (id, tag_id, asset_id, value) values (2190, 9, 110, 'Snapdragon695');
insert into tagvalue (id, tag_id, asset_id, value) values (2191, 10, 110, '12');
insert into asset (id,name) values (111, 'SAMSUNG Galaxy A04e (Copper, 64 GB)');
insert into tagvalue (id, tag_id, asset_id, value) values (2201, 1, 111, 'SAMSUNG Galaxy A04e (Copper, 64 GB)');
insert into tagvalue (id, tag_id, asset_id, value) values (2202, 1, 111, '4.2');
insert into tagvalue (id, tag_id, asset_id, value) values (2203, 2, 111, '9999');
insert into tagvalue (id, tag_id, asset_id, value) values (2204, 3, 111, 'https://rukminim2.flixcart.com/image/312/312/xif0q/mobile/s/y/r/-original-imagh2pqgpzrajbp.jpeg?q=70');
insert into tagvalue (id, tag_id, asset_id, value) values (2205, 4, 111, '13');
insert into tagvalue (id, tag_id, asset_id, value) values (2206, 5, 111, 'LCD');
insert into tagvalue (id, tag_id, asset_id, value) values (2207, 6, 111, '5000');
insert into tagvalue (id, tag_id, asset_id, value) values (2208, 7, 111, '64');
insert into tagvalue (id, tag_id, asset_id, value) values (2209, 8, 111, '3');
insert into tagvalue (id, tag_id, asset_id, value) values (2210, 9, 111, 'not mentioned');
insert into tagvalue (id, tag_id, asset_id, value) values (2211, 10, 111, '12');
insert into asset (id,name) values (112, 'SAMSUNG Galaxy M34 5G without charger (Prism Silver, 128 GB)');
insert into tagvalue (id, tag_id, asset_id, value) values (2221, 1, 112, 'SAMSUNG Galaxy M34 5G without charger (Prism Silver, 128 GB)');
insert into tagvalue (id, tag_id, asset_id, value) values (2222, 1, 112, '4.3');
insert into tagvalue (id, tag_id, asset_id, value) values (2223, 2, 112, '21399');
insert into tagvalue (id, tag_id, asset_id, value) values (2224, 3, 112, 'https://rukminim2.flixcart.com/image/312/312/xif0q/mobile/p/i/g/galaxy-m34-5g-without-charger-sm-m346b-samsung-original-imagrhrhbuja8grh.jpeg?q=70');
insert into tagvalue (id, tag_id, asset_id, value) values (2225, 4, 112, '50');
insert into tagvalue (id, tag_id, asset_id, value) values (2226, 5, 112, 'other_types');
insert into tagvalue (id, tag_id, asset_id, value) values (2227, 6, 112, '6000');
insert into tagvalue (id, tag_id, asset_id, value) values (2228, 7, 112, '128');
insert into tagvalue (id, tag_id, asset_id, value) values (2229, 8, 112, '6');
insert into tagvalue (id, tag_id, asset_id, value) values (2230, 9, 112, 'not mentioned');
insert into tagvalue (id, tag_id, asset_id, value) values (2231, 10, 112, '13');
insert into asset (id,name) values (113, 'SAMSUNG Galaxy F62 (Laser Green, 128 GB)');
insert into tagvalue (id, tag_id, asset_id, value) values (2241, 1, 113, 'SAMSUNG Galaxy F62 (Laser Green, 128 GB)');
insert into tagvalue (id, tag_id, asset_id, value) values (2242, 1, 113, '4.2');
insert into tagvalue (id, tag_id, asset_id, value) values (2243, 2, 113, '25999');
insert into tagvalue (id, tag_id, asset_id, value) values (2244, 3, 113, 'https://rukminim2.flixcart.com/image/312/312/klb78nk0/mobile/m/2/k/galaxy-f62-sm-e625fzggins-samsung-original-imagygxxse8gbaby.jpeg?q=70');
insert into tagvalue (id, tag_id, asset_id, value) values (2245, 4, 113, '64');
insert into tagvalue (id, tag_id, asset_id, value) values (2246, 5, 113, 'HD+ AMOLED');
insert into tagvalue (id, tag_id, asset_id, value) values (2247, 6, 113, '7000');
insert into tagvalue (id, tag_id, asset_id, value) values (2248, 7, 113, '128');
insert into tagvalue (id, tag_id, asset_id, value) values (2249, 8, 113, '8');
insert into tagvalue (id, tag_id, asset_id, value) values (2250, 9, 113, 'not mentioned');
insert into tagvalue (id, tag_id, asset_id, value) values (2251, 10, 113, '11');
insert into asset (id,name) values (114, 'SAMSUNG Galaxy M32 5G (Slate Black, 128 GB)');
insert into tagvalue (id, tag_id, asset_id, value) values (2261, 1, 114, 'SAMSUNG Galaxy M32 5G (Slate Black, 128 GB)');
insert into tagvalue (id, tag_id, asset_id, value) values (2262, 1, 114, '4.2');
insert into tagvalue (id, tag_id, asset_id, value) values (2263, 2, 114, '20999');
insert into tagvalue (id, tag_id, asset_id, value) values (2264, 3, 114, 'https://rukminim2.flixcart.com/image/312/312/xif0q/mobile/z/t/1/-original-imag6jm69crass7p.jpeg?q=70');
insert into tagvalue (id, tag_id, asset_id, value) values (2265, 4, 114, '48');
insert into tagvalue (id, tag_id, asset_id, value) values (2266, 5, 114, 'other_types');
insert into tagvalue (id, tag_id, asset_id, value) values (2267, 6, 114, '5000');
insert into tagvalue (id, tag_id, asset_id, value) values (2268, 7, 114, '128');
insert into tagvalue (id, tag_id, asset_id, value) values (2269, 8, 114, '8');
insert into tagvalue (id, tag_id, asset_id, value) values (2270, 9, 114, 'Dimensity720');
insert into tagvalue (id, tag_id, asset_id, value) values (2271, 10, 114, '11');
insert into asset (id,name) values (115, 'SAMSUNG Galaxy M12 (Blue, 64 GB)');
insert into tagvalue (id, tag_id, asset_id, value) values (2281, 1, 115, 'SAMSUNG Galaxy M12 (Blue, 64 GB)');
insert into tagvalue (id, tag_id, asset_id, value) values (2282, 1, 115, '4.3');
insert into tagvalue (id, tag_id, asset_id, value) values (2283, 2, 115, '10999');
insert into tagvalue (id, tag_id, asset_id, value) values (2284, 3, 115, 'https://rukminim2.flixcart.com/image/312/312/kmjhw280/mobile/h/k/v/galaxy-m12-galaxy-m12-samsung-original-imagffy3wzrmy7ep.jpeg?q=70');
insert into tagvalue (id, tag_id, asset_id, value) values (2285, 4, 115, '48');
insert into tagvalue (id, tag_id, asset_id, value) values (2286, 5, 115, 'other_types');
insert into tagvalue (id, tag_id, asset_id, value) values (2287, 6, 115, '6000');
insert into tagvalue (id, tag_id, asset_id, value) values (2288, 7, 115, '64');
insert into tagvalue (id, tag_id, asset_id, value) values (2289, 8, 115, '4');
insert into tagvalue (id, tag_id, asset_id, value) values (2290, 9, 115, 'not mentioned');
insert into tagvalue (id, tag_id, asset_id, value) values (2291, 10, 115, '11');
insert into asset (id,name) values (116, 'SAMSUNG Galaxy S22 Ultra 5G (Phantom Black, 256 GB)');
insert into tagvalue (id, tag_id, asset_id, value) values (2301, 1, 116, 'SAMSUNG Galaxy S22 Ultra 5G (Phantom Black, 256 GB)');
insert into tagvalue (id, tag_id, asset_id, value) values (2302, 1, 116, '4.3');
insert into tagvalue (id, tag_id, asset_id, value) values (2303, 2, 116, '20463');
insert into tagvalue (id, tag_id, asset_id, value) values (2304, 3, 116, 'https://rukminim2.flixcart.com/image/312/312/xif0q/mobile/w/t/r/-original-imaggj68cgtdacxn.jpeg?q=70');
insert into tagvalue (id, tag_id, asset_id, value) values (2305, 4, 116, '108');
insert into tagvalue (id, tag_id, asset_id, value) values (2306, 5, 116, 'AMOLED');
insert into tagvalue (id, tag_id, asset_id, value) values (2307, 6, 116, '5000');
insert into tagvalue (id, tag_id, asset_id, value) values (2308, 7, 116, '256');
insert into tagvalue (id, tag_id, asset_id, value) values (2309, 8, 116, '12');
insert into tagvalue (id, tag_id, asset_id, value) values (2310, 9, 116, 'not mentioned');
insert into tagvalue (id, tag_id, asset_id, value) values (2311, 10, 116, '12');
insert into asset (id,name) values (117, 'SAMSUNG Galaxy M12 (Blue, 128 GB)');
insert into tagvalue (id, tag_id, asset_id, value) values (2321, 1, 117, 'SAMSUNG Galaxy M12 (Blue, 128 GB)');
insert into tagvalue (id, tag_id, asset_id, value) values (2322, 1, 117, '4.3');
insert into tagvalue (id, tag_id, asset_id, value) values (2323, 2, 117, '15499');
insert into tagvalue (id, tag_id, asset_id, value) values (2324, 3, 117, 'https://rukminim2.flixcart.com/image/312/312/kmwcuq80/mobile/7/p/5/galaxy-m12-galaxy-m12-samsung-original-imagfzuhqtn5kpvj.jpeg?q=70');
insert into tagvalue (id, tag_id, asset_id, value) values (2325, 4, 117, '48');
insert into tagvalue (id, tag_id, asset_id, value) values (2326, 5, 117, 'other_types');
insert into tagvalue (id, tag_id, asset_id, value) values (2327, 6, 117, '6000');
insert into tagvalue (id, tag_id, asset_id, value) values (2328, 7, 117, '128');
insert into tagvalue (id, tag_id, asset_id, value) values (2329, 8, 117, '6');
insert into tagvalue (id, tag_id, asset_id, value) values (2330, 9, 117, 'not mentioned');
insert into tagvalue (id, tag_id, asset_id, value) values (2331, 10, 117, '11');
insert into asset (id,name) values (118, 'SAMSUNG Galaxy F12 (Sky Blue, 64 GB)');
insert into tagvalue (id, tag_id, asset_id, value) values (2341, 1, 118, 'SAMSUNG Galaxy F12 (Sky Blue, 64 GB)');
insert into tagvalue (id, tag_id, asset_id, value) values (2342, 1, 118, '4.1');
insert into tagvalue (id, tag_id, asset_id, value) values (2343, 2, 118, '10890');
insert into tagvalue (id, tag_id, asset_id, value) values (2344, 3, 118, 'https://rukminim2.flixcart.com/image/312/312/kn22m4w0/mobile/9/k/s/galaxy-f12-sm-f127glbiins-samsung-original-imagftmhhhvghq7w.jpeg?q=70');
insert into tagvalue (id, tag_id, asset_id, value) values (2345, 4, 118, '48');
insert into tagvalue (id, tag_id, asset_id, value) values (2346, 5, 118, 'other_types');
insert into tagvalue (id, tag_id, asset_id, value) values (2347, 6, 118, '6000');
insert into tagvalue (id, tag_id, asset_id, value) values (2348, 7, 118, '64');
insert into tagvalue (id, tag_id, asset_id, value) values (2349, 8, 118, '4');
insert into tagvalue (id, tag_id, asset_id, value) values (2350, 9, 118, 'not mentioned');
insert into tagvalue (id, tag_id, asset_id, value) values (2351, 10, 118, '11');
insert into asset (id,name) values (119, 'SAMSUNG A52s 5G (Awesome Black, 128 GB)');
insert into tagvalue (id, tag_id, asset_id, value) values (2361, 1, 119, 'SAMSUNG A52s 5G (Awesome Black, 128 GB)');
insert into tagvalue (id, tag_id, asset_id, value) values (2362, 1, 119, '4.0');
insert into tagvalue (id, tag_id, asset_id, value) values (2363, 2, 119, '30990');
insert into tagvalue (id, tag_id, asset_id, value) values (2364, 3, 119, 'https://rukminim2.flixcart.com/image/312/312/xif0q/mobile/6/h/n/a52s-5g-sm-a528b-ds-samsung-original-imaghg2dewy5p2j5.jpeg?q=70');
insert into tagvalue (id, tag_id, asset_id, value) values (2365, 4, 119, '64');
insert into tagvalue (id, tag_id, asset_id, value) values (2366, 5, 119, 'other_types');
insert into tagvalue (id, tag_id, asset_id, value) values (2367, 6, 119, '4500');
insert into tagvalue (id, tag_id, asset_id, value) values (2368, 7, 119, '128');
insert into tagvalue (id, tag_id, asset_id, value) values (2369, 8, 119, '6');
insert into tagvalue (id, tag_id, asset_id, value) values (2370, 9, 119, 'not mentioned');
insert into tagvalue (id, tag_id, asset_id, value) values (2371, 10, 119, '11');
insert into asset (id,name) values (120, 'SAMSUNG Galaxy S20 FE (Cloud Lavender, 128 GB)');
insert into tagvalue (id, tag_id, asset_id, value) values (2381, 1, 120, 'SAMSUNG Galaxy S20 FE (Cloud Lavender, 128 GB)');
insert into tagvalue (id, tag_id, asset_id, value) values (2382, 1, 120, '4.0');
insert into tagvalue (id, tag_id, asset_id, value) values (2383, 2, 120, '27944');
insert into tagvalue (id, tag_id, asset_id, value) values (2384, 3, 120, 'https://rukminim2.flixcart.com/image/312/312/kg15ocw0/mobile/j/n/e/samsung-galaxy-s20-fe-sm-g780flvnins-original-imafwd2jr9hyc77a.jpeg?q=70');
insert into tagvalue (id, tag_id, asset_id, value) values (2385, 4, 120, '32');
insert into tagvalue (id, tag_id, asset_id, value) values (2386, 5, 120, 'HD+ AMOLED');
insert into tagvalue (id, tag_id, asset_id, value) values (2387, 6, 120, '4500');
insert into tagvalue (id, tag_id, asset_id, value) values (2388, 7, 120, '128');
insert into tagvalue (id, tag_id, asset_id, value) values (2389, 8, 120, '8');
insert into tagvalue (id, tag_id, asset_id, value) values (2390, 9, 120, 'not mentioned');
insert into tagvalue (id, tag_id, asset_id, value) values (2391, 10, 120, '10');
insert into asset (id,name) values (121, 'SAMSUNG Galaxy A53 (Awesome Blue, 128 GB)');
insert into tagvalue (id, tag_id, asset_id, value) values (2401, 1, 121, 'SAMSUNG Galaxy A53 (Awesome Blue, 128 GB)');
insert into tagvalue (id, tag_id, asset_id, value) values (2402, 1, 121, '4.1');
insert into tagvalue (id, tag_id, asset_id, value) values (2403, 2, 121, '31999');
insert into tagvalue (id, tag_id, asset_id, value) values (2404, 3, 121, 'https://rukminim2.flixcart.com/image/312/312/l3xcr680/mobile/a/x/k/-original-imagexezkeefuadb.jpeg?q=70');
insert into tagvalue (id, tag_id, asset_id, value) values (2405, 4, 121, '64');
insert into tagvalue (id, tag_id, asset_id, value) values (2406, 5, 121, 'HD+ AMOLED');
insert into tagvalue (id, tag_id, asset_id, value) values (2407, 6, 121, '5000');
insert into tagvalue (id, tag_id, asset_id, value) values (2408, 7, 121, '128');
insert into tagvalue (id, tag_id, asset_id, value) values (2409, 8, 121, '6');
insert into tagvalue (id, tag_id, asset_id, value) values (2410, 9, 121, 'not mentioned');
insert into tagvalue (id, tag_id, asset_id, value) values (2411, 10, 121, '12');
insert into asset (id,name) values (122, 'SAMSUNG Galaxy A03 (Blue, 32 GB)');
insert into tagvalue (id, tag_id, asset_id, value) values (2421, 1, 122, 'SAMSUNG Galaxy A03 (Blue, 32 GB)');
insert into tagvalue (id, tag_id, asset_id, value) values (2422, 1, 122, '4.0');
insert into tagvalue (id, tag_id, asset_id, value) values (2423, 2, 122, '8991');
insert into tagvalue (id, tag_id, asset_id, value) values (2424, 3, 122, 'https://rukminim2.flixcart.com/image/312/312/l0sgyvk0/mobile/z/4/7/-original-imagchh89wufbej2.jpeg?q=70');
insert into tagvalue (id, tag_id, asset_id, value) values (2425, 4, 122, '48');
insert into tagvalue (id, tag_id, asset_id, value) values (2426, 5, 122, 'other_types');
insert into tagvalue (id, tag_id, asset_id, value) values (2427, 6, 122, '5000');
insert into tagvalue (id, tag_id, asset_id, value) values (2428, 7, 122, '32');
insert into tagvalue (id, tag_id, asset_id, value) values (2429, 8, 122, '3');
insert into tagvalue (id, tag_id, asset_id, value) values (2430, 9, 122, 'not mentioned');
insert into tagvalue (id, tag_id, asset_id, value) values (2431, 10, 122, '11');
insert into asset (id,name) values (123, 'SAMSUNG Galaxy A03s (Blue, 32 GB)');
insert into tagvalue (id, tag_id, asset_id, value) values (2441, 1, 123, 'SAMSUNG Galaxy A03s (Blue, 32 GB)');
insert into tagvalue (id, tag_id, asset_id, value) values (2442, 1, 123, '4.1');
insert into tagvalue (id, tag_id, asset_id, value) values (2443, 2, 123, '11499');
insert into tagvalue (id, tag_id, asset_id, value) values (2444, 3, 123, 'https://rukminim2.flixcart.com/image/312/312/ksgehzk0/mobile/x/q/1/galaxy-a03s-sm-a037fzbgins-sm-a037fzb6ins-samsung-original-imag6ygnvtkhgjzg.jpeg?q=70');
insert into tagvalue (id, tag_id, asset_id, value) values (2445, 4, 123, '13');
insert into tagvalue (id, tag_id, asset_id, value) values (2446, 5, 123, 'LCD');
insert into tagvalue (id, tag_id, asset_id, value) values (2447, 6, 123, '5000');
insert into tagvalue (id, tag_id, asset_id, value) values (2448, 7, 123, '32');
insert into tagvalue (id, tag_id, asset_id, value) values (2449, 8, 123, '3');
insert into tagvalue (id, tag_id, asset_id, value) values (2450, 9, 123, 'Heilo356765');
insert into tagvalue (id, tag_id, asset_id, value) values (2451, 10, 123, '11');
insert into asset (id,name) values (124, 'SAMSUNG Galaxy F42 5G (Matte Aqua, 128 GB)');
insert into tagvalue (id, tag_id, asset_id, value) values (2461, 1, 124, 'SAMSUNG Galaxy F42 5G (Matte Aqua, 128 GB)');
insert into tagvalue (id, tag_id, asset_id, value) values (2462, 1, 124, '4.1');
insert into tagvalue (id, tag_id, asset_id, value) values (2463, 2, 124, '22999');
insert into tagvalue (id, tag_id, asset_id, value) values (2464, 3, 124, 'https://rukminim2.flixcart.com/image/312/312/ku4ezrk0/mobile/6/z/p/galaxy-f42-5g-sm-e426bzbgins-samsung-original-imag7anfz8jzxkv4.jpeg?q=70');
insert into tagvalue (id, tag_id, asset_id, value) values (2465, 4, 124, '64');
insert into tagvalue (id, tag_id, asset_id, value) values (2466, 5, 124, 'other_types');
insert into tagvalue (id, tag_id, asset_id, value) values (2467, 6, 124, '5000');
insert into tagvalue (id, tag_id, asset_id, value) values (2468, 7, 124, '128');
insert into tagvalue (id, tag_id, asset_id, value) values (2469, 8, 124, '8');
insert into tagvalue (id, tag_id, asset_id, value) values (2470, 9, 124, 'Dimensity700');
insert into tagvalue (id, tag_id, asset_id, value) values (2471, 10, 124, '11');
insert into asset (id,name) values (125, 'SAMSUNG Galaxy A03 Core (Green, 32 GB)');
insert into tagvalue (id, tag_id, asset_id, value) values (2481, 1, 125, 'SAMSUNG Galaxy A03 Core (Green, 32 GB)');
insert into tagvalue (id, tag_id, asset_id, value) values (2482, 1, 125, '4.2');
insert into tagvalue (id, tag_id, asset_id, value) values (2483, 2, 125, '8403');
insert into tagvalue (id, tag_id, asset_id, value) values (2484, 3, 125, 'https://rukminim2.flixcart.com/image/312/312/xif0q/mobile/9/v/9/galaxy-a03-core-sm-a032fzkdins-sm-a032fzk5ins-samsung-original-imaghzxw2uuxuftu.jpeg?q=70');
insert into tagvalue (id, tag_id, asset_id, value) values (2485, 4, 125, '8');
insert into tagvalue (id, tag_id, asset_id, value) values (2486, 5, 125, 'LCD');
insert into tagvalue (id, tag_id, asset_id, value) values (2487, 6, 125, '5000');
insert into tagvalue (id, tag_id, asset_id, value) values (2488, 7, 125, '32');
insert into tagvalue (id, tag_id, asset_id, value) values (2489, 8, 125, '2');
insert into tagvalue (id, tag_id, asset_id, value) values (2490, 9, 125, 'not mentioned');
insert into tagvalue (id, tag_id, asset_id, value) values (2491, 10, 125, '11');
insert into asset (id,name) values (126, 'SAMSUNG Galaxy A34 5G (Awesome Silver, 256 GB)');
insert into tagvalue (id, tag_id, asset_id, value) values (2501, 1, 126, 'SAMSUNG Galaxy A34 5G (Awesome Silver, 256 GB)');
insert into tagvalue (id, tag_id, asset_id, value) values (2502, 1, 126, '4.0');
insert into tagvalue (id, tag_id, asset_id, value) values (2503, 2, 126, '31990');
insert into tagvalue (id, tag_id, asset_id, value) values (2504, 3, 126, 'https://rukminim2.flixcart.com/image/312/312/xif0q/mobile/e/l/l/galaxy-a34-5g-sm-a346ezseins-samsung-original-imagnpz4fqyfqzqq.jpeg?q=70');
insert into tagvalue (id, tag_id, asset_id, value) values (2505, 4, 126, '48');
insert into tagvalue (id, tag_id, asset_id, value) values (2506, 5, 126, 'other_types');
insert into tagvalue (id, tag_id, asset_id, value) values (2507, 6, 126, '5000');
insert into tagvalue (id, tag_id, asset_id, value) values (2508, 7, 126, '256');
insert into tagvalue (id, tag_id, asset_id, value) values (2509, 8, 126, '8');
insert into tagvalue (id, tag_id, asset_id, value) values (2510, 9, 126, 'Dimensity1080,');
insert into tagvalue (id, tag_id, asset_id, value) values (2511, 10, 126, '13');
insert into asset (id,name) values (127, 'SAMSUNG Galaxy A03s (Black, 32 GB)');
insert into tagvalue (id, tag_id, asset_id, value) values (2521, 1, 127, 'SAMSUNG Galaxy A03s (Black, 32 GB)');
insert into tagvalue (id, tag_id, asset_id, value) values (2522, 1, 127, '4.4');
insert into tagvalue (id, tag_id, asset_id, value) values (2523, 2, 127, '11499');
insert into tagvalue (id, tag_id, asset_id, value) values (2524, 3, 127, 'https://rukminim2.flixcart.com/image/312/312/ksgehzk0/mobile/f/c/e/galaxy-a03s-sm-a037fzkdins-sm-a037fzk5ins-samsung-original-imag6ygmysu8ec7n.jpeg?q=70');
insert into tagvalue (id, tag_id, asset_id, value) values (2525, 4, 127, '13');
insert into tagvalue (id, tag_id, asset_id, value) values (2526, 5, 127, 'LCD');
insert into tagvalue (id, tag_id, asset_id, value) values (2527, 6, 127, '5000');
insert into tagvalue (id, tag_id, asset_id, value) values (2528, 7, 127, '32');
insert into tagvalue (id, tag_id, asset_id, value) values (2529, 8, 127, '3');
insert into tagvalue (id, tag_id, asset_id, value) values (2530, 9, 127, 'Heilo356765');
insert into tagvalue (id, tag_id, asset_id, value) values (2531, 10, 127, '11');
insert into asset (id,name) values (128, 'SAMSUNG Galaxy A03s (Black, 64 GB)');
insert into tagvalue (id, tag_id, asset_id, value) values (2541, 1, 128, 'SAMSUNG Galaxy A03s (Black, 64 GB)');
insert into tagvalue (id, tag_id, asset_id, value) values (2542, 1, 128, '4.3');
insert into tagvalue (id, tag_id, asset_id, value) values (2543, 2, 128, '14499');
insert into tagvalue (id, tag_id, asset_id, value) values (2544, 3, 128, 'https://rukminim2.flixcart.com/image/312/312/ksgehzk0/mobile/f/c/e/galaxy-a03s-sm-a037fzkdins-sm-a037fzk5ins-samsung-original-imag6ygmysu8ec7n.jpeg?q=70');
insert into tagvalue (id, tag_id, asset_id, value) values (2545, 4, 128, '13');
insert into tagvalue (id, tag_id, asset_id, value) values (2546, 5, 128, 'LCD');
insert into tagvalue (id, tag_id, asset_id, value) values (2547, 6, 128, '5000');
insert into tagvalue (id, tag_id, asset_id, value) values (2548, 7, 128, '64');
insert into tagvalue (id, tag_id, asset_id, value) values (2549, 8, 128, '4');
insert into tagvalue (id, tag_id, asset_id, value) values (2550, 9, 128, 'Heilo356765');
insert into tagvalue (id, tag_id, asset_id, value) values (2551, 10, 128, '11');
insert into asset (id,name) values (129, 'SAMSUNG Galaxy F12 (Sea Green, 64 GB)');
insert into tagvalue (id, tag_id, asset_id, value) values (2561, 1, 129, 'SAMSUNG Galaxy F12 (Sea Green, 64 GB)');
insert into tagvalue (id, tag_id, asset_id, value) values (2562, 1, 129, '4.2');
insert into tagvalue (id, tag_id, asset_id, value) values (2563, 2, 129, '10890');
insert into tagvalue (id, tag_id, asset_id, value) values (2564, 3, 129, 'https://rukminim2.flixcart.com/image/312/312/kn22m4w0/mobile/a/q/8/galaxy-f12-sm-f127gzgiins-samsung-original-imagftmjw3xqg4yk.jpeg?q=70');
insert into tagvalue (id, tag_id, asset_id, value) values (2565, 4, 129, '48');
insert into tagvalue (id, tag_id, asset_id, value) values (2566, 5, 129, 'other_types');
insert into tagvalue (id, tag_id, asset_id, value) values (2567, 6, 129, '6000');
insert into tagvalue (id, tag_id, asset_id, value) values (2568, 7, 129, '64');
insert into tagvalue (id, tag_id, asset_id, value) values (2569, 8, 129, '4');
insert into tagvalue (id, tag_id, asset_id, value) values (2570, 9, 129, 'not mentioned');
insert into tagvalue (id, tag_id, asset_id, value) values (2571, 10, 129, '11');
insert into asset (id,name) values (130, 'SAMSUNG A04 e (Copper, 64 GB)');
insert into tagvalue (id, tag_id, asset_id, value) values (2581, 1, 130, 'SAMSUNG A04 e (Copper, 64 GB)');
insert into tagvalue (id, tag_id, asset_id, value) values (2582, 1, 130, '4.1');
insert into tagvalue (id, tag_id, asset_id, value) values (2583, 2, 130, '9999');
insert into tagvalue (id, tag_id, asset_id, value) values (2584, 3, 130, 'https://rukminim2.flixcart.com/image/312/312/xif0q/mobile/h/h/g/a04-e-sm-a042fzck-samsung-original-imagh8hxsfkstsxz.jpeg?q=70');
insert into tagvalue (id, tag_id, asset_id, value) values (2585, 4, 130, '13');
insert into tagvalue (id, tag_id, asset_id, value) values (2586, 5, 130, 'other_types');
insert into tagvalue (id, tag_id, asset_id, value) values (2587, 6, 130, '5000');
insert into tagvalue (id, tag_id, asset_id, value) values (2588, 7, 130, '64');
insert into tagvalue (id, tag_id, asset_id, value) values (2589, 8, 130, '3');
insert into tagvalue (id, tag_id, asset_id, value) values (2590, 9, 130, 'Heilo67653512');
insert into tagvalue (id, tag_id, asset_id, value) values (2591, 10, 130, '4');
insert into asset (id,name) values (131, 'SAMSUNG Galaxy A03 (Red, 32 GB)');
insert into tagvalue (id, tag_id, asset_id, value) values (2601, 1, 131, 'SAMSUNG Galaxy A03 (Red, 32 GB)');
insert into tagvalue (id, tag_id, asset_id, value) values (2602, 1, 131, '3.7');
insert into tagvalue (id, tag_id, asset_id, value) values (2603, 2, 131, '9498');
insert into tagvalue (id, tag_id, asset_id, value) values (2604, 3, 131, 'https://rukminim2.flixcart.com/image/312/312/l0sgyvk0/mobile/s/y/1/-original-imagchh82ezdsfca.jpeg?q=70');
insert into tagvalue (id, tag_id, asset_id, value) values (2605, 4, 131, '48');
insert into tagvalue (id, tag_id, asset_id, value) values (2606, 5, 131, 'other_types');
insert into tagvalue (id, tag_id, asset_id, value) values (2607, 6, 131, '5000');
insert into tagvalue (id, tag_id, asset_id, value) values (2608, 7, 131, '32');
insert into tagvalue (id, tag_id, asset_id, value) values (2609, 8, 131, '3');
insert into tagvalue (id, tag_id, asset_id, value) values (2610, 9, 131, 'not mentioned');
insert into tagvalue (id, tag_id, asset_id, value) values (2611, 10, 131, '11');
insert into asset (id,name) values (132, 'SAMSUNG Galaxy M53 5G (Deep Ocean Blue, 128 GB)');
insert into tagvalue (id, tag_id, asset_id, value) values (2621, 1, 132, 'SAMSUNG Galaxy M53 5G (Deep Ocean Blue, 128 GB)');
insert into tagvalue (id, tag_id, asset_id, value) values (2622, 1, 132, '4.2');
insert into tagvalue (id, tag_id, asset_id, value) values (2623, 2, 132, '26999');
insert into tagvalue (id, tag_id, asset_id, value) values (2624, 3, 132, 'https://rukminim2.flixcart.com/image/312/312/xif0q/mobile/g/o/0/-original-imagfzjymhrwrebm.jpeg?q=70');
insert into tagvalue (id, tag_id, asset_id, value) values (2625, 4, 132, '108');
insert into tagvalue (id, tag_id, asset_id, value) values (2626, 5, 132, 'other_types');
insert into tagvalue (id, tag_id, asset_id, value) values (2627, 6, 132, '5000');
insert into tagvalue (id, tag_id, asset_id, value) values (2628, 7, 132, '128');
insert into tagvalue (id, tag_id, asset_id, value) values (2629, 8, 132, '6');
insert into tagvalue (id, tag_id, asset_id, value) values (2630, 9, 132, 'not mentioned');
insert into tagvalue (id, tag_id, asset_id, value) values (2631, 10, 132, '12');
insert into asset (id,name) values (133, 'SAMSUNG Galaxy A50 (Black, 64 GB)');
insert into tagvalue (id, tag_id, asset_id, value) values (2641, 1, 133, 'SAMSUNG Galaxy A50 (Black, 64 GB)');
insert into tagvalue (id, tag_id, asset_id, value) values (2642, 1, 133, '4.3');
insert into tagvalue (id, tag_id, asset_id, value) values (2643, 2, 133, '21000');
insert into tagvalue (id, tag_id, asset_id, value) values (2644, 3, 133, 'https://rukminim2.flixcart.com/image/312/312/jsyyufk0/mobile/e/9/v/samsung-galaxy-a50-sm-a505fzkgins-original-imafefgh2bgdetj4.jpeg?q=70');
insert into tagvalue (id, tag_id, asset_id, value) values (2645, 4, 133, '25');
insert into tagvalue (id, tag_id, asset_id, value) values (2646, 5, 133, 'AMOLED');
insert into tagvalue (id, tag_id, asset_id, value) values (2647, 6, 133, '4000');
insert into tagvalue (id, tag_id, asset_id, value) values (2648, 7, 133, '64');
insert into tagvalue (id, tag_id, asset_id, value) values (2649, 8, 133, '4');
insert into tagvalue (id, tag_id, asset_id, value) values (2650, 9, 133, 'not mentioned');
insert into tagvalue (id, tag_id, asset_id, value) values (2651, 10, 133, '9');
insert into asset (id,name) values (134, 'SAMSUNG Galaxy A13 (Black, 128 GB)');
insert into tagvalue (id, tag_id, asset_id, value) values (2661, 1, 134, 'SAMSUNG Galaxy A13 (Black, 128 GB)');
insert into tagvalue (id, tag_id, asset_id, value) values (2662, 1, 134, '4.1');
insert into tagvalue (id, tag_id, asset_id, value) values (2663, 2, 134, '14999');
insert into tagvalue (id, tag_id, asset_id, value) values (2664, 3, 134, 'https://rukminim2.flixcart.com/image/312/312/l19m93k0/mobile/g/q/o/-original-imagcv74epgf4fya.jpeg?q=70');
insert into tagvalue (id, tag_id, asset_id, value) values (2665, 4, 134, '50');
insert into tagvalue (id, tag_id, asset_id, value) values (2666, 5, 134, 'other_types');
insert into tagvalue (id, tag_id, asset_id, value) values (2667, 6, 134, '5000');
insert into tagvalue (id, tag_id, asset_id, value) values (2668, 7, 134, '128');
insert into tagvalue (id, tag_id, asset_id, value) values (2669, 8, 134, '4');
insert into tagvalue (id, tag_id, asset_id, value) values (2670, 9, 134, 'not mentioned');
insert into tagvalue (id, tag_id, asset_id, value) values (2671, 10, 134, '12');
insert into asset (id,name) values (135, 'SAMSUNG Galaxy A34 5G (Awesome Lime, 128 GB)');
insert into tagvalue (id, tag_id, asset_id, value) values (2681, 1, 135, 'SAMSUNG Galaxy A34 5G (Awesome Lime, 128 GB)');
insert into tagvalue (id, tag_id, asset_id, value) values (2682, 1, 135, '4.3');
insert into tagvalue (id, tag_id, asset_id, value) values (2683, 2, 135, '28999');
insert into tagvalue (id, tag_id, asset_id, value) values (2684, 3, 135, 'https://rukminim2.flixcart.com/image/312/312/xif0q/mobile/0/h/m/galaxy-a34-5g-sm-a346elgains-samsung-original-imagnpz52hphfccb.jpeg?q=70');
insert into tagvalue (id, tag_id, asset_id, value) values (2685, 4, 135, '48');
insert into tagvalue (id, tag_id, asset_id, value) values (2686, 5, 135, 'other_types');
insert into tagvalue (id, tag_id, asset_id, value) values (2687, 6, 135, '5000');
insert into tagvalue (id, tag_id, asset_id, value) values (2688, 7, 135, '128');
insert into tagvalue (id, tag_id, asset_id, value) values (2689, 8, 135, '6');
insert into tagvalue (id, tag_id, asset_id, value) values (2690, 9, 135, 'Dimensity1080,');
insert into tagvalue (id, tag_id, asset_id, value) values (2691, 10, 135, '13');
insert into asset (id,name) values (136, 'SAMSUNG Galaxy A03 Core (Blue, 32 GB)');
insert into tagvalue (id, tag_id, asset_id, value) values (2701, 1, 136, 'SAMSUNG Galaxy A03 Core (Blue, 32 GB)');
insert into tagvalue (id, tag_id, asset_id, value) values (2702, 1, 136, '4.1');
insert into tagvalue (id, tag_id, asset_id, value) values (2703, 2, 136, '8150');
insert into tagvalue (id, tag_id, asset_id, value) values (2704, 3, 136, 'https://rukminim2.flixcart.com/image/312/312/kwqq1zk0/mobile/v/5/d/-original-imag9cm5hydfgjjw.jpeg?q=70');
insert into tagvalue (id, tag_id, asset_id, value) values (2705, 4, 136, '8');
insert into tagvalue (id, tag_id, asset_id, value) values (2706, 5, 136, 'LCD');
insert into tagvalue (id, tag_id, asset_id, value) values (2707, 6, 136, '5000');
insert into tagvalue (id, tag_id, asset_id, value) values (2708, 7, 136, '32');
insert into tagvalue (id, tag_id, asset_id, value) values (2709, 8, 136, '2');
insert into tagvalue (id, tag_id, asset_id, value) values (2710, 9, 136, 'not mentioned');
insert into tagvalue (id, tag_id, asset_id, value) values (2711, 10, 136, '11');
insert into asset (id,name) values (137, 'SAMSUNG Galaxy A12 (Blue, 64 GB)');
insert into tagvalue (id, tag_id, asset_id, value) values (2721, 1, 137, 'SAMSUNG Galaxy A12 (Blue, 64 GB)');
insert into tagvalue (id, tag_id, asset_id, value) values (2722, 1, 137, '4.2');
insert into tagvalue (id, tag_id, asset_id, value) values (2723, 2, 137, '14999');
insert into tagvalue (id, tag_id, asset_id, value) values (2724, 3, 137, 'https://rukminim2.flixcart.com/image/312/312/klb78nk0/mobile/p/y/q/galaxy-a12-sm-a125fzbhins-samsung-original-imagyg84zadwb7xx.jpeg?q=70');
insert into tagvalue (id, tag_id, asset_id, value) values (2725, 4, 137, '48');
insert into tagvalue (id, tag_id, asset_id, value) values (2726, 5, 137, 'LCD');
insert into tagvalue (id, tag_id, asset_id, value) values (2727, 6, 137, '5000');
insert into tagvalue (id, tag_id, asset_id, value) values (2728, 7, 137, '64');
insert into tagvalue (id, tag_id, asset_id, value) values (2729, 8, 137, '4');
insert into tagvalue (id, tag_id, asset_id, value) values (2730, 9, 137, 'Heilo356765');
insert into tagvalue (id, tag_id, asset_id, value) values (2731, 10, 137, '10');
insert into asset (id,name) values (138, 'SAMSUNG Galaxy A32 (Awesome Black, 128 GB)');
insert into tagvalue (id, tag_id, asset_id, value) values (2741, 1, 138, 'SAMSUNG Galaxy A32 (Awesome Black, 128 GB)');
insert into tagvalue (id, tag_id, asset_id, value) values (2742, 1, 138, '4.2');
insert into tagvalue (id, tag_id, asset_id, value) values (2743, 2, 138, '20999');
insert into tagvalue (id, tag_id, asset_id, value) values (2744, 3, 138, 'https://rukminim2.flixcart.com/image/312/312/kwmfqfk0/mobile/l/p/m/-original-imag98zngkzwaxkk.jpeg?q=70');
insert into tagvalue (id, tag_id, asset_id, value) values (2745, 4, 138, '64');
insert into tagvalue (id, tag_id, asset_id, value) values (2746, 5, 138, 'AMOLED');
insert into tagvalue (id, tag_id, asset_id, value) values (2747, 6, 138, '5000');
insert into tagvalue (id, tag_id, asset_id, value) values (2748, 7, 138, '128');
insert into tagvalue (id, tag_id, asset_id, value) values (2749, 8, 138, '8');
insert into tagvalue (id, tag_id, asset_id, value) values (2750, 9, 138, 'Heilo80P');
insert into tagvalue (id, tag_id, asset_id, value) values (2751, 10, 138, '11');
insert into asset (id,name) values (139, 'SAMSUNG Galaxy A14 (Silver, 64 GB)');
insert into tagvalue (id, tag_id, asset_id, value) values (2761, 1, 139, 'SAMSUNG Galaxy A14 (Silver, 64 GB)');
insert into tagvalue (id, tag_id, asset_id, value) values (2762, 1, 139, '3.9');
insert into tagvalue (id, tag_id, asset_id, value) values (2763, 2, 139, '13999');
insert into tagvalue (id, tag_id, asset_id, value) values (2764, 3, 139, 'https://rukminim2.flixcart.com/image/312/312/xif0q/mobile/8/5/z/galaxy-a14-sm-a145fzsdins-samsung-original-imagq6cp4mbhejzn.jpeg?q=70');
insert into tagvalue (id, tag_id, asset_id, value) values (2765, 4, 139, '50');
insert into tagvalue (id, tag_id, asset_id, value) values (2766, 5, 139, 'LCD');
insert into tagvalue (id, tag_id, asset_id, value) values (2767, 6, 139, '5000');
insert into tagvalue (id, tag_id, asset_id, value) values (2768, 7, 139, '64');
insert into tagvalue (id, tag_id, asset_id, value) values (2769, 8, 139, '4');
insert into tagvalue (id, tag_id, asset_id, value) values (2770, 9, 139, 'not mentioned');
insert into tagvalue (id, tag_id, asset_id, value) values (2771, 10, 139, '13');
insert into asset (id,name) values (140, 'SAMSUNG Galaxy A33 (Awesome Peach, 128 GB)');
insert into tagvalue (id, tag_id, asset_id, value) values (2781, 1, 140, 'SAMSUNG Galaxy A33 (Awesome Peach, 128 GB)');
insert into tagvalue (id, tag_id, asset_id, value) values (2782, 1, 140, '4.1');
insert into tagvalue (id, tag_id, asset_id, value) values (2783, 2, 140, '25999');
insert into tagvalue (id, tag_id, asset_id, value) values (2784, 3, 140, 'https://rukminim2.flixcart.com/image/312/312/l3xcr680/mobile/q/6/v/-original-imagexfy6u2f6h3f.jpeg?q=70');
insert into tagvalue (id, tag_id, asset_id, value) values (2785, 4, 140, '48');
insert into tagvalue (id, tag_id, asset_id, value) values (2786, 5, 140, 'other_types');
insert into tagvalue (id, tag_id, asset_id, value) values (2787, 6, 140, '5000');
insert into tagvalue (id, tag_id, asset_id, value) values (2788, 7, 140, '128');
insert into tagvalue (id, tag_id, asset_id, value) values (2789, 8, 140, '6');
insert into tagvalue (id, tag_id, asset_id, value) values (2790, 9, 140, 'not mentioned');
insert into tagvalue (id, tag_id, asset_id, value) values (2791, 10, 140, '12');
insert into asset (id,name) values (141, 'SAMSUNG Galaxy A04e (Copper, 128 GB)');
insert into tagvalue (id, tag_id, asset_id, value) values (2801, 1, 141, 'SAMSUNG Galaxy A04e (Copper, 128 GB)');
insert into tagvalue (id, tag_id, asset_id, value) values (2802, 1, 141, '4.1');
insert into tagvalue (id, tag_id, asset_id, value) values (2803, 2, 141, '11499');
insert into tagvalue (id, tag_id, asset_id, value) values (2804, 3, 141, 'https://rukminim2.flixcart.com/image/312/312/xif0q/mobile/s/y/r/-original-imagh2pqgpzrajbp.jpeg?q=70');
insert into tagvalue (id, tag_id, asset_id, value) values (2805, 4, 141, '13');
insert into tagvalue (id, tag_id, asset_id, value) values (2806, 5, 141, 'LCD');
insert into tagvalue (id, tag_id, asset_id, value) values (2807, 6, 141, '5000');
insert into tagvalue (id, tag_id, asset_id, value) values (2808, 7, 141, '128');
insert into tagvalue (id, tag_id, asset_id, value) values (2809, 8, 141, '4');
insert into tagvalue (id, tag_id, asset_id, value) values (2810, 9, 141, 'not mentioned');
insert into tagvalue (id, tag_id, asset_id, value) values (2811, 10, 141, '12');
insert into asset (id,name) values (142, 'SAMSUNG Galaxy M14 5G (Icy Silver, 128 GB)');
insert into tagvalue (id, tag_id, asset_id, value) values (2821, 1, 142, 'SAMSUNG Galaxy M14 5G (Icy Silver, 128 GB)');
insert into tagvalue (id, tag_id, asset_id, value) values (2822, 1, 142, '4.2');
insert into tagvalue (id, tag_id, asset_id, value) values (2823, 2, 142, '16490');
insert into tagvalue (id, tag_id, asset_id, value) values (2824, 3, 142, 'https://rukminim2.flixcart.com/image/312/312/xif0q/mobile/6/2/5/galaxy-m14-5g-sm-m146b-samsung-original-imagzwrqnpzujxks.jpeg?q=70');
insert into tagvalue (id, tag_id, asset_id, value) values (2825, 4, 142, '50');
insert into tagvalue (id, tag_id, asset_id, value) values (2826, 5, 142, 'other_types');
insert into tagvalue (id, tag_id, asset_id, value) values (2827, 6, 142, '6000');
insert into tagvalue (id, tag_id, asset_id, value) values (2828, 7, 142, '128');
insert into tagvalue (id, tag_id, asset_id, value) values (2829, 8, 142, '6');
insert into tagvalue (id, tag_id, asset_id, value) values (2830, 9, 142, 'not mentioned');
insert into tagvalue (id, tag_id, asset_id, value) values (2831, 10, 142, '13');
insert into asset (id,name) values (143, 'SAMSUNG Galaxy A14 (Black, 64 GB)');
insert into tagvalue (id, tag_id, asset_id, value) values (2841, 1, 143, 'SAMSUNG Galaxy A14 (Black, 64 GB)');
insert into tagvalue (id, tag_id, asset_id, value) values (2842, 1, 143, '3.9');
insert into tagvalue (id, tag_id, asset_id, value) values (2843, 2, 143, '13999');
insert into tagvalue (id, tag_id, asset_id, value) values (2844, 3, 143, 'https://rukminim2.flixcart.com/image/312/312/xif0q/mobile/9/n/3/galaxy-a14-sm-a145fzkdins-samsung-original-imagq6czznggphyk.jpeg?q=70');
insert into tagvalue (id, tag_id, asset_id, value) values (2845, 4, 143, '50');
insert into tagvalue (id, tag_id, asset_id, value) values (2846, 5, 143, 'LCD');
insert into tagvalue (id, tag_id, asset_id, value) values (2847, 6, 143, '5000');
insert into tagvalue (id, tag_id, asset_id, value) values (2848, 7, 143, '64');
insert into tagvalue (id, tag_id, asset_id, value) values (2849, 8, 143, '4');
insert into tagvalue (id, tag_id, asset_id, value) values (2850, 9, 143, 'not mentioned');
insert into tagvalue (id, tag_id, asset_id, value) values (2851, 10, 143, '13');
insert into asset (id,name) values (144, 'SAMSUNG Galaxy M14 5G (Smoky Teal, 128 GB)');
insert into tagvalue (id, tag_id, asset_id, value) values (2861, 1, 144, 'SAMSUNG Galaxy M14 5G (Smoky Teal, 128 GB)');
insert into tagvalue (id, tag_id, asset_id, value) values (2862, 1, 144, '4.2');
insert into tagvalue (id, tag_id, asset_id, value) values (2863, 2, 144, '14989');
insert into tagvalue (id, tag_id, asset_id, value) values (2864, 3, 144, 'https://rukminim2.flixcart.com/image/312/312/xif0q/mobile/e/6/d/galaxy-m14-5g-sm-m146b-samsung-original-imagzvnkybtue5da.jpeg?q=70');
insert into tagvalue (id, tag_id, asset_id, value) values (2865, 4, 144, '50');
insert into tagvalue (id, tag_id, asset_id, value) values (2866, 5, 144, 'other_types');
insert into tagvalue (id, tag_id, asset_id, value) values (2867, 6, 144, '6000');
insert into tagvalue (id, tag_id, asset_id, value) values (2868, 7, 144, '128');
insert into tagvalue (id, tag_id, asset_id, value) values (2869, 8, 144, '4');
insert into tagvalue (id, tag_id, asset_id, value) values (2870, 9, 144, 'not mentioned');
insert into tagvalue (id, tag_id, asset_id, value) values (2871, 10, 144, '13');
insert into asset (id,name) values (145, 'SAMSUNG Galaxy A52 (Awesome Blue, 128 GB)');
insert into tagvalue (id, tag_id, asset_id, value) values (2881, 1, 145, 'SAMSUNG Galaxy A52 (Awesome Blue, 128 GB)');
insert into tagvalue (id, tag_id, asset_id, value) values (2882, 1, 145, '4.3');
insert into tagvalue (id, tag_id, asset_id, value) values (2883, 2, 145, '25989');
insert into tagvalue (id, tag_id, asset_id, value) values (2884, 3, 145, 'https://rukminim2.flixcart.com/image/312/312/kmf7ki80/mobile/s/z/a/galaxy-a52-sm-a525fzbgins-samsung-original-imagfb4xdvtk8zzb.jpeg?q=70');
insert into tagvalue (id, tag_id, asset_id, value) values (2885, 4, 145, '64');
insert into tagvalue (id, tag_id, asset_id, value) values (2886, 5, 145, 'HD+ AMOLED');
insert into tagvalue (id, tag_id, asset_id, value) values (2887, 6, 145, '4500');
insert into tagvalue (id, tag_id, asset_id, value) values (2888, 7, 145, '128');
insert into tagvalue (id, tag_id, asset_id, value) values (2889, 8, 145, '6');
insert into tagvalue (id, tag_id, asset_id, value) values (2890, 9, 145, 'Snapdragon720GProcessor');
insert into tagvalue (id, tag_id, asset_id, value) values (2891, 10, 145, '11');
insert into asset (id,name) values (146, 'SAMSUNG Galaxy Z Flip4 5G (Pink Gold, 256 GB)');
insert into tagvalue (id, tag_id, asset_id, value) values (2901, 1, 146, 'SAMSUNG Galaxy Z Flip4 5G (Pink Gold, 256 GB)');
insert into tagvalue (id, tag_id, asset_id, value) values (2902, 1, 146, '3.7');
insert into tagvalue (id, tag_id, asset_id, value) values (2903, 2, 146, '29463');
insert into tagvalue (id, tag_id, asset_id, value) values (2904, 3, 146, 'https://rukminim2.flixcart.com/image/312/312/xif0q/mobile/h/e/d/-original-imagh7nnemnbgtts.jpeg?q=70');
insert into tagvalue (id, tag_id, asset_id, value) values (2905, 4, 146, '12');
insert into tagvalue (id, tag_id, asset_id, value) values (2906, 5, 146, 'HD+ AMOLED');
insert into tagvalue (id, tag_id, asset_id, value) values (2907, 6, 146, '3700');
insert into tagvalue (id, tag_id, asset_id, value) values (2908, 7, 146, '256');
insert into tagvalue (id, tag_id, asset_id, value) values (2909, 8, 146, '8');
insert into tagvalue (id, tag_id, asset_id, value) values (2910, 9, 146, 'Snapdragon1P');
insert into tagvalue (id, tag_id, asset_id, value) values (2911, 10, 146, '12');
insert into asset (id,name) values (147, 'SAMSUNG Galaxy A34 5G (Awesome Silver, 128 GB)');
insert into tagvalue (id, tag_id, asset_id, value) values (2921, 1, 147, 'SAMSUNG Galaxy A34 5G (Awesome Silver, 128 GB)');
insert into tagvalue (id, tag_id, asset_id, value) values (2922, 1, 147, '4.3');
insert into tagvalue (id, tag_id, asset_id, value) values (2923, 2, 147, '28700');
insert into tagvalue (id, tag_id, asset_id, value) values (2924, 3, 147, 'https://rukminim2.flixcart.com/image/312/312/xif0q/mobile/e/l/l/galaxy-a34-5g-sm-a346ezseins-samsung-original-imagnpz4fqyfqzqq.jpeg?q=70');
insert into tagvalue (id, tag_id, asset_id, value) values (2925, 4, 147, '48');
insert into tagvalue (id, tag_id, asset_id, value) values (2926, 5, 147, 'other_types');
insert into tagvalue (id, tag_id, asset_id, value) values (2927, 6, 147, '5000');
insert into tagvalue (id, tag_id, asset_id, value) values (2928, 7, 147, '128');
insert into tagvalue (id, tag_id, asset_id, value) values (2929, 8, 147, '6');
insert into tagvalue (id, tag_id, asset_id, value) values (2930, 9, 147, 'Dimensity1080,');
insert into tagvalue (id, tag_id, asset_id, value) values (2931, 10, 147, '13');
insert into asset (id,name) values (148, 'SAMSUNG Galaxy F12 (Sky Blue, 128 GB)');
insert into tagvalue (id, tag_id, asset_id, value) values (2941, 1, 148, 'SAMSUNG Galaxy F12 (Sky Blue, 128 GB)');
insert into tagvalue (id, tag_id, asset_id, value) values (2942, 1, 148, '4.3');
insert into tagvalue (id, tag_id, asset_id, value) values (2943, 2, 148, '11990');
insert into tagvalue (id, tag_id, asset_id, value) values (2944, 3, 148, 'https://rukminim2.flixcart.com/image/312/312/kn22m4w0/mobile/9/k/s/galaxy-f12-sm-f127glbiins-samsung-original-imagftmhhhvghq7w.jpeg?q=70');
insert into tagvalue (id, tag_id, asset_id, value) values (2945, 4, 148, '48');
insert into tagvalue (id, tag_id, asset_id, value) values (2946, 5, 148, 'other_types');
insert into tagvalue (id, tag_id, asset_id, value) values (2947, 6, 148, '6000');
insert into tagvalue (id, tag_id, asset_id, value) values (2948, 7, 148, '128');
insert into tagvalue (id, tag_id, asset_id, value) values (2949, 8, 148, '4');
insert into tagvalue (id, tag_id, asset_id, value) values (2950, 9, 148, 'not mentioned');
insert into tagvalue (id, tag_id, asset_id, value) values (2951, 10, 148, '11');
insert into asset (id,name) values (149, 'SAMSUNG Galaxy A34 5G (Awesome Violet, 128 GB)');
insert into tagvalue (id, tag_id, asset_id, value) values (2961, 1, 149, 'SAMSUNG Galaxy A34 5G (Awesome Violet, 128 GB)');
insert into tagvalue (id, tag_id, asset_id, value) values (2962, 1, 149, '4.3');
insert into tagvalue (id, tag_id, asset_id, value) values (2963, 2, 149, '28999');
insert into tagvalue (id, tag_id, asset_id, value) values (2964, 3, 149, 'https://rukminim2.flixcart.com/image/312/312/xif0q/mobile/7/j/y/galaxy-a34-5g-sm-a346elvcins-samsung-original-imagnpz5dhysxrgw.jpeg?q=70');
insert into tagvalue (id, tag_id, asset_id, value) values (2965, 4, 149, '48');
insert into tagvalue (id, tag_id, asset_id, value) values (2966, 5, 149, 'other_types');
insert into tagvalue (id, tag_id, asset_id, value) values (2967, 6, 149, '5000');
insert into tagvalue (id, tag_id, asset_id, value) values (2968, 7, 149, '128');
insert into tagvalue (id, tag_id, asset_id, value) values (2969, 8, 149, '6');
insert into tagvalue (id, tag_id, asset_id, value) values (2970, 9, 149, 'Dimensity1080,');
insert into tagvalue (id, tag_id, asset_id, value) values (2971, 10, 149, '13');
insert into asset (id,name) values (150, 'SAMSUNG M32 5G (Slate Black, 128 GB)');
insert into tagvalue (id, tag_id, asset_id, value) values (2981, 1, 150, 'SAMSUNG M32 5G (Slate Black, 128 GB)');
insert into tagvalue (id, tag_id, asset_id, value) values (2982, 1, 150, '4.1');
insert into tagvalue (id, tag_id, asset_id, value) values (2983, 2, 150, '16999');
insert into tagvalue (id, tag_id, asset_id, value) values (2984, 3, 150, 'https://rukminim2.flixcart.com/image/312/312/xif0q/mobile/z/t/1/-original-imag6jm69crass7p.jpeg?q=70');
insert into tagvalue (id, tag_id, asset_id, value) values (2985, 4, 150, '48');
insert into tagvalue (id, tag_id, asset_id, value) values (2986, 5, 150, 'other_types');
insert into tagvalue (id, tag_id, asset_id, value) values (2987, 6, 150, '5000');
insert into tagvalue (id, tag_id, asset_id, value) values (2988, 7, 150, '128');
insert into tagvalue (id, tag_id, asset_id, value) values (2989, 8, 150, '6');
insert into tagvalue (id, tag_id, asset_id, value) values (2990, 9, 150, 'Dimensity720');
insert into tagvalue (id, tag_id, asset_id, value) values (2991, 10, 150, '11');
insert into asset (id,name) values (151, 'SAMSUNG Galaxy M31s (Mirage Black, 128 GB)');
insert into tagvalue (id, tag_id, asset_id, value) values (3001, 1, 151, 'SAMSUNG Galaxy M31s (Mirage Black, 128 GB)');
insert into tagvalue (id, tag_id, asset_id, value) values (3002, 1, 151, '4.2');
insert into tagvalue (id, tag_id, asset_id, value) values (3003, 2, 151, '22898');
insert into tagvalue (id, tag_id, asset_id, value) values (3004, 3, 151, 'https://rukminim2.flixcart.com/image/312/312/keekmfk0/mobile/n/g/p/samsung-galaxy-m31s-sm-m317fzkdins-original-imafv3py9qnwfeft.jpeg?q=70');
insert into tagvalue (id, tag_id, asset_id, value) values (3005, 4, 151, '64');
insert into tagvalue (id, tag_id, asset_id, value) values (3006, 5, 151, 'other_types');
insert into tagvalue (id, tag_id, asset_id, value) values (3007, 6, 151, '6000');
insert into tagvalue (id, tag_id, asset_id, value) values (3008, 7, 151, '128');
insert into tagvalue (id, tag_id, asset_id, value) values (3009, 8, 151, '6');
insert into tagvalue (id, tag_id, asset_id, value) values (3010, 9, 151, 'not mentioned');
insert into tagvalue (id, tag_id, asset_id, value) values (3011, 10, 151, '10');
insert into asset (id,name) values (152, 'SAMSUNG Galaxy A34 5G (Awesome Graphite, 128 GB)');
insert into tagvalue (id, tag_id, asset_id, value) values (3021, 1, 152, 'SAMSUNG Galaxy A34 5G (Awesome Graphite, 128 GB)');
insert into tagvalue (id, tag_id, asset_id, value) values (3022, 1, 152, '4.3');
insert into tagvalue (id, tag_id, asset_id, value) values (3023, 2, 152, '28999');
insert into tagvalue (id, tag_id, asset_id, value) values (3024, 3, 152, 'https://rukminim2.flixcart.com/image/312/312/xif0q/mobile/a/a/v/galaxy-a34-5g-sm-a346ezkeins-samsung-original-imagnpz4h7xg6pgg.jpeg?q=70');
insert into tagvalue (id, tag_id, asset_id, value) values (3025, 4, 152, '48');
insert into tagvalue (id, tag_id, asset_id, value) values (3026, 5, 152, 'other_types');
insert into tagvalue (id, tag_id, asset_id, value) values (3027, 6, 152, '5000');
insert into tagvalue (id, tag_id, asset_id, value) values (3028, 7, 152, '128');
insert into tagvalue (id, tag_id, asset_id, value) values (3029, 8, 152, '6');
insert into tagvalue (id, tag_id, asset_id, value) values (3030, 9, 152, 'Dimensity1080,');
insert into tagvalue (id, tag_id, asset_id, value) values (3031, 10, 152, '13');
insert into asset (id,name) values (153, 'SAMSUNG Galaxy A04 (Black, 64 GB)');
insert into tagvalue (id, tag_id, asset_id, value) values (3041, 1, 153, 'SAMSUNG Galaxy A04 (Black, 64 GB)');
insert into tagvalue (id, tag_id, asset_id, value) values (3042, 1, 153, '4.0');
insert into tagvalue (id, tag_id, asset_id, value) values (3043, 2, 153, '11199');
insert into tagvalue (id, tag_id, asset_id, value) values (3044, 3, 153, 'https://rukminim2.flixcart.com/image/312/312/xif0q/mobile/7/3/k/-original-imagh2prjymxvgqz.jpeg?q=70');
insert into tagvalue (id, tag_id, asset_id, value) values (3045, 4, 153, '50');
insert into tagvalue (id, tag_id, asset_id, value) values (3046, 5, 153, 'LCD');
insert into tagvalue (id, tag_id, asset_id, value) values (3047, 6, 153, '5000');
insert into tagvalue (id, tag_id, asset_id, value) values (3048, 7, 153, '64');
insert into tagvalue (id, tag_id, asset_id, value) values (3049, 8, 153, '4');
insert into tagvalue (id, tag_id, asset_id, value) values (3050, 9, 153, 'not mentioned');
insert into tagvalue (id, tag_id, asset_id, value) values (3051, 10, 153, '12');
insert into asset (id,name) values (154, 'SAMSUNG Galaxy A04 (Copper, 128 GB)');
insert into tagvalue (id, tag_id, asset_id, value) values (3061, 1, 154, 'SAMSUNG Galaxy A04 (Copper, 128 GB)');
insert into tagvalue (id, tag_id, asset_id, value) values (3062, 1, 154, '4.0');
insert into tagvalue (id, tag_id, asset_id, value) values (3063, 2, 154, '12799');
insert into tagvalue (id, tag_id, asset_id, value) values (3064, 3, 154, 'https://rukminim2.flixcart.com/image/312/312/xif0q/mobile/m/s/7/-original-imagh2pzxpvggmah.jpeg?q=70');
insert into tagvalue (id, tag_id, asset_id, value) values (3065, 4, 154, '50');
insert into tagvalue (id, tag_id, asset_id, value) values (3066, 5, 154, 'LCD');
insert into tagvalue (id, tag_id, asset_id, value) values (3067, 6, 154, '5000');
insert into tagvalue (id, tag_id, asset_id, value) values (3068, 7, 154, '128');
insert into tagvalue (id, tag_id, asset_id, value) values (3069, 8, 154, '4');
insert into tagvalue (id, tag_id, asset_id, value) values (3070, 9, 154, 'not mentioned');
insert into tagvalue (id, tag_id, asset_id, value) values (3071, 10, 154, '12');
insert into asset (id,name) values (155, 'SAMSUNG Galaxy A22 (Black, 128 GB)');
insert into tagvalue (id, tag_id, asset_id, value) values (3081, 1, 155, 'SAMSUNG Galaxy A22 (Black, 128 GB)');
insert into tagvalue (id, tag_id, asset_id, value) values (3082, 1, 155, '4.2');
insert into tagvalue (id, tag_id, asset_id, value) values (3083, 2, 155, '20499');
insert into tagvalue (id, tag_id, asset_id, value) values (3084, 3, 155, 'https://rukminim2.flixcart.com/image/312/312/krtjgcw0/mobile/m/r/e/galaxy-a22-sm-a225fzkrins-samsung-original-imag5j58wyhkdgtt.jpeg?q=70');
insert into tagvalue (id, tag_id, asset_id, value) values (3085, 4, 155, '48');
insert into tagvalue (id, tag_id, asset_id, value) values (3086, 5, 155, 'AMOLED');
insert into tagvalue (id, tag_id, asset_id, value) values (3087, 6, 155, '5000');
insert into tagvalue (id, tag_id, asset_id, value) values (3088, 7, 155, '128');
insert into tagvalue (id, tag_id, asset_id, value) values (3089, 8, 155, '6');
insert into tagvalue (id, tag_id, asset_id, value) values (3090, 9, 155, 'Heilo806769');
insert into tagvalue (id, tag_id, asset_id, value) values (3091, 10, 155, '11');
insert into asset (id,name) values (156, 'SAMSUNG Galaxy M12 (Blue, 128 GB)');
insert into tagvalue (id, tag_id, asset_id, value) values (3101, 1, 156, 'SAMSUNG Galaxy M12 (Blue, 128 GB)');
insert into tagvalue (id, tag_id, asset_id, value) values (3102, 1, 156, '4.2');
insert into tagvalue (id, tag_id, asset_id, value) values (3103, 2, 156, '15499');
insert into tagvalue (id, tag_id, asset_id, value) values (3104, 3, 156, 'https://rukminim2.flixcart.com/image/312/312/kmwcuq80/mobile/7/p/5/galaxy-m12-galaxy-m12-samsung-original-imagfzuhqtn5kpvj.jpeg?q=70');
insert into tagvalue (id, tag_id, asset_id, value) values (3105, 4, 156, '48');
insert into tagvalue (id, tag_id, asset_id, value) values (3106, 5, 156, 'other_types');
insert into tagvalue (id, tag_id, asset_id, value) values (3107, 6, 156, '6000');
insert into tagvalue (id, tag_id, asset_id, value) values (3108, 7, 156, '128');
insert into tagvalue (id, tag_id, asset_id, value) values (3109, 8, 156, '6');
insert into tagvalue (id, tag_id, asset_id, value) values (3110, 9, 156, 'not mentioned');
insert into tagvalue (id, tag_id, asset_id, value) values (3111, 10, 156, '11');
insert into asset (id,name) values (157, 'SAMSUNG Galaxy Z Flip4 5G (Graphite, 128 GB)');
insert into tagvalue (id, tag_id, asset_id, value) values (3121, 1, 157, 'SAMSUNG Galaxy Z Flip4 5G (Graphite, 128 GB)');
insert into tagvalue (id, tag_id, asset_id, value) values (3122, 1, 157, '3.7');
insert into tagvalue (id, tag_id, asset_id, value) values (3123, 2, 157, '24463');
insert into tagvalue (id, tag_id, asset_id, value) values (3124, 3, 157, 'https://rukminim2.flixcart.com/image/312/312/xif0q/mobile/q/u/o/-original-imagh7nnpy9wgyzh.jpeg?q=70');
insert into tagvalue (id, tag_id, asset_id, value) values (3125, 4, 157, '12');
insert into tagvalue (id, tag_id, asset_id, value) values (3126, 5, 157, 'HD+ AMOLED');
insert into tagvalue (id, tag_id, asset_id, value) values (3127, 6, 157, '3700');
insert into tagvalue (id, tag_id, asset_id, value) values (3128, 7, 157, '128');
insert into tagvalue (id, tag_id, asset_id, value) values (3129, 8, 157, '8');
insert into tagvalue (id, tag_id, asset_id, value) values (3130, 9, 157, 'Snapdragon1P');
insert into tagvalue (id, tag_id, asset_id, value) values (3131, 10, 157, '12');
insert into asset (id,name) values (158, 'SAMSUNG Galaxy A33 (Awesome Black, 128 GB)');
insert into tagvalue (id, tag_id, asset_id, value) values (3141, 1, 158, 'SAMSUNG Galaxy A33 (Awesome Black, 128 GB)');
insert into tagvalue (id, tag_id, asset_id, value) values (3142, 1, 158, '4.1');
insert into tagvalue (id, tag_id, asset_id, value) values (3143, 2, 158, '27699');
insert into tagvalue (id, tag_id, asset_id, value) values (3144, 3, 158, 'https://rukminim2.flixcart.com/image/312/312/l3xcr680/mobile/n/u/4/-original-imagexeyrcz5ckyy.jpeg?q=70');
insert into tagvalue (id, tag_id, asset_id, value) values (3145, 4, 158, '48');
insert into tagvalue (id, tag_id, asset_id, value) values (3146, 5, 158, 'other_types');
insert into tagvalue (id, tag_id, asset_id, value) values (3147, 6, 158, '5000');
insert into tagvalue (id, tag_id, asset_id, value) values (3148, 7, 158, '128');
insert into tagvalue (id, tag_id, asset_id, value) values (3149, 8, 158, '6');
insert into tagvalue (id, tag_id, asset_id, value) values (3150, 9, 158, 'not mentioned');
insert into tagvalue (id, tag_id, asset_id, value) values (3151, 10, 158, '12');
insert into asset (id,name) values (159, 'SAMSUNG Galaxy A23 (Black, 128 GB)');
insert into tagvalue (id, tag_id, asset_id, value) values (3161, 1, 159, 'SAMSUNG Galaxy A23 (Black, 128 GB)');
insert into tagvalue (id, tag_id, asset_id, value) values (3162, 1, 159, '4.3');
insert into tagvalue (id, tag_id, asset_id, value) values (3163, 2, 159, '18790');
insert into tagvalue (id, tag_id, asset_id, value) values (3164, 3, 159, 'https://rukminim2.flixcart.com/image/312/312/l19m93k0/mobile/s/g/h/-original-imagcv8jdxumgvxy.jpeg?q=70');
insert into tagvalue (id, tag_id, asset_id, value) values (3165, 4, 159, '50');
insert into tagvalue (id, tag_id, asset_id, value) values (3166, 5, 159, 'other_types');
insert into tagvalue (id, tag_id, asset_id, value) values (3167, 6, 159, '5000');
insert into tagvalue (id, tag_id, asset_id, value) values (3168, 7, 159, '128');
insert into tagvalue (id, tag_id, asset_id, value) values (3169, 8, 159, '8');
insert into tagvalue (id, tag_id, asset_id, value) values (3170, 9, 159, 'not mentioned');
insert into tagvalue (id, tag_id, asset_id, value) values (3171, 10, 159, '12');
insert into asset (id,name) values (160, 'SAMSUNG A04 E (Copper, 128 GB)');
insert into tagvalue (id, tag_id, asset_id, value) values (3181, 1, 160, 'SAMSUNG A04 E (Copper, 128 GB)');
insert into tagvalue (id, tag_id, asset_id, value) values (3182, 1, 160, '4.1');
insert into tagvalue (id, tag_id, asset_id, value) values (3183, 2, 160, '11499');
insert into tagvalue (id, tag_id, asset_id, value) values (3184, 3, 160, 'https://rukminim2.flixcart.com/image/312/312/xif0q/mobile/h/h/g/a04-e-sm-a042fzck-samsung-original-imagh8hxsfkstsxz.jpeg?q=70');
insert into tagvalue (id, tag_id, asset_id, value) values (3185, 4, 160, '13');
insert into tagvalue (id, tag_id, asset_id, value) values (3186, 5, 160, 'other_types');
insert into tagvalue (id, tag_id, asset_id, value) values (3187, 6, 160, '5000');
insert into tagvalue (id, tag_id, asset_id, value) values (3188, 7, 160, '128');
insert into tagvalue (id, tag_id, asset_id, value) values (3189, 8, 160, '4');
insert into tagvalue (id, tag_id, asset_id, value) values (3190, 9, 160, 'not mentioned');
insert into tagvalue (id, tag_id, asset_id, value) values (3191, 10, 160, '4');
insert into asset (id,name) values (161, 'SAMSUNG Galaxy A04e (Light Blue, 128 GB)');
insert into tagvalue (id, tag_id, asset_id, value) values (3201, 1, 161, 'SAMSUNG Galaxy A04e (Light Blue, 128 GB)');
insert into tagvalue (id, tag_id, asset_id, value) values (3202, 1, 161, '4.1');
insert into tagvalue (id, tag_id, asset_id, value) values (3203, 2, 161, '11499');
insert into tagvalue (id, tag_id, asset_id, value) values (3204, 3, 161, 'https://rukminim2.flixcart.com/image/312/312/xif0q/mobile/y/j/q/-original-imagh2pzwytdknpx.jpeg?q=70');
insert into tagvalue (id, tag_id, asset_id, value) values (3205, 4, 161, '13');
insert into tagvalue (id, tag_id, asset_id, value) values (3206, 5, 161, 'LCD');
insert into tagvalue (id, tag_id, asset_id, value) values (3207, 6, 161, '5000');
insert into tagvalue (id, tag_id, asset_id, value) values (3208, 7, 161, '128');
insert into tagvalue (id, tag_id, asset_id, value) values (3209, 8, 161, '4');
insert into tagvalue (id, tag_id, asset_id, value) values (3210, 9, 161, 'not mentioned');
insert into tagvalue (id, tag_id, asset_id, value) values (3211, 10, 161, '12');
insert into asset (id,name) values (162, 'SAMSUNG Galaxy A52 (Awesome Black, 128 GB)');
insert into tagvalue (id, tag_id, asset_id, value) values (3221, 1, 162, 'SAMSUNG Galaxy A52 (Awesome Black, 128 GB)');
insert into tagvalue (id, tag_id, asset_id, value) values (3222, 1, 162, '4.3');
insert into tagvalue (id, tag_id, asset_id, value) values (3223, 2, 162, '24999');
insert into tagvalue (id, tag_id, asset_id, value) values (3224, 3, 162, 'https://rukminim2.flixcart.com/image/312/312/kmf7ki80/mobile/r/z/1/galaxy-a52-sm-a525fzkhins-samsung-original-imagfb4vgf9eez3j.jpeg?q=70');
insert into tagvalue (id, tag_id, asset_id, value) values (3225, 4, 162, '64');
insert into tagvalue (id, tag_id, asset_id, value) values (3226, 5, 162, 'HD+ AMOLED');
insert into tagvalue (id, tag_id, asset_id, value) values (3227, 6, 162, '4500');
insert into tagvalue (id, tag_id, asset_id, value) values (3228, 7, 162, '128');
insert into tagvalue (id, tag_id, asset_id, value) values (3229, 8, 162, '6');
insert into tagvalue (id, tag_id, asset_id, value) values (3230, 9, 162, 'Snapdragon720GProcessor');
insert into tagvalue (id, tag_id, asset_id, value) values (3231, 10, 162, '11');
insert into asset (id,name) values (163, 'SAMSUNG Galaxy A13 (Black, 64 GB)');
insert into tagvalue (id, tag_id, asset_id, value) values (3241, 1, 163, 'SAMSUNG Galaxy A13 (Black, 64 GB)');
insert into tagvalue (id, tag_id, asset_id, value) values (3242, 1, 163, '4.1');
insert into tagvalue (id, tag_id, asset_id, value) values (3243, 2, 163, '18490');
insert into tagvalue (id, tag_id, asset_id, value) values (3244, 3, 163, 'https://rukminim2.flixcart.com/image/312/312/l19m93k0/mobile/g/q/o/-original-imagcv74epgf4fya.jpeg?q=70');
insert into tagvalue (id, tag_id, asset_id, value) values (3245, 4, 163, '50');
insert into tagvalue (id, tag_id, asset_id, value) values (3246, 5, 163, 'other_types');
insert into tagvalue (id, tag_id, asset_id, value) values (3247, 6, 163, '5000');
insert into tagvalue (id, tag_id, asset_id, value) values (3248, 7, 163, '64');
insert into tagvalue (id, tag_id, asset_id, value) values (3249, 8, 163, '4');
insert into tagvalue (id, tag_id, asset_id, value) values (3250, 9, 163, 'not mentioned');
insert into tagvalue (id, tag_id, asset_id, value) values (3251, 10, 163, '12');
insert into asset (id,name) values (164, 'SAMSUNG Galaxy J6 (Blue, 64 GB)');
insert into tagvalue (id, tag_id, asset_id, value) values (3261, 1, 164, 'SAMSUNG Galaxy J6 (Blue, 64 GB)');
insert into tagvalue (id, tag_id, asset_id, value) values (3262, 1, 164, '4.5');
insert into tagvalue (id, tag_id, asset_id, value) values (3263, 2, 164, '9999');
insert into tagvalue (id, tag_id, asset_id, value) values (3264, 3, 164, 'https://rukminim2.flixcart.com/image/312/312/jjelq4w0/mobile/w/n/8/samsung-galaxy-j6-sm-j600gzbgins-original-imaf6zpf6q8tjcva.jpeg?q=70');
insert into tagvalue (id, tag_id, asset_id, value) values (3265, 4, 164, '13');
insert into tagvalue (id, tag_id, asset_id, value) values (3266, 5, 164, 'other_types');
insert into tagvalue (id, tag_id, asset_id, value) values (3267, 6, 164, '3000');
insert into tagvalue (id, tag_id, asset_id, value) values (3268, 7, 164, '64');
insert into tagvalue (id, tag_id, asset_id, value) values (3269, 8, 164, '4');
insert into tagvalue (id, tag_id, asset_id, value) values (3270, 9, 164, 'not mentioned');
insert into tagvalue (id, tag_id, asset_id, value) values (3271, 10, 164, '8');
insert into asset (id,name) values (165, 'SAMSUNG Galaxy A13 (Blue, 128 GB)');
insert into tagvalue (id, tag_id, asset_id, value) values (3281, 1, 165, 'SAMSUNG Galaxy A13 (Blue, 128 GB)');
insert into tagvalue (id, tag_id, asset_id, value) values (3282, 1, 165, '4.2');
insert into tagvalue (id, tag_id, asset_id, value) values (3283, 2, 165, '16499');
insert into tagvalue (id, tag_id, asset_id, value) values (3284, 3, 165, 'https://rukminim2.flixcart.com/image/312/312/l19m93k0/mobile/q/u/z/-original-imagcv74cev7ges4.jpeg?q=70');
insert into tagvalue (id, tag_id, asset_id, value) values (3285, 4, 165, '50');
insert into tagvalue (id, tag_id, asset_id, value) values (3286, 5, 165, 'other_types');
insert into tagvalue (id, tag_id, asset_id, value) values (3287, 6, 165, '5000');
insert into tagvalue (id, tag_id, asset_id, value) values (3288, 7, 165, '128');
insert into tagvalue (id, tag_id, asset_id, value) values (3289, 8, 165, '6');
insert into tagvalue (id, tag_id, asset_id, value) values (3290, 9, 165, 'not mentioned');
insert into tagvalue (id, tag_id, asset_id, value) values (3291, 10, 165, '12');
insert into asset (id,name) values (166, 'SAMSUNG Galaxy F12 (Sea Green, 128 GB)');
insert into tagvalue (id, tag_id, asset_id, value) values (3301, 1, 166, 'SAMSUNG Galaxy F12 (Sea Green, 128 GB)');
insert into tagvalue (id, tag_id, asset_id, value) values (3302, 1, 166, '4.3');
insert into tagvalue (id, tag_id, asset_id, value) values (3303, 2, 166, '12990');
insert into tagvalue (id, tag_id, asset_id, value) values (3304, 3, 166, 'https://rukminim2.flixcart.com/image/312/312/kn22m4w0/mobile/a/q/8/galaxy-f12-sm-f127gzgiins-samsung-original-imagftmjw3xqg4yk.jpeg?q=70');
insert into tagvalue (id, tag_id, asset_id, value) values (3305, 4, 166, '48');
insert into tagvalue (id, tag_id, asset_id, value) values (3306, 5, 166, 'other_types');
insert into tagvalue (id, tag_id, asset_id, value) values (3307, 6, 166, '6000');
insert into tagvalue (id, tag_id, asset_id, value) values (3308, 7, 166, '128');
insert into tagvalue (id, tag_id, asset_id, value) values (3309, 8, 166, '4');
insert into tagvalue (id, tag_id, asset_id, value) values (3310, 9, 166, 'not mentioned');
insert into tagvalue (id, tag_id, asset_id, value) values (3311, 10, 166, '11');
insert into asset (id,name) values (167, 'SAMSUNG M53 5G (Mystique Green, 128 GB)');
insert into tagvalue (id, tag_id, asset_id, value) values (3321, 1, 167, 'SAMSUNG M53 5G (Mystique Green, 128 GB)');
insert into tagvalue (id, tag_id, asset_id, value) values (3322, 1, 167, '4.1');
insert into tagvalue (id, tag_id, asset_id, value) values (3323, 2, 167, '26999');
insert into tagvalue (id, tag_id, asset_id, value) values (3324, 3, 167, 'https://rukminim2.flixcart.com/image/312/312/xif0q/mobile/r/b/2/-original-imagfzj8e8hytax2.jpeg?q=70');
insert into tagvalue (id, tag_id, asset_id, value) values (3325, 4, 167, '108');
insert into tagvalue (id, tag_id, asset_id, value) values (3326, 5, 167, 'other_types');
insert into tagvalue (id, tag_id, asset_id, value) values (3327, 6, 167, '5000');
insert into tagvalue (id, tag_id, asset_id, value) values (3328, 7, 167, '128');
insert into tagvalue (id, tag_id, asset_id, value) values (3329, 8, 167, '6');
insert into tagvalue (id, tag_id, asset_id, value) values (3330, 9, 167, 'not mentioned');
insert into tagvalue (id, tag_id, asset_id, value) values (3331, 10, 167, '12');
insert into asset (id,name) values (168, 'SAMSUNG Galaxy A70s (Prism Crush White, 128 GB)');
insert into tagvalue (id, tag_id, asset_id, value) values (3341, 1, 168, 'SAMSUNG Galaxy A70s (Prism Crush White, 128 GB)');
insert into tagvalue (id, tag_id, asset_id, value) values (3342, 1, 168, '4.3');
insert into tagvalue (id, tag_id, asset_id, value) values (3343, 2, 168, '30500');
insert into tagvalue (id, tag_id, asset_id, value) values (3344, 3, 168, 'https://rukminim2.flixcart.com/image/312/312/kgjqefk0/mobile/j/s/5/samsung-galaxy-a70s-sm-a707fzwwins-original-imafwrdhsyfzh6yg.jpeg?q=70');
insert into tagvalue (id, tag_id, asset_id, value) values (3345, 4, 168, '64');
insert into tagvalue (id, tag_id, asset_id, value) values (3346, 5, 168, 'other_types');
insert into tagvalue (id, tag_id, asset_id, value) values (3347, 6, 168, '4500');
insert into tagvalue (id, tag_id, asset_id, value) values (3348, 7, 168, '128');
insert into tagvalue (id, tag_id, asset_id, value) values (3349, 8, 168, '8');
insert into tagvalue (id, tag_id, asset_id, value) values (3350, 9, 168, 'not mentioned');
insert into tagvalue (id, tag_id, asset_id, value) values (3351, 10, 168, '9');
insert into asset (id,name) values (169, 'SAMSUNG Galaxy On Nxt (Black, 64 GB)');
insert into tagvalue (id, tag_id, asset_id, value) values (3361, 1, 169, 'SAMSUNG Galaxy On Nxt (Black, 64 GB)');
insert into tagvalue (id, tag_id, asset_id, value) values (3362, 1, 169, '4.3');
insert into tagvalue (id, tag_id, asset_id, value) values (3363, 2, 169, '17900');
insert into tagvalue (id, tag_id, asset_id, value) values (3364, 3, 169, 'https://rukminim2.flixcart.com/image/312/312/jjolt3k0/mobile-refurbished/g/f/a/galaxy-on-nxt-32-u-sm-g610fzkgins-samsung-3-original-imaet97hkjd6eyfc.jpeg?q=70');
insert into tagvalue (id, tag_id, asset_id, value) values (3365, 4, 169, '13');
insert into tagvalue (id, tag_id, asset_id, value) values (3366, 5, 169, 'other_types');
insert into tagvalue (id, tag_id, asset_id, value) values (3367, 6, 169, '3300');
insert into tagvalue (id, tag_id, asset_id, value) values (3368, 7, 169, '64');
insert into tagvalue (id, tag_id, asset_id, value) values (3369, 8, 169, '3');
insert into tagvalue (id, tag_id, asset_id, value) values (3370, 9, 169, 'not mentioned');
insert into tagvalue (id, tag_id, asset_id, value) values (3371, 10, 169, '6');
insert into asset (id,name) values (170, 'SAMSUNG Galaxy Z Flip4 5G (Bora Purple, 128 GB)');
insert into tagvalue (id, tag_id, asset_id, value) values (3381, 1, 170, 'SAMSUNG Galaxy Z Flip4 5G (Bora Purple, 128 GB)');
insert into tagvalue (id, tag_id, asset_id, value) values (3382, 1, 170, '3.7');
insert into tagvalue (id, tag_id, asset_id, value) values (3383, 2, 170, '24463');
insert into tagvalue (id, tag_id, asset_id, value) values (3384, 3, 170, 'https://rukminim2.flixcart.com/image/312/312/xif0q/mobile/2/v/7/-original-imagh7nnb7ssj3xq.jpeg?q=70');
insert into tagvalue (id, tag_id, asset_id, value) values (3385, 4, 170, '12');
insert into tagvalue (id, tag_id, asset_id, value) values (3386, 5, 170, 'HD+ AMOLED');
insert into tagvalue (id, tag_id, asset_id, value) values (3387, 6, 170, '3700');
insert into tagvalue (id, tag_id, asset_id, value) values (3388, 7, 170, '128');
insert into tagvalue (id, tag_id, asset_id, value) values (3389, 8, 170, '8');
insert into tagvalue (id, tag_id, asset_id, value) values (3390, 9, 170, 'Snapdragon1P');
insert into tagvalue (id, tag_id, asset_id, value) values (3391, 10, 170, '12');
insert into asset (id,name) values (171, 'SAMSUNG Galaxy A14 (Black, 128 GB)');
insert into tagvalue (id, tag_id, asset_id, value) values (3401, 1, 171, 'SAMSUNG Galaxy A14 (Black, 128 GB)');
insert into tagvalue (id, tag_id, asset_id, value) values (3402, 1, 171, '3.9');
insert into tagvalue (id, tag_id, asset_id, value) values (3403, 2, 171, '15499');
insert into tagvalue (id, tag_id, asset_id, value) values (3404, 3, 171, 'https://rukminim2.flixcart.com/image/312/312/xif0q/mobile/9/n/3/galaxy-a14-sm-a145fzkdins-samsung-original-imagq6czznggphyk.jpeg?q=70');
insert into tagvalue (id, tag_id, asset_id, value) values (3405, 4, 171, '50');
insert into tagvalue (id, tag_id, asset_id, value) values (3406, 5, 171, 'LCD');
insert into tagvalue (id, tag_id, asset_id, value) values (3407, 6, 171, '5000');
insert into tagvalue (id, tag_id, asset_id, value) values (3408, 7, 171, '128');
insert into tagvalue (id, tag_id, asset_id, value) values (3409, 8, 171, '4');
insert into tagvalue (id, tag_id, asset_id, value) values (3410, 9, 171, 'not mentioned');
insert into tagvalue (id, tag_id, asset_id, value) values (3411, 10, 171, '13');
insert into asset (id,name) values (172, 'SAMSUNG Galaxy A14 (Light Green, 128 GB)');
insert into tagvalue (id, tag_id, asset_id, value) values (3421, 1, 172, 'SAMSUNG Galaxy A14 (Light Green, 128 GB)');
insert into tagvalue (id, tag_id, asset_id, value) values (3422, 1, 172, '3.9');
insert into tagvalue (id, tag_id, asset_id, value) values (3423, 2, 172, '15499');
insert into tagvalue (id, tag_id, asset_id, value) values (3424, 3, 172, 'https://rukminim2.flixcart.com/image/312/312/xif0q/mobile/e/e/c/galaxy-a14-sm-a145flgdins-samsung-original-imagq6czvb7qgbmc.jpeg?q=70');
insert into tagvalue (id, tag_id, asset_id, value) values (3425, 4, 172, '50');
insert into tagvalue (id, tag_id, asset_id, value) values (3426, 5, 172, 'LCD');
insert into tagvalue (id, tag_id, asset_id, value) values (3427, 6, 172, '5000');
insert into tagvalue (id, tag_id, asset_id, value) values (3428, 7, 172, '128');
insert into tagvalue (id, tag_id, asset_id, value) values (3429, 8, 172, '4');
insert into tagvalue (id, tag_id, asset_id, value) values (3430, 9, 172, 'not mentioned');
insert into tagvalue (id, tag_id, asset_id, value) values (3431, 10, 172, '13');
insert into asset (id,name) values (173, 'SAMSUNG Galaxy A13 (Green, 64 GB)');
insert into tagvalue (id, tag_id, asset_id, value) values (3441, 1, 173, 'SAMSUNG Galaxy A13 (Green, 64 GB)');
insert into tagvalue (id, tag_id, asset_id, value) values (3442, 1, 173, '4.1');
insert into tagvalue (id, tag_id, asset_id, value) values (3443, 2, 173, '15999');
insert into tagvalue (id, tag_id, asset_id, value) values (3444, 3, 173, 'https://rukminim2.flixcart.com/image/312/312/xif0q/mobile/f/e/o/-original-imaggy3yrdqzsvfc.jpeg?q=70');
insert into tagvalue (id, tag_id, asset_id, value) values (3445, 4, 173, '50');
insert into tagvalue (id, tag_id, asset_id, value) values (3446, 5, 173, 'other_types');
insert into tagvalue (id, tag_id, asset_id, value) values (3447, 6, 173, '5000');
insert into tagvalue (id, tag_id, asset_id, value) values (3448, 7, 173, '64');
insert into tagvalue (id, tag_id, asset_id, value) values (3449, 8, 173, '4');
insert into tagvalue (id, tag_id, asset_id, value) values (3450, 9, 173, 'not mentioned');
insert into tagvalue (id, tag_id, asset_id, value) values (3451, 10, 173, '12');
insert into asset (id,name) values (174, 'SAMSUNG Galaxy J6 (Black, 64 GB)');
insert into tagvalue (id, tag_id, asset_id, value) values (3461, 1, 174, 'SAMSUNG Galaxy J6 (Black, 64 GB)');
insert into tagvalue (id, tag_id, asset_id, value) values (3462, 1, 174, '4.5');
insert into tagvalue (id, tag_id, asset_id, value) values (3463, 2, 174, '9999');
insert into tagvalue (id, tag_id, asset_id, value) values (3464, 3, 174, 'https://rukminim2.flixcart.com/image/312/312/jjelq4w0/mobile/e/3/a/samsung-galaxy-j6-sm-j600gzkgins-original-imaf6zpe7vrnygsn.jpeg?q=70');
insert into tagvalue (id, tag_id, asset_id, value) values (3465, 4, 174, '13');
insert into tagvalue (id, tag_id, asset_id, value) values (3466, 5, 174, 'other_types');
insert into tagvalue (id, tag_id, asset_id, value) values (3467, 6, 174, '3000');
insert into tagvalue (id, tag_id, asset_id, value) values (3468, 7, 174, '64');
insert into tagvalue (id, tag_id, asset_id, value) values (3469, 8, 174, '4');
insert into tagvalue (id, tag_id, asset_id, value) values (3470, 9, 174, 'not mentioned');
insert into tagvalue (id, tag_id, asset_id, value) values (3471, 10, 174, '8');
insert into asset (id,name) values (175, 'SAMSUNG Galaxy On Nxt (Gold, 64 GB)');
insert into tagvalue (id, tag_id, asset_id, value) values (3481, 1, 175, 'SAMSUNG Galaxy On Nxt (Gold, 64 GB)');
insert into tagvalue (id, tag_id, asset_id, value) values (3482, 1, 175, '4.3');
insert into tagvalue (id, tag_id, asset_id, value) values (3483, 2, 175, '17900');
insert into tagvalue (id, tag_id, asset_id, value) values (3484, 3, 175, 'https://rukminim2.flixcart.com/image/312/312/jjolt3k0/mobile-refurbished/y/m/5/galaxy-on-nxt-32-u-sm-g610fzdgins-samsung-3-original-imaet97hmqvfn5a6.jpeg?q=70');
insert into tagvalue (id, tag_id, asset_id, value) values (3485, 4, 175, '13');
insert into tagvalue (id, tag_id, asset_id, value) values (3486, 5, 175, 'other_types');
insert into tagvalue (id, tag_id, asset_id, value) values (3487, 6, 175, '3300');
insert into tagvalue (id, tag_id, asset_id, value) values (3488, 7, 175, '64');
insert into tagvalue (id, tag_id, asset_id, value) values (3489, 8, 175, '3');
insert into tagvalue (id, tag_id, asset_id, value) values (3490, 9, 175, 'not mentioned');
insert into tagvalue (id, tag_id, asset_id, value) values (3491, 10, 175, '6');
insert into asset (id,name) values (176, 'SAMSUNG Galaxy On Max (Gold, 32 GB)');
insert into tagvalue (id, tag_id, asset_id, value) values (3501, 1, 176, 'SAMSUNG Galaxy On Max (Gold, 32 GB)');
insert into tagvalue (id, tag_id, asset_id, value) values (3502, 1, 176, '4.3');
insert into tagvalue (id, tag_id, asset_id, value) values (3503, 2, 176, '19900');
insert into tagvalue (id, tag_id, asset_id, value) values (3504, 3, 176, 'https://rukminim2.flixcart.com/image/312/312/j4sronk0/mobile/3/z/h/samsung-on-max-sm-g615fzduins-original-imaevmfxe8xpzsw6.jpeg?q=70');
insert into tagvalue (id, tag_id, asset_id, value) values (3505, 4, 176, '13');
insert into tagvalue (id, tag_id, asset_id, value) values (3506, 5, 176, 'other_types');
insert into tagvalue (id, tag_id, asset_id, value) values (3507, 6, 176, '3300');
insert into tagvalue (id, tag_id, asset_id, value) values (3508, 7, 176, '32');
insert into tagvalue (id, tag_id, asset_id, value) values (3509, 8, 176, '4');
insert into tagvalue (id, tag_id, asset_id, value) values (3510, 9, 176, 'MediaTek');
insert into tagvalue (id, tag_id, asset_id, value) values (3511, 10, 176, '7');
insert into asset (id,name) values (177, 'SAMSUNG Galaxy M32 (Light Blue, 64 GB)');
insert into tagvalue (id, tag_id, asset_id, value) values (3521, 1, 177, 'SAMSUNG Galaxy M32 (Light Blue, 64 GB)');
insert into tagvalue (id, tag_id, asset_id, value) values (3522, 1, 177, '4.2');
insert into tagvalue (id, tag_id, asset_id, value) values (3523, 2, 177, '16999');
insert into tagvalue (id, tag_id, asset_id, value) values (3524, 3, 177, 'https://rukminim2.flixcart.com/image/312/312/xif0q/mobile/5/n/y/-original-imag4pfh5k9anrfc.jpeg?q=70');
insert into tagvalue (id, tag_id, asset_id, value) values (3525, 4, 177, '48');
insert into tagvalue (id, tag_id, asset_id, value) values (3526, 5, 177, 'other_types');
insert into tagvalue (id, tag_id, asset_id, value) values (3527, 6, 177, '6000');
insert into tagvalue (id, tag_id, asset_id, value) values (3528, 7, 177, '64');
insert into tagvalue (id, tag_id, asset_id, value) values (3529, 8, 177, '4');
insert into tagvalue (id, tag_id, asset_id, value) values (3530, 9, 177, 'not mentioned');
insert into tagvalue (id, tag_id, asset_id, value) values (3531, 10, 177, '11');
insert into asset (id,name) values (178, 'SAMSUNG Galaxy M34 5G without charger (Prism Silver, 128 GB)');
insert into tagvalue (id, tag_id, asset_id, value) values (3541, 1, 178, 'SAMSUNG Galaxy M34 5G without charger (Prism Silver, 128 GB)');
insert into tagvalue (id, tag_id, asset_id, value) values (3542, 1, 178, '3.7');
insert into tagvalue (id, tag_id, asset_id, value) values (3543, 2, 178, '24490');
insert into tagvalue (id, tag_id, asset_id, value) values (3544, 3, 178, 'https://rukminim2.flixcart.com/image/312/312/xif0q/mobile/p/i/g/galaxy-m34-5g-without-charger-sm-m346b-samsung-original-imagrhrhbuja8grh.jpeg?q=70');
insert into tagvalue (id, tag_id, asset_id, value) values (3545, 4, 178, '50');
insert into tagvalue (id, tag_id, asset_id, value) values (3546, 5, 178, 'other_types');
insert into tagvalue (id, tag_id, asset_id, value) values (3547, 6, 178, '6000');
insert into tagvalue (id, tag_id, asset_id, value) values (3548, 7, 178, '128');
insert into tagvalue (id, tag_id, asset_id, value) values (3549, 8, 178, '8');
insert into tagvalue (id, tag_id, asset_id, value) values (3550, 9, 178, 'not mentioned');
insert into tagvalue (id, tag_id, asset_id, value) values (3551, 10, 178, '13');
insert into asset (id,name) values (179, 'SAMSUNG Galaxy A13 (Peach, 64 GB)');
insert into tagvalue (id, tag_id, asset_id, value) values (3561, 1, 179, 'SAMSUNG Galaxy A13 (Peach, 64 GB)');
insert into tagvalue (id, tag_id, asset_id, value) values (3562, 1, 179, '4.2');
insert into tagvalue (id, tag_id, asset_id, value) values (3563, 2, 179, '14499');
insert into tagvalue (id, tag_id, asset_id, value) values (3564, 3, 179, 'https://rukminim2.flixcart.com/image/312/312/l19m93k0/mobile/w/g/x/-original-imagcv74zmfuu3cx.jpeg?q=70');
insert into tagvalue (id, tag_id, asset_id, value) values (3565, 4, 179, '50');
insert into tagvalue (id, tag_id, asset_id, value) values (3566, 5, 179, 'other_types');
insert into tagvalue (id, tag_id, asset_id, value) values (3567, 6, 179, '5000');
insert into tagvalue (id, tag_id, asset_id, value) values (3568, 7, 179, '64');
insert into tagvalue (id, tag_id, asset_id, value) values (3569, 8, 179, '4');
insert into tagvalue (id, tag_id, asset_id, value) values (3570, 9, 179, 'not mentioned');
insert into tagvalue (id, tag_id, asset_id, value) values (3571, 10, 179, '12');
insert into asset (id,name) values (180, 'SAMSUNG Galaxy S22 ultra 5G (Burgundy, 256 GB)');
insert into tagvalue (id, tag_id, asset_id, value) values (3581, 1, 180, 'SAMSUNG Galaxy S22 ultra 5G (Burgundy, 256 GB)');
insert into tagvalue (id, tag_id, asset_id, value) values (3582, 1, 180, '4.4');
insert into tagvalue (id, tag_id, asset_id, value) values (3583, 2, 180, '23463');
insert into tagvalue (id, tag_id, asset_id, value) values (3584, 3, 180, 'https://rukminim2.flixcart.com/image/312/312/l3khsi80/mobile/f/s/y/galaxy-s22-ultra-5g-sm-s08edrginu-sm-s908e-ds-samsung-original-imagenuuky3dbc2d.jpeg?q=70');
insert into tagvalue (id, tag_id, asset_id, value) values (3585, 4, 180, '108');
insert into tagvalue (id, tag_id, asset_id, value) values (3586, 5, 180, 'other_types');
insert into tagvalue (id, tag_id, asset_id, value) values (3587, 6, 180, '5000');
insert into tagvalue (id, tag_id, asset_id, value) values (3588, 7, 180, '256');
insert into tagvalue (id, tag_id, asset_id, value) values (3589, 8, 180, '12');
insert into tagvalue (id, tag_id, asset_id, value) values (3590, 9, 180, 'not mentioned');
insert into tagvalue (id, tag_id, asset_id, value) values (3591, 10, 180, '12');
insert into asset (id,name) values (181, 'SAMSUNG Galaxy M34 5G without charger (Prism Silver, 128 GB)');
insert into tagvalue (id, tag_id, asset_id, value) values (3601, 1, 181, 'SAMSUNG Galaxy M34 5G without charger (Prism Silver, 128 GB)');
insert into tagvalue (id, tag_id, asset_id, value) values (3602, 1, 181, '3.7');
insert into tagvalue (id, tag_id, asset_id, value) values (3603, 2, 181, '21299');
insert into tagvalue (id, tag_id, asset_id, value) values (3604, 3, 181, 'https://rukminim2.flixcart.com/image/312/312/xif0q/mobile/p/i/g/galaxy-m34-5g-without-charger-sm-m346b-samsung-original-imagrhrhbuja8grh.jpeg?q=70');
insert into tagvalue (id, tag_id, asset_id, value) values (3605, 4, 181, '50');
insert into tagvalue (id, tag_id, asset_id, value) values (3606, 5, 181, 'other_types');
insert into tagvalue (id, tag_id, asset_id, value) values (3607, 6, 181, '6000');
insert into tagvalue (id, tag_id, asset_id, value) values (3608, 7, 181, '128');
insert into tagvalue (id, tag_id, asset_id, value) values (3609, 8, 181, '6');
insert into tagvalue (id, tag_id, asset_id, value) values (3610, 9, 181, 'not mentioned');
insert into tagvalue (id, tag_id, asset_id, value) values (3611, 10, 181, '13');
insert into asset (id,name) values (182, 'SAMSUNG Galaxy On6 (Blue, 64 GB)');
insert into tagvalue (id, tag_id, asset_id, value) values (3621, 1, 182, 'SAMSUNG Galaxy On6 (Blue, 64 GB)');
insert into tagvalue (id, tag_id, asset_id, value) values (3622, 1, 182, '4.3');
insert into tagvalue (id, tag_id, asset_id, value) values (3623, 2, 182, '17600');
insert into tagvalue (id, tag_id, asset_id, value) values (3624, 3, 182, 'https://rukminim2.flixcart.com/image/312/312/jit64cw0-1/mobile/k/y/9/samsung-galaxy-on6-sm-j600gf-original-imaf6j6py3cnep8f.jpeg?q=70');
insert into tagvalue (id, tag_id, asset_id, value) values (3625, 4, 182, '13');
insert into tagvalue (id, tag_id, asset_id, value) values (3626, 5, 182, 'other_types');
insert into tagvalue (id, tag_id, asset_id, value) values (3627, 6, 182, '3000');
insert into tagvalue (id, tag_id, asset_id, value) values (3628, 7, 182, '64');
insert into tagvalue (id, tag_id, asset_id, value) values (3629, 8, 182, '4');
insert into tagvalue (id, tag_id, asset_id, value) values (3630, 9, 182, 'not mentioned');
insert into tagvalue (id, tag_id, asset_id, value) values (3631, 10, 182, '8');
insert into asset (id,name) values (183, 'SAMSUNG Galaxy Z Flip4 5G (Pink Gold, 128 GB)');
insert into tagvalue (id, tag_id, asset_id, value) values (3641, 1, 183, 'SAMSUNG Galaxy Z Flip4 5G (Pink Gold, 128 GB)');
insert into tagvalue (id, tag_id, asset_id, value) values (3642, 1, 183, '4.2');
insert into tagvalue (id, tag_id, asset_id, value) values (3643, 2, 183, '24463');
insert into tagvalue (id, tag_id, asset_id, value) values (3644, 3, 183, 'https://rukminim2.flixcart.com/image/312/312/xif0q/mobile/h/e/d/-original-imagh7nnemnbgtts.jpeg?q=70');
insert into tagvalue (id, tag_id, asset_id, value) values (3645, 4, 183, '12');
insert into tagvalue (id, tag_id, asset_id, value) values (3646, 5, 183, 'HD+ AMOLED');
insert into tagvalue (id, tag_id, asset_id, value) values (3647, 6, 183, '3700');
insert into tagvalue (id, tag_id, asset_id, value) values (3648, 7, 183, '128');
insert into tagvalue (id, tag_id, asset_id, value) values (3649, 8, 183, '8');
insert into tagvalue (id, tag_id, asset_id, value) values (3650, 9, 183, 'Snapdragon1P');
insert into tagvalue (id, tag_id, asset_id, value) values (3651, 10, 183, '12');
insert into asset (id,name) values (184, 'SAMSUNG Galaxy A23 (Peach, 128 GB)');
insert into tagvalue (id, tag_id, asset_id, value) values (3661, 1, 184, 'SAMSUNG Galaxy A23 (Peach, 128 GB)');
insert into tagvalue (id, tag_id, asset_id, value) values (3662, 1, 184, '4.0');
insert into tagvalue (id, tag_id, asset_id, value) values (3663, 2, 184, '18990');
insert into tagvalue (id, tag_id, asset_id, value) values (3664, 3, 184, 'https://rukminim2.flixcart.com/image/312/312/l19m93k0/mobile/5/k/x/-original-imagcv8jubmd9pb6.jpeg?q=70');
insert into tagvalue (id, tag_id, asset_id, value) values (3665, 4, 184, '50');
insert into tagvalue (id, tag_id, asset_id, value) values (3666, 5, 184, 'other_types');
insert into tagvalue (id, tag_id, asset_id, value) values (3667, 6, 184, '5000');
insert into tagvalue (id, tag_id, asset_id, value) values (3668, 7, 184, '128');
insert into tagvalue (id, tag_id, asset_id, value) values (3669, 8, 184, '8');
insert into tagvalue (id, tag_id, asset_id, value) values (3670, 9, 184, 'not mentioned');
insert into tagvalue (id, tag_id, asset_id, value) values (3671, 10, 184, '12');
insert into asset (id,name) values (185, 'SAMSUNG Galaxy A12 (Blue, 64 GB)');
insert into tagvalue (id, tag_id, asset_id, value) values (3681, 1, 185, 'SAMSUNG Galaxy A12 (Blue, 64 GB)');
insert into tagvalue (id, tag_id, asset_id, value) values (3682, 1, 185, '4.5');
insert into tagvalue (id, tag_id, asset_id, value) values (3683, 2, 185, '13999');
insert into tagvalue (id, tag_id, asset_id, value) values (3684, 3, 185, 'https://rukminim2.flixcart.com/image/312/312/krz97rk0/mobile/g/n/h/galaxy-a12-mtk-g35-sm-a125fzbjins-samsung-original-imag5n53wm8rg4tw.jpeg?q=70');
insert into tagvalue (id, tag_id, asset_id, value) values (3685, 4, 185, '48');
insert into tagvalue (id, tag_id, asset_id, value) values (3686, 5, 185, 'LCD');
insert into tagvalue (id, tag_id, asset_id, value) values (3687, 6, 185, '5000');
insert into tagvalue (id, tag_id, asset_id, value) values (3688, 7, 185, '64');
insert into tagvalue (id, tag_id, asset_id, value) values (3689, 8, 185, '4');
insert into tagvalue (id, tag_id, asset_id, value) values (3690, 9, 185, 'not mentioned');
insert into tagvalue (id, tag_id, asset_id, value) values (3691, 10, 185, '11');
insert into asset (id,name) values (186, 'SAMSUNG Galaxy On Max (Black, 32 GB)');
insert into tagvalue (id, tag_id, asset_id, value) values (3701, 1, 186, 'SAMSUNG Galaxy On Max (Black, 32 GB)');
insert into tagvalue (id, tag_id, asset_id, value) values (3702, 1, 186, '4.1');
insert into tagvalue (id, tag_id, asset_id, value) values (3703, 2, 186, '19900');
insert into tagvalue (id, tag_id, asset_id, value) values (3704, 3, 186, 'https://rukminim2.flixcart.com/image/312/312/j4sronk0/mobile/e/n/w/samsung-on-max-sm-g615fzkuins-original-imaevmfxesgjatny.jpeg?q=70');
insert into tagvalue (id, tag_id, asset_id, value) values (3705, 4, 186, '13');
insert into tagvalue (id, tag_id, asset_id, value) values (3706, 5, 186, 'other_types');
insert into tagvalue (id, tag_id, asset_id, value) values (3707, 6, 186, '3300');
insert into tagvalue (id, tag_id, asset_id, value) values (3708, 7, 186, '32');
insert into tagvalue (id, tag_id, asset_id, value) values (3709, 8, 186, '4');
insert into tagvalue (id, tag_id, asset_id, value) values (3710, 9, 186, 'MediaTek');
insert into tagvalue (id, tag_id, asset_id, value) values (3711, 10, 186, '7');
insert into asset (id,name) values (187, 'SAMSUNG Galaxy Z Fold3 5G (Phantom Green, 256 GB)');
insert into tagvalue (id, tag_id, asset_id, value) values (3721, 1, 187, 'SAMSUNG Galaxy Z Fold3 5G (Phantom Green, 256 GB)');
insert into tagvalue (id, tag_id, asset_id, value) values (3722, 1, 187, '4.3');
insert into tagvalue (id, tag_id, asset_id, value) values (3723, 2, 187, '18927');
insert into tagvalue (id, tag_id, asset_id, value) values (3724, 3, 187, 'https://rukminim2.flixcart.com/image/312/312/ksqeky80/mobile/x/7/1/galaxy-z-fold3-5g-sm-f926bzgdinu-samsung-original-imag68q6hpdwmngw.jpeg?q=70');
insert into tagvalue (id, tag_id, asset_id, value) values (3725, 4, 187, '12');
insert into tagvalue (id, tag_id, asset_id, value) values (3726, 5, 187, 'AMOLED');
insert into tagvalue (id, tag_id, asset_id, value) values (3727, 6, 187, '4400');
insert into tagvalue (id, tag_id, asset_id, value) values (3728, 7, 187, '256');
insert into tagvalue (id, tag_id, asset_id, value) values (3729, 8, 187, '12');
insert into tagvalue (id, tag_id, asset_id, value) values (3730, 9, 187, 'Snapdragon888');
insert into tagvalue (id, tag_id, asset_id, value) values (3731, 10, 187, '11');
insert into asset (id,name) values (188, 'SAMSUNG Galaxy A13 (Green, 128 GB)');
insert into tagvalue (id, tag_id, asset_id, value) values (3741, 1, 188, 'SAMSUNG Galaxy A13 (Green, 128 GB)');
insert into tagvalue (id, tag_id, asset_id, value) values (3742, 1, 188, '4.3');
insert into tagvalue (id, tag_id, asset_id, value) values (3743, 2, 188, '19990');
insert into tagvalue (id, tag_id, asset_id, value) values (3744, 3, 188, 'https://rukminim2.flixcart.com/image/312/312/xif0q/mobile/f/e/o/-original-imaggy3yrdqzsvfc.jpeg?q=70');
insert into tagvalue (id, tag_id, asset_id, value) values (3745, 4, 188, '50');
insert into tagvalue (id, tag_id, asset_id, value) values (3746, 5, 188, 'other_types');
insert into tagvalue (id, tag_id, asset_id, value) values (3747, 6, 188, '5000');
insert into tagvalue (id, tag_id, asset_id, value) values (3748, 7, 188, '128');
insert into tagvalue (id, tag_id, asset_id, value) values (3749, 8, 188, '4');
insert into tagvalue (id, tag_id, asset_id, value) values (3750, 9, 188, 'not mentioned');
insert into tagvalue (id, tag_id, asset_id, value) values (3751, 10, 188, '12');
insert into asset (id,name) values (189, 'SAMSUNG Galaxy F02s (Diamond Blue, 64 GB)');
insert into tagvalue (id, tag_id, asset_id, value) values (3761, 1, 189, 'SAMSUNG Galaxy F02s (Diamond Blue, 64 GB)');
insert into tagvalue (id, tag_id, asset_id, value) values (3762, 1, 189, '4.2');
insert into tagvalue (id, tag_id, asset_id, value) values (3763, 2, 189, '10990');
insert into tagvalue (id, tag_id, asset_id, value) values (3764, 3, 189, 'https://rukminim2.flixcart.com/image/312/312/kn22m4w0/mobile/t/z/7/galaxy-f02s-sm-e025fdbfins-samsung-original-imagfthzytxvkmb2.jpeg?q=70');
insert into tagvalue (id, tag_id, asset_id, value) values (3765, 4, 189, '13');
insert into tagvalue (id, tag_id, asset_id, value) values (3766, 5, 189, 'other_types');
insert into tagvalue (id, tag_id, asset_id, value) values (3767, 6, 189, '5000');
insert into tagvalue (id, tag_id, asset_id, value) values (3768, 7, 189, '64');
insert into tagvalue (id, tag_id, asset_id, value) values (3769, 8, 189, '4');
insert into tagvalue (id, tag_id, asset_id, value) values (3770, 9, 189, 'Snapdragon450');
insert into tagvalue (id, tag_id, asset_id, value) values (3771, 10, 189, '10');
insert into asset (id,name) values (190, 'SAMSUNG Galaxy M30s (Quartz Green, 64 GB)');
insert into tagvalue (id, tag_id, asset_id, value) values (3781, 1, 190, 'SAMSUNG Galaxy M30s (Quartz Green, 64 GB)');
insert into tagvalue (id, tag_id, asset_id, value) values (3782, 1, 190, '4.2');
insert into tagvalue (id, tag_id, asset_id, value) values (3783, 2, 190, '12990');
insert into tagvalue (id, tag_id, asset_id, value) values (3784, 3, 190, 'https://rukminim2.flixcart.com/image/312/312/xif0q/mobile/b/j/w/galaxy-m30s-sm-m307fzgdins-samsung-original-imagrcbmpcsswmqm.jpeg?q=70');
insert into tagvalue (id, tag_id, asset_id, value) values (3785, 4, 190, '48');
insert into tagvalue (id, tag_id, asset_id, value) values (3786, 5, 190, 'other_types');
insert into tagvalue (id, tag_id, asset_id, value) values (3787, 6, 190, '6000');
insert into tagvalue (id, tag_id, asset_id, value) values (3788, 7, 190, '64');
insert into tagvalue (id, tag_id, asset_id, value) values (3789, 8, 190, '4');
insert into tagvalue (id, tag_id, asset_id, value) values (3790, 9, 190, 'not mentioned');
insert into tagvalue (id, tag_id, asset_id, value) values (3791, 10, 190, '9');
insert into asset (id,name) values (191, 'SAMSUNG Galaxy J3 Pro (Black, 16 GB)');
insert into tagvalue (id, tag_id, asset_id, value) values (3801, 1, 191, 'SAMSUNG Galaxy J3 Pro (Black, 16 GB)');
insert into tagvalue (id, tag_id, asset_id, value) values (3802, 1, 191, '4.2');
insert into tagvalue (id, tag_id, asset_id, value) values (3803, 2, 191, '8490');
insert into tagvalue (id, tag_id, asset_id, value) values (3804, 3, 191, 'https://rukminim2.flixcart.com/image/312/312/j3orcsw0/mobile/h/w/k/samsung-galaxy-j3-pro-sm-j320fzkgins-original-imaeurqgzeasewhg.jpeg?q=70');
insert into tagvalue (id, tag_id, asset_id, value) values (3805, 4, 191, '8');
insert into tagvalue (id, tag_id, asset_id, value) values (3806, 5, 191, 'other_types');
insert into tagvalue (id, tag_id, asset_id, value) values (3807, 6, 191, '2600');
insert into tagvalue (id, tag_id, asset_id, value) values (3808, 7, 191, '16');
insert into tagvalue (id, tag_id, asset_id, value) values (3809, 8, 191, '2');
insert into tagvalue (id, tag_id, asset_id, value) values (3810, 9, 191, 'not mentioned');
insert into tagvalue (id, tag_id, asset_id, value) values (3811, 10, 191, '10');
insert into asset (id,name) values (192, 'SAMSUNG Galaxy A13 (Blue, 128 GB)');
insert into tagvalue (id, tag_id, asset_id, value) values (3821, 1, 192, 'SAMSUNG Galaxy A13 (Blue, 128 GB)');
insert into tagvalue (id, tag_id, asset_id, value) values (3822, 1, 192, '4.1');
insert into tagvalue (id, tag_id, asset_id, value) values (3823, 2, 192, '15499');
insert into tagvalue (id, tag_id, asset_id, value) values (3824, 3, 192, 'https://rukminim2.flixcart.com/image/312/312/l19m93k0/mobile/q/u/z/-original-imagcv74cev7ges4.jpeg?q=70');
insert into tagvalue (id, tag_id, asset_id, value) values (3825, 4, 192, '50');
insert into tagvalue (id, tag_id, asset_id, value) values (3826, 5, 192, 'other_types');
insert into tagvalue (id, tag_id, asset_id, value) values (3827, 6, 192, '5000');
insert into tagvalue (id, tag_id, asset_id, value) values (3828, 7, 192, '128');
insert into tagvalue (id, tag_id, asset_id, value) values (3829, 8, 192, '4');
insert into tagvalue (id, tag_id, asset_id, value) values (3830, 9, 192, 'not mentioned');
insert into tagvalue (id, tag_id, asset_id, value) values (3831, 10, 192, '12');
insert into asset (id,name) values (193, 'SAMSUNG Galaxy J3 Pro (Gold, 16 GB)');
insert into tagvalue (id, tag_id, asset_id, value) values (3841, 1, 193, 'SAMSUNG Galaxy J3 Pro (Gold, 16 GB)');
insert into tagvalue (id, tag_id, asset_id, value) values (3842, 1, 193, '4.2');
insert into tagvalue (id, tag_id, asset_id, value) values (3843, 2, 193, '8490');
insert into tagvalue (id, tag_id, asset_id, value) values (3844, 3, 193, 'https://rukminim2.flixcart.com/image/312/312/j3orcsw0/mobile/r/p/v/samsung-galaxy-j3-pro-sm-j320fzdgins-original-imaeurqgnaz4puyt.jpeg?q=70');
insert into tagvalue (id, tag_id, asset_id, value) values (3845, 4, 193, '8');
insert into tagvalue (id, tag_id, asset_id, value) values (3846, 5, 193, 'other_types');
insert into tagvalue (id, tag_id, asset_id, value) values (3847, 6, 193, '2600');
insert into tagvalue (id, tag_id, asset_id, value) values (3848, 7, 193, '16');
insert into tagvalue (id, tag_id, asset_id, value) values (3849, 8, 193, '2');
insert into tagvalue (id, tag_id, asset_id, value) values (3850, 9, 193, 'not mentioned');
insert into tagvalue (id, tag_id, asset_id, value) values (3851, 10, 193, '5');
insert into asset (id,name) values (194, 'SAMSUNG Galaxy S22 5G (Green, 256 GB)');
insert into tagvalue (id, tag_id, asset_id, value) values (3861, 1, 194, 'SAMSUNG Galaxy S22 5G (Green, 256 GB)');
insert into tagvalue (id, tag_id, asset_id, value) values (3862, 1, 194, '4.3');
insert into tagvalue (id, tag_id, asset_id, value) values (3863, 2, 194, '14463');
insert into tagvalue (id, tag_id, asset_id, value) values (3864, 3, 194, 'https://rukminim2.flixcart.com/image/312/312/xif0q/mobile/j/y/6/-original-imaggj686yhjdrgk.jpeg?q=70');
insert into tagvalue (id, tag_id, asset_id, value) values (3865, 4, 194, '50');
insert into tagvalue (id, tag_id, asset_id, value) values (3866, 5, 194, 'AMOLED');
insert into tagvalue (id, tag_id, asset_id, value) values (3867, 6, 194, '3700');
insert into tagvalue (id, tag_id, asset_id, value) values (3868, 7, 194, '256');
insert into tagvalue (id, tag_id, asset_id, value) values (3869, 8, 194, '8');
insert into tagvalue (id, tag_id, asset_id, value) values (3870, 9, 194, 'not mentioned');
insert into tagvalue (id, tag_id, asset_id, value) values (3871, 10, 194, '12');
insert into asset (id,name) values (195, 'SAMSUNG Galaxy S22 Ultra 5G (Phantom White, 256 GB)');
insert into tagvalue (id, tag_id, asset_id, value) values (3881, 1, 195, 'SAMSUNG Galaxy S22 Ultra 5G (Phantom White, 256 GB)');
insert into tagvalue (id, tag_id, asset_id, value) values (3882, 1, 195, '4.2');
insert into tagvalue (id, tag_id, asset_id, value) values (3883, 2, 195, '26462');
insert into tagvalue (id, tag_id, asset_id, value) values (3884, 3, 195, 'https://rukminim2.flixcart.com/image/312/312/xif0q/mobile/y/c/t/-original-imaggj699hhujaqe.jpeg?q=70');
insert into tagvalue (id, tag_id, asset_id, value) values (3885, 4, 195, '108');
insert into tagvalue (id, tag_id, asset_id, value) values (3886, 5, 195, 'AMOLED');
insert into tagvalue (id, tag_id, asset_id, value) values (3887, 6, 195, '5000');
insert into tagvalue (id, tag_id, asset_id, value) values (3888, 7, 195, '256');
insert into tagvalue (id, tag_id, asset_id, value) values (3889, 8, 195, '12');
insert into tagvalue (id, tag_id, asset_id, value) values (3890, 9, 195, 'not mentioned');
insert into tagvalue (id, tag_id, asset_id, value) values (3891, 10, 195, '12');
insert into asset (id,name) values (196, 'SAMSUNG Galaxy Z Fold4 5G (Graygreen, 256 GB)');
insert into tagvalue (id, tag_id, asset_id, value) values (3901, 1, 196, 'SAMSUNG Galaxy Z Fold4 5G (Graygreen, 256 GB)');
insert into tagvalue (id, tag_id, asset_id, value) values (3902, 1, 196, '4.2');
insert into tagvalue (id, tag_id, asset_id, value) values (3903, 2, 196, '23927');
insert into tagvalue (id, tag_id, asset_id, value) values (3904, 3, 196, 'https://rukminim2.flixcart.com/image/312/312/xif0q/mobile/p/v/o/-original-imagh7nzmxwmbpvf.jpeg?q=70');
insert into tagvalue (id, tag_id, asset_id, value) values (3905, 4, 196, '50');
insert into tagvalue (id, tag_id, asset_id, value) values (3906, 5, 196, 'HD+ AMOLED');
insert into tagvalue (id, tag_id, asset_id, value) values (3907, 6, 196, '4400');
insert into tagvalue (id, tag_id, asset_id, value) values (3908, 7, 196, '256');
insert into tagvalue (id, tag_id, asset_id, value) values (3909, 8, 196, '12');
insert into tagvalue (id, tag_id, asset_id, value) values (3910, 9, 196, 'Snapdragon1P');
insert into tagvalue (id, tag_id, asset_id, value) values (3911, 10, 196, '12');
insert into asset (id,name) values (197, 'SAMSUNG Galaxy M12 (White, 128 GB)');
insert into tagvalue (id, tag_id, asset_id, value) values (3921, 1, 197, 'SAMSUNG Galaxy M12 (White, 128 GB)');
insert into tagvalue (id, tag_id, asset_id, value) values (3922, 1, 197, '4.1');
insert into tagvalue (id, tag_id, asset_id, value) values (3923, 2, 197, '16999');
insert into tagvalue (id, tag_id, asset_id, value) values (3924, 3, 197, 'https://rukminim2.flixcart.com/image/312/312/kmwcuq80/mobile/6/1/0/galaxy-m12-galaxy-m12-samsung-original-imagfzug8wycsxnb.jpeg?q=70');
insert into tagvalue (id, tag_id, asset_id, value) values (3925, 4, 197, '48');
insert into tagvalue (id, tag_id, asset_id, value) values (3926, 5, 197, 'other_types');
insert into tagvalue (id, tag_id, asset_id, value) values (3927, 6, 197, '6000');
insert into tagvalue (id, tag_id, asset_id, value) values (3928, 7, 197, '128');
insert into tagvalue (id, tag_id, asset_id, value) values (3929, 8, 197, '6');
insert into tagvalue (id, tag_id, asset_id, value) values (3930, 9, 197, 'not mentioned');
insert into tagvalue (id, tag_id, asset_id, value) values (3931, 10, 197, '11');
insert into asset (id,name) values (198, 'SAMSUNG Galaxy A30s (Prism Crush White, 64 GB)');
insert into tagvalue (id, tag_id, asset_id, value) values (3941, 1, 198, 'SAMSUNG Galaxy A30s (Prism Crush White, 64 GB)');
insert into tagvalue (id, tag_id, asset_id, value) values (3942, 1, 198, '4.3');
insert into tagvalue (id, tag_id, asset_id, value) values (3943, 2, 198, '18900');
insert into tagvalue (id, tag_id, asset_id, value) values (3944, 3, 198, 'https://rukminim2.flixcart.com/image/312/312/k4vmxzk0/mobile/5/y/k/samsung-galaxy-a30s-sm-a307fzwvins-original-imafk8hxudftet9g.jpeg?q=70');
insert into tagvalue (id, tag_id, asset_id, value) values (3945, 4, 198, '25');
insert into tagvalue (id, tag_id, asset_id, value) values (3946, 5, 198, 'other_types');
insert into tagvalue (id, tag_id, asset_id, value) values (3947, 6, 198, '4000');
insert into tagvalue (id, tag_id, asset_id, value) values (3948, 7, 198, '64');
insert into tagvalue (id, tag_id, asset_id, value) values (3949, 8, 198, '4');
insert into tagvalue (id, tag_id, asset_id, value) values (3950, 9, 198, 'not mentioned');
insert into tagvalue (id, tag_id, asset_id, value) values (3951, 10, 198, '9');
insert into asset (id,name) values (199, 'SAMSUNG Galaxy A50s (Prism Crush Violet, 128 GB)');
insert into tagvalue (id, tag_id, asset_id, value) values (3961, 1, 199, 'SAMSUNG Galaxy A50s (Prism Crush Violet, 128 GB)');
insert into tagvalue (id, tag_id, asset_id, value) values (3962, 1, 199, '4.3');
insert into tagvalue (id, tag_id, asset_id, value) values (3963, 2, 199, '21070');
insert into tagvalue (id, tag_id, asset_id, value) values (3964, 3, 199, 'https://rukminim2.flixcart.com/image/312/312/k0flmkw0/mobile/x/e/s/samsung-galaxy-a50s-sm-a507fzlvins-original-imafk8h4pfhftnz6.jpeg?q=70');
insert into tagvalue (id, tag_id, asset_id, value) values (3965, 4, 199, '48');
insert into tagvalue (id, tag_id, asset_id, value) values (3966, 5, 199, 'other_types');
insert into tagvalue (id, tag_id, asset_id, value) values (3967, 6, 199, '4000');
insert into tagvalue (id, tag_id, asset_id, value) values (3968, 7, 199, '128');
insert into tagvalue (id, tag_id, asset_id, value) values (3969, 8, 199, '4');
insert into tagvalue (id, tag_id, asset_id, value) values (3970, 9, 199, 'not mentioned');
insert into tagvalue (id, tag_id, asset_id, value) values (3971, 10, 199, '9');
insert into asset (id,name) values (200, 'SAMSUNG Galaxy On Nxt (Gold, 16 GB)');
insert into tagvalue (id, tag_id, asset_id, value) values (3981, 1, 200, 'SAMSUNG Galaxy On Nxt (Gold, 16 GB)');
insert into tagvalue (id, tag_id, asset_id, value) values (3982, 1, 200, '4.3');
insert into tagvalue (id, tag_id, asset_id, value) values (3983, 2, 200, '11200');
insert into tagvalue (id, tag_id, asset_id, value) values (3984, 3, 200, 'https://rukminim2.flixcart.com/image/312/312/jbqtqq80/mobile/s/8/9/samsung-galaxy-on-nxt-sm-g610fzdiins-original-imafff3naye6xhz5.jpeg?q=70');
insert into tagvalue (id, tag_id, asset_id, value) values (3985, 4, 200, '13');
insert into tagvalue (id, tag_id, asset_id, value) values (3986, 5, 200, 'other_types');
insert into tagvalue (id, tag_id, asset_id, value) values (3987, 6, 200, '3300');
insert into tagvalue (id, tag_id, asset_id, value) values (3988, 7, 200, '16');
insert into tagvalue (id, tag_id, asset_id, value) values (3989, 8, 200, '3');
insert into tagvalue (id, tag_id, asset_id, value) values (3990, 9, 200, 'not mentioned');
insert into tagvalue (id, tag_id, asset_id, value) values (3991, 10, 200, '6');
insert into asset (id,name) values (201, 'SAMSUNG Galaxy A50s (Prism Crush Black, 128 GB)');
insert into tagvalue (id, tag_id, asset_id, value) values (4001, 1, 201, 'SAMSUNG Galaxy A50s (Prism Crush Black, 128 GB)');
insert into tagvalue (id, tag_id, asset_id, value) values (4002, 1, 201, '2.9');
insert into tagvalue (id, tag_id, asset_id, value) values (4003, 2, 201, '21070');
insert into tagvalue (id, tag_id, asset_id, value) values (4004, 3, 201, 'https://rukminim2.flixcart.com/image/312/312/k2jbyq80pkrrdj/mobile-refurbished/f/z/r/galaxy-a50s-128-gb-b-sm-a507fzkvins-samsung-4-original-imafk8h5pchaezfy.jpeg?q=70');
insert into tagvalue (id, tag_id, asset_id, value) values (4005, 4, 201, '48');
insert into tagvalue (id, tag_id, asset_id, value) values (4006, 5, 201, 'other_types');
insert into tagvalue (id, tag_id, asset_id, value) values (4007, 6, 201, '4000');
insert into tagvalue (id, tag_id, asset_id, value) values (4008, 7, 201, '128');
insert into tagvalue (id, tag_id, asset_id, value) values (4009, 8, 201, '4');
insert into tagvalue (id, tag_id, asset_id, value) values (4010, 9, 201, 'not mentioned');
insert into tagvalue (id, tag_id, asset_id, value) values (4011, 10, 201, '9');
insert into asset (id,name) values (202, 'SAMSUNG Galaxy Z Fold4 5G (Phantom Black, 256 GB)');
insert into tagvalue (id, tag_id, asset_id, value) values (4021, 1, 202, 'SAMSUNG Galaxy Z Fold4 5G (Phantom Black, 256 GB)');
insert into tagvalue (id, tag_id, asset_id, value) values (4022, 1, 202, '3.9');
insert into tagvalue (id, tag_id, asset_id, value) values (4023, 2, 202, '23927');
insert into tagvalue (id, tag_id, asset_id, value) values (4024, 3, 202, 'https://rukminim2.flixcart.com/image/312/312/xif0q/mobile/f/n/h/-original-imagh7nzh2gcdj2x.jpeg?q=70');
insert into tagvalue (id, tag_id, asset_id, value) values (4025, 4, 202, '50');
insert into tagvalue (id, tag_id, asset_id, value) values (4026, 5, 202, 'HD+ AMOLED');
insert into tagvalue (id, tag_id, asset_id, value) values (4027, 6, 202, '4400');
insert into tagvalue (id, tag_id, asset_id, value) values (4028, 7, 202, '256');
insert into tagvalue (id, tag_id, asset_id, value) values (4029, 8, 202, '12');
insert into tagvalue (id, tag_id, asset_id, value) values (4030, 9, 202, 'Snapdragon1P');
insert into tagvalue (id, tag_id, asset_id, value) values (4031, 10, 202, '12');
insert into asset (id,name) values (203, 'SAMSUNG M01 core (Blue, 32 GB)');
insert into tagvalue (id, tag_id, asset_id, value) values (4041, 1, 203, 'SAMSUNG M01 core (Blue, 32 GB)');
insert into tagvalue (id, tag_id, asset_id, value) values (4042, 1, 203, '4.2');
insert into tagvalue (id, tag_id, asset_id, value) values (4043, 2, 203, '6490');
insert into tagvalue (id, tag_id, asset_id, value) values (4044, 3, 203, 'https://rukminim2.flixcart.com/image/312/312/kddf6a80/mobile/g/y/v/samsung-m01-core-b089mv96rw-original-imafuaghffexhag6.jpeg?q=70');
insert into tagvalue (id, tag_id, asset_id, value) values (4045, 4, 203, '8');
insert into tagvalue (id, tag_id, asset_id, value) values (4046, 5, 203, 'LCD');
insert into tagvalue (id, tag_id, asset_id, value) values (4047, 6, 203, '3000');
insert into tagvalue (id, tag_id, asset_id, value) values (4048, 7, 203, '32');
insert into tagvalue (id, tag_id, asset_id, value) values (4049, 8, 203, '2');
insert into tagvalue (id, tag_id, asset_id, value) values (4050, 9, 203, 'MediaTek');
insert into tagvalue (id, tag_id, asset_id, value) values (4051, 10, 203, '10');
insert into asset (id,name) values (204, 'SAMSUNG Galaxy A03s (Blue, 64 GB)');
insert into tagvalue (id, tag_id, asset_id, value) values (4061, 1, 204, 'SAMSUNG Galaxy A03s (Blue, 64 GB)');
insert into tagvalue (id, tag_id, asset_id, value) values (4062, 1, 204, '4.2');
insert into tagvalue (id, tag_id, asset_id, value) values (4063, 2, 204, '11499');
insert into tagvalue (id, tag_id, asset_id, value) values (4064, 3, 204, 'https://rukminim2.flixcart.com/image/312/312/ksgehzk0/mobile/x/q/1/galaxy-a03s-sm-a037fzbgins-sm-a037fzb6ins-samsung-original-imag6ygnvtkhgjzg.jpeg?q=70');
insert into tagvalue (id, tag_id, asset_id, value) values (4065, 4, 204, '50');
insert into tagvalue (id, tag_id, asset_id, value) values (4066, 5, 204, 'LCD');
insert into tagvalue (id, tag_id, asset_id, value) values (4067, 6, 204, '5000');
insert into tagvalue (id, tag_id, asset_id, value) values (4068, 7, 204, '64');
insert into tagvalue (id, tag_id, asset_id, value) values (4069, 8, 204, '4');
insert into tagvalue (id, tag_id, asset_id, value) values (4070, 9, 204, 'not mentioned');
insert into tagvalue (id, tag_id, asset_id, value) values (4071, 10, 204, '12');
insert into asset (id,name) values (205, 'SAMSUNG Galaxy M14 5G (ICY Silver, 128 GB)');
insert into tagvalue (id, tag_id, asset_id, value) values (4081, 1, 205, 'SAMSUNG Galaxy M14 5G (ICY Silver, 128 GB)');
insert into tagvalue (id, tag_id, asset_id, value) values (4082, 1, 205, '4.2');
insert into tagvalue (id, tag_id, asset_id, value) values (4083, 2, 205, '14885');
insert into tagvalue (id, tag_id, asset_id, value) values (4084, 3, 205, 'https://rukminim2.flixcart.com/image/312/312/xif0q/mobile/6/2/5/galaxy-m14-5g-sm-m146b-samsung-original-imagzwrqnpzujxks.jpeg?q=70');
insert into tagvalue (id, tag_id, asset_id, value) values (4085, 4, 205, '50');
insert into tagvalue (id, tag_id, asset_id, value) values (4086, 5, 205, 'other_types');
insert into tagvalue (id, tag_id, asset_id, value) values (4087, 6, 205, '6000');
insert into tagvalue (id, tag_id, asset_id, value) values (4088, 7, 205, '128');
insert into tagvalue (id, tag_id, asset_id, value) values (4089, 8, 205, '4');
insert into tagvalue (id, tag_id, asset_id, value) values (4090, 9, 205, 'Snapdragon(SDM450-F01)');
insert into tagvalue (id, tag_id, asset_id, value) values (4091, 10, 205, '10');
insert into asset (id,name) values (206, 'SAMSUNG Galaxy M14 5G (Smoky Teal, 128 GB)');
insert into tagvalue (id, tag_id, asset_id, value) values (4101, 1, 206, 'SAMSUNG Galaxy M14 5G (Smoky Teal, 128 GB)');
insert into tagvalue (id, tag_id, asset_id, value) values (4102, 1, 206, '4.2');
insert into tagvalue (id, tag_id, asset_id, value) values (4103, 2, 206, '17989');
insert into tagvalue (id, tag_id, asset_id, value) values (4104, 3, 206, 'https://rukminim2.flixcart.com/image/312/312/xif0q/mobile/e/6/d/galaxy-m14-5g-sm-m146b-samsung-original-imagzvnkybtue5da.jpeg?q=70');
insert into tagvalue (id, tag_id, asset_id, value) values (4105, 4, 206, '50');
insert into tagvalue (id, tag_id, asset_id, value) values (4106, 5, 206, 'other_types');
insert into tagvalue (id, tag_id, asset_id, value) values (4107, 6, 206, '6000');
insert into tagvalue (id, tag_id, asset_id, value) values (4108, 7, 206, '128');
insert into tagvalue (id, tag_id, asset_id, value) values (4109, 8, 206, '6');
insert into tagvalue (id, tag_id, asset_id, value) values (4110, 9, 206, 'not mentioned');
insert into tagvalue (id, tag_id, asset_id, value) values (4111, 10, 206, '13');
insert into asset (id,name) values (207, 'SAMSUNG Galaxy M14 5G (Berry Blue, 128 GB)');
insert into tagvalue (id, tag_id, asset_id, value) values (4121, 1, 207, 'SAMSUNG Galaxy M14 5G (Berry Blue, 128 GB)');
insert into tagvalue (id, tag_id, asset_id, value) values (4122, 1, 207, '4.2');
insert into tagvalue (id, tag_id, asset_id, value) values (4123, 2, 207, '15490');
insert into tagvalue (id, tag_id, asset_id, value) values (4124, 3, 207, 'https://rukminim2.flixcart.com/image/312/312/xif0q/mobile/x/x/n/galaxy-m14-5g-sm-m146b-samsung-original-imagzwssnfnzkpex.jpeg?q=70');
insert into tagvalue (id, tag_id, asset_id, value) values (4125, 4, 207, '50');
insert into tagvalue (id, tag_id, asset_id, value) values (4126, 5, 207, 'other_types');
insert into tagvalue (id, tag_id, asset_id, value) values (4127, 6, 207, '6000');
insert into tagvalue (id, tag_id, asset_id, value) values (4128, 7, 207, '128');
insert into tagvalue (id, tag_id, asset_id, value) values (4129, 8, 207, '6');
insert into tagvalue (id, tag_id, asset_id, value) values (4130, 9, 207, 'not mentioned');
insert into tagvalue (id, tag_id, asset_id, value) values (4131, 10, 207, '13');
insert into asset (id,name) values (208, 'SAMSUNG Galaxy M52 5G (Icy Blue, 128 GB)');
insert into tagvalue (id, tag_id, asset_id, value) values (4141, 1, 208, 'SAMSUNG Galaxy M52 5G (Icy Blue, 128 GB)');
insert into tagvalue (id, tag_id, asset_id, value) values (4142, 1, 208, '4.4');
insert into tagvalue (id, tag_id, asset_id, value) values (4143, 2, 208, '28999');
insert into tagvalue (id, tag_id, asset_id, value) values (4144, 3, 208, 'https://rukminim2.flixcart.com/image/312/312/xif0q/mobile/w/w/h/-original-imag7zx66vpkp9mg.jpeg?q=70');
insert into tagvalue (id, tag_id, asset_id, value) values (4145, 4, 208, '64');
insert into tagvalue (id, tag_id, asset_id, value) values (4146, 5, 208, 'other_types');
insert into tagvalue (id, tag_id, asset_id, value) values (4147, 6, 208, '5000');
insert into tagvalue (id, tag_id, asset_id, value) values (4148, 7, 208, '128');
insert into tagvalue (id, tag_id, asset_id, value) values (4149, 8, 208, '6');
insert into tagvalue (id, tag_id, asset_id, value) values (4150, 9, 208, 'not mentioned');
insert into tagvalue (id, tag_id, asset_id, value) values (4151, 10, 208, '11');
insert into asset (id,name) values (209, 'SAMSUNG Galaxy A50 (Black, 64 GB)');
insert into tagvalue (id, tag_id, asset_id, value) values (4161, 1, 209, 'SAMSUNG Galaxy A50 (Black, 64 GB)');
insert into tagvalue (id, tag_id, asset_id, value) values (4162, 1, 209, '4.4');
insert into tagvalue (id, tag_id, asset_id, value) values (4163, 2, 209, '24000');
insert into tagvalue (id, tag_id, asset_id, value) values (4164, 3, 209, 'https://rukminim2.flixcart.com/image/312/312/jsyyufk0/mobile/e/9/v/samsung-galaxy-a50-sm-a505fzkgins-original-imafefgh2bgdetj4.jpeg?q=70');
insert into tagvalue (id, tag_id, asset_id, value) values (4165, 4, 209, '25');
insert into tagvalue (id, tag_id, asset_id, value) values (4166, 5, 209, 'AMOLED');
insert into tagvalue (id, tag_id, asset_id, value) values (4167, 6, 209, '4000');
insert into tagvalue (id, tag_id, asset_id, value) values (4168, 7, 209, '64');
insert into tagvalue (id, tag_id, asset_id, value) values (4169, 8, 209, '6');
insert into tagvalue (id, tag_id, asset_id, value) values (4170, 9, 209, 'not mentioned');
insert into tagvalue (id, tag_id, asset_id, value) values (4171, 10, 209, '9');
insert into asset (id,name) values (210, 'SAMSUNG Galaxy M52 5G (Blazing Black, 128 GB)');
insert into tagvalue (id, tag_id, asset_id, value) values (4181, 1, 210, 'SAMSUNG Galaxy M52 5G (Blazing Black, 128 GB)');
insert into tagvalue (id, tag_id, asset_id, value) values (4182, 1, 210, '4.4');
insert into tagvalue (id, tag_id, asset_id, value) values (4183, 2, 210, '24999');
insert into tagvalue (id, tag_id, asset_id, value) values (4184, 3, 210, 'https://rukminim2.flixcart.com/image/312/312/xif0q/mobile/p/5/r/-original-imag7h2tmrsaugcz.jpeg?q=70');
insert into tagvalue (id, tag_id, asset_id, value) values (4185, 4, 210, '64');
insert into tagvalue (id, tag_id, asset_id, value) values (4186, 5, 210, 'other_types');
insert into tagvalue (id, tag_id, asset_id, value) values (4187, 6, 210, '5000');
insert into tagvalue (id, tag_id, asset_id, value) values (4188, 7, 210, '128');
insert into tagvalue (id, tag_id, asset_id, value) values (4189, 8, 210, '6');
insert into tagvalue (id, tag_id, asset_id, value) values (4190, 9, 210, 'not mentioned');
insert into tagvalue (id, tag_id, asset_id, value) values (4191, 10, 210, '11');
insert into asset (id,name) values (211, 'SAMSUNG Galaxy S23 Ultra 5G (Green, 1 TB)');
insert into tagvalue (id, tag_id, asset_id, value) values (4201, 1, 211, 'SAMSUNG Galaxy S23 Ultra 5G (Green, 1 TB)');
insert into tagvalue (id, tag_id, asset_id, value) values (4202, 1, 211, '4.0');
insert into tagvalue (id, tag_id, asset_id, value) values (4203, 2, 211, '23927');
insert into tagvalue (id, tag_id, asset_id, value) values (4204, 3, 211, 'https://rukminim2.flixcart.com/image/312/312/xif0q/mobile/2/s/7/-original-imagmg6gktts6sfy.jpeg?q=70');
insert into tagvalue (id, tag_id, asset_id, value) values (4205, 4, 211, '200');
insert into tagvalue (id, tag_id, asset_id, value) values (4206, 5, 211, 'HD+ AMOLED');
insert into tagvalue (id, tag_id, asset_id, value) values (4207, 6, 211, '5000');
insert into tagvalue (id, tag_id, asset_id, value) values (4208, 7, 211, '1');
insert into tagvalue (id, tag_id, asset_id, value) values (4209, 8, 211, '12');
insert into tagvalue (id, tag_id, asset_id, value) values (4210, 9, 211, 'Gen8');
insert into tagvalue (id, tag_id, asset_id, value) values (4211, 10, 211, '13');
insert into asset (id,name) values (212, 'SAMSUNG Galaxy A04 (Copper, 64 GB)');
insert into tagvalue (id, tag_id, asset_id, value) values (4221, 1, 212, 'SAMSUNG Galaxy A04 (Copper, 64 GB)');
insert into tagvalue (id, tag_id, asset_id, value) values (4222, 1, 212, '4.4');
insert into tagvalue (id, tag_id, asset_id, value) values (4223, 2, 212, '11199');
insert into tagvalue (id, tag_id, asset_id, value) values (4224, 3, 212, 'https://rukminim2.flixcart.com/image/312/312/xif0q/mobile/m/s/7/-original-imagh2pzxpvggmah.jpeg?q=70');
insert into tagvalue (id, tag_id, asset_id, value) values (4225, 4, 212, '50');
insert into tagvalue (id, tag_id, asset_id, value) values (4226, 5, 212, 'LCD');
insert into tagvalue (id, tag_id, asset_id, value) values (4227, 6, 212, '5000');
insert into tagvalue (id, tag_id, asset_id, value) values (4228, 7, 212, '64');
insert into tagvalue (id, tag_id, asset_id, value) values (4229, 8, 212, '4');
insert into tagvalue (id, tag_id, asset_id, value) values (4230, 9, 212, 'not mentioned');
insert into tagvalue (id, tag_id, asset_id, value) values (4231, 10, 212, '12');
insert into asset (id,name) values (213, 'SAMSUNG Galaxy J6 (Blue, 32 GB)');
insert into tagvalue (id, tag_id, asset_id, value) values (4241, 1, 213, 'SAMSUNG Galaxy J6 (Blue, 32 GB)');
insert into tagvalue (id, tag_id, asset_id, value) values (4242, 1, 213, '4.3');
insert into tagvalue (id, tag_id, asset_id, value) values (4243, 2, 213, '11500');
insert into tagvalue (id, tag_id, asset_id, value) values (4244, 3, 213, 'https://rukminim2.flixcart.com/image/312/312/jjelq4w0/mobile/w/n/8/samsung-galaxy-j6-sm-j600gzbgins-original-imaf6zpf6q8tjcva.jpeg?q=70');
insert into tagvalue (id, tag_id, asset_id, value) values (4245, 4, 213, '13');
insert into tagvalue (id, tag_id, asset_id, value) values (4246, 5, 213, 'other_types');
insert into tagvalue (id, tag_id, asset_id, value) values (4247, 6, 213, '3000');
insert into tagvalue (id, tag_id, asset_id, value) values (4248, 7, 213, '32');
insert into tagvalue (id, tag_id, asset_id, value) values (4249, 8, 213, '3');
insert into tagvalue (id, tag_id, asset_id, value) values (4250, 9, 213, 'not mentioned');
insert into tagvalue (id, tag_id, asset_id, value) values (4251, 10, 213, '8');
insert into asset (id,name) values (214, 'SAMSUNG Galaxy S22 5G (Phantom White, 256 GB)');
insert into tagvalue (id, tag_id, asset_id, value) values (4261, 1, 214, 'SAMSUNG Galaxy S22 5G (Phantom White, 256 GB)');
insert into tagvalue (id, tag_id, asset_id, value) values (4262, 1, 214, '4.2');
insert into tagvalue (id, tag_id, asset_id, value) values (4263, 2, 214, '7463');
insert into tagvalue (id, tag_id, asset_id, value) values (4264, 3, 214, 'https://rukminim2.flixcart.com/image/312/312/xif0q/mobile/l/4/i/-original-imaggj686gertymh.jpeg?q=70');
insert into tagvalue (id, tag_id, asset_id, value) values (4265, 4, 214, '50');
insert into tagvalue (id, tag_id, asset_id, value) values (4266, 5, 214, 'AMOLED');
insert into tagvalue (id, tag_id, asset_id, value) values (4267, 6, 214, '3700');
insert into tagvalue (id, tag_id, asset_id, value) values (4268, 7, 214, '256');
insert into tagvalue (id, tag_id, asset_id, value) values (4269, 8, 214, '8');
insert into tagvalue (id, tag_id, asset_id, value) values (4270, 9, 214, 'not mentioned');
insert into tagvalue (id, tag_id, asset_id, value) values (4271, 10, 214, '12');
insert into asset (id,name) values (215, 'SAMSUNG Galaxy M11 (Black, 32 GB)');
insert into tagvalue (id, tag_id, asset_id, value) values (4281, 1, 215, 'SAMSUNG Galaxy M11 (Black, 32 GB)');
insert into tagvalue (id, tag_id, asset_id, value) values (4282, 1, 215, '4.3');
insert into tagvalue (id, tag_id, asset_id, value) values (4283, 2, 215, '12999');
insert into tagvalue (id, tag_id, asset_id, value) values (4284, 3, 215, 'https://rukminim2.flixcart.com/image/312/312/kavefm80/mobile/6/y/t/samsung-galaxy-m11-sm-m115fzkeins-original-imafscjyhxwghgwf.jpeg?q=70');
insert into tagvalue (id, tag_id, asset_id, value) values (4285, 4, 215, '13');
insert into tagvalue (id, tag_id, asset_id, value) values (4286, 5, 215, 'LCD');
insert into tagvalue (id, tag_id, asset_id, value) values (4287, 6, 215, '5000');
insert into tagvalue (id, tag_id, asset_id, value) values (4288, 7, 215, '32');
insert into tagvalue (id, tag_id, asset_id, value) values (4289, 8, 215, '3');
insert into tagvalue (id, tag_id, asset_id, value) values (4290, 9, 215, 'Snapdragon(SDM450-F01)');
insert into tagvalue (id, tag_id, asset_id, value) values (4291, 10, 215, '10');
insert into asset (id,name) values (216, 'SAMSUNG Galaxy Z Flip4 5G (Bora Purple, 256 GB)');
insert into tagvalue (id, tag_id, asset_id, value) values (4301, 1, 216, 'SAMSUNG Galaxy Z Flip4 5G (Bora Purple, 256 GB)');
insert into tagvalue (id, tag_id, asset_id, value) values (4302, 1, 216, '4.3');
insert into tagvalue (id, tag_id, asset_id, value) values (4303, 2, 216, '29463');
insert into tagvalue (id, tag_id, asset_id, value) values (4304, 3, 216, 'https://rukminim2.flixcart.com/image/312/312/xif0q/mobile/2/v/7/-original-imagh7nnb7ssj3xq.jpeg?q=70');
insert into tagvalue (id, tag_id, asset_id, value) values (4305, 4, 216, '12');
insert into tagvalue (id, tag_id, asset_id, value) values (4306, 5, 216, 'HD+ AMOLED');
insert into tagvalue (id, tag_id, asset_id, value) values (4307, 6, 216, '3700');
insert into tagvalue (id, tag_id, asset_id, value) values (4308, 7, 216, '256');
insert into tagvalue (id, tag_id, asset_id, value) values (4309, 8, 216, '8');
insert into tagvalue (id, tag_id, asset_id, value) values (4310, 9, 216, 'Snapdragon1P');
insert into tagvalue (id, tag_id, asset_id, value) values (4311, 10, 216, '12');
insert into asset (id,name) values (217, 'SAMSUNG Galaxy A50s (Prism Crush White, 128 GB)');
insert into tagvalue (id, tag_id, asset_id, value) values (4321, 1, 217, 'SAMSUNG Galaxy A50s (Prism Crush White, 128 GB)');
insert into tagvalue (id, tag_id, asset_id, value) values (4322, 1, 217, '4.3');
insert into tagvalue (id, tag_id, asset_id, value) values (4323, 2, 217, '24900');
insert into tagvalue (id, tag_id, asset_id, value) values (4324, 3, 217, 'https://rukminim2.flixcart.com/image/312/312/k0flmkw0/mobile/v/n/a/samsung-galaxy-a50s-sm-a507fzwvins-original-imafk8h46pjhgwms.jpeg?q=70');
insert into tagvalue (id, tag_id, asset_id, value) values (4325, 4, 217, '48');
insert into tagvalue (id, tag_id, asset_id, value) values (4326, 5, 217, 'other_types');
insert into tagvalue (id, tag_id, asset_id, value) values (4327, 6, 217, '4000');
insert into tagvalue (id, tag_id, asset_id, value) values (4328, 7, 217, '128');
insert into tagvalue (id, tag_id, asset_id, value) values (4329, 8, 217, '4');
insert into tagvalue (id, tag_id, asset_id, value) values (4330, 9, 217, 'not mentioned');
insert into tagvalue (id, tag_id, asset_id, value) values (4331, 10, 217, '9');
insert into asset (id,name) values (218, 'SAMSUNG Galaxy M33 5G (Deep Ocean Blue, 128 GB)');
insert into tagvalue (id, tag_id, asset_id, value) values (4341, 1, 218, 'SAMSUNG Galaxy M33 5G (Deep Ocean Blue, 128 GB)');
insert into tagvalue (id, tag_id, asset_id, value) values (4342, 1, 218, '3.9');
insert into tagvalue (id, tag_id, asset_id, value) values (4343, 2, 218, '19990');
insert into tagvalue (id, tag_id, asset_id, value) values (4344, 3, 218, 'https://rukminim2.flixcart.com/image/312/312/xif0q/mobile/o/w/a/-original-imagdc87gdyremd3.jpeg?q=70');
insert into tagvalue (id, tag_id, asset_id, value) values (4345, 4, 218, '50');
insert into tagvalue (id, tag_id, asset_id, value) values (4346, 5, 218, 'other_types');
insert into tagvalue (id, tag_id, asset_id, value) values (4347, 6, 218, '6000');
insert into tagvalue (id, tag_id, asset_id, value) values (4348, 7, 218, '128');
insert into tagvalue (id, tag_id, asset_id, value) values (4349, 8, 218, '8');
insert into tagvalue (id, tag_id, asset_id, value) values (4350, 9, 218, 'not mentioned');
insert into tagvalue (id, tag_id, asset_id, value) values (4351, 10, 218, '13');
insert into asset (id,name) values (219, 'SAMSUNG Galaxy A14 (Silver, 128 GB)');
insert into tagvalue (id, tag_id, asset_id, value) values (4361, 1, 219, 'SAMSUNG Galaxy A14 (Silver, 128 GB)');
insert into tagvalue (id, tag_id, asset_id, value) values (4362, 1, 219, '4.2');
insert into tagvalue (id, tag_id, asset_id, value) values (4363, 2, 219, '16399');
insert into tagvalue (id, tag_id, asset_id, value) values (4364, 3, 219, 'https://rukminim2.flixcart.com/image/312/312/xif0q/mobile/8/5/z/galaxy-a14-sm-a145fzsdins-samsung-original-imagq6cp4mbhejzn.jpeg?q=70');
insert into tagvalue (id, tag_id, asset_id, value) values (4365, 4, 219, '50');
insert into tagvalue (id, tag_id, asset_id, value) values (4366, 5, 219, 'LCD');
insert into tagvalue (id, tag_id, asset_id, value) values (4367, 6, 219, '5000');
insert into tagvalue (id, tag_id, asset_id, value) values (4368, 7, 219, '128');
insert into tagvalue (id, tag_id, asset_id, value) values (4369, 8, 219, '4');
insert into tagvalue (id, tag_id, asset_id, value) values (4370, 9, 219, 'not mentioned');
insert into tagvalue (id, tag_id, asset_id, value) values (4371, 10, 219, '12');
insert into asset (id,name) values (220, 'SAMSUNG Galaxy F54 5G (Meteor Blue, 256 GB)');
insert into tagvalue (id, tag_id, asset_id, value) values (4381, 1, 220, 'SAMSUNG Galaxy F54 5G (Meteor Blue, 256 GB)');
insert into tagvalue (id, tag_id, asset_id, value) values (4382, 1, 220, '4.1');
insert into tagvalue (id, tag_id, asset_id, value) values (4383, 2, 220, '29999');
insert into tagvalue (id, tag_id, asset_id, value) values (4384, 3, 220, 'https://rukminim2.flixcart.com/image/312/312/xif0q/mobile/y/2/b/galaxy-f54-5g-sm-e546bdbhins-samsung-original-imagq79fjhhcb6u2.jpeg?q=70');
insert into tagvalue (id, tag_id, asset_id, value) values (4385, 4, 220, '108');
insert into tagvalue (id, tag_id, asset_id, value) values (4386, 5, 220, 'HD+ AMOLED');
insert into tagvalue (id, tag_id, asset_id, value) values (4387, 6, 220, '6000');
insert into tagvalue (id, tag_id, asset_id, value) values (4388, 7, 220, '256');
insert into tagvalue (id, tag_id, asset_id, value) values (4389, 8, 220, '8');
insert into tagvalue (id, tag_id, asset_id, value) values (4390, 9, 220, 'not mentioned');
insert into tagvalue (id, tag_id, asset_id, value) values (4391, 10, 220, '13');
insert into asset (id,name) values (221, 'SAMSUNG Galaxy A14 (Light Green, 64 GB)');
insert into tagvalue (id, tag_id, asset_id, value) values (4401, 1, 221, 'SAMSUNG Galaxy A14 (Light Green, 64 GB)');
insert into tagvalue (id, tag_id, asset_id, value) values (4402, 1, 221, '3.9');
insert into tagvalue (id, tag_id, asset_id, value) values (4403, 2, 221, '13999');
insert into tagvalue (id, tag_id, asset_id, value) values (4404, 3, 221, 'https://rukminim2.flixcart.com/image/312/312/xif0q/mobile/e/e/c/galaxy-a14-sm-a145flgdins-samsung-original-imagq6czvb7qgbmc.jpeg?q=70');
insert into tagvalue (id, tag_id, asset_id, value) values (4405, 4, 221, '50');
insert into tagvalue (id, tag_id, asset_id, value) values (4406, 5, 221, 'LCD');
insert into tagvalue (id, tag_id, asset_id, value) values (4407, 6, 221, '5000');
insert into tagvalue (id, tag_id, asset_id, value) values (4408, 7, 221, '64');
insert into tagvalue (id, tag_id, asset_id, value) values (4409, 8, 221, '4');
insert into tagvalue (id, tag_id, asset_id, value) values (4410, 9, 221, 'not mentioned');
insert into tagvalue (id, tag_id, asset_id, value) values (4411, 10, 221, '13');
insert into asset (id,name) values (222, 'SAMSUNG Galaxy S22 5G (Phantom Black, 256 GB)');
insert into tagvalue (id, tag_id, asset_id, value) values (4421, 1, 222, 'SAMSUNG Galaxy S22 5G (Phantom Black, 256 GB)');
insert into tagvalue (id, tag_id, asset_id, value) values (4422, 1, 222, '4.3');
insert into tagvalue (id, tag_id, asset_id, value) values (4423, 2, 222, '7463');
insert into tagvalue (id, tag_id, asset_id, value) values (4424, 3, 222, 'https://rukminim2.flixcart.com/image/312/312/xif0q/mobile/b/2/9/-original-imaggj68htbzzfhy.jpeg?q=70');
insert into tagvalue (id, tag_id, asset_id, value) values (4425, 4, 222, '50');
insert into tagvalue (id, tag_id, asset_id, value) values (4426, 5, 222, 'AMOLED');
insert into tagvalue (id, tag_id, asset_id, value) values (4427, 6, 222, '3700');
insert into tagvalue (id, tag_id, asset_id, value) values (4428, 7, 222, '256');
insert into tagvalue (id, tag_id, asset_id, value) values (4429, 8, 222, '8');
insert into tagvalue (id, tag_id, asset_id, value) values (4430, 9, 222, 'not mentioned');
insert into tagvalue (id, tag_id, asset_id, value) values (4431, 10, 222, '12');
insert into asset (id,name) values (223, 'SAMSUNG Galaxy A13 (Blue, 64 GB)');
insert into tagvalue (id, tag_id, asset_id, value) values (4441, 1, 223, 'SAMSUNG Galaxy A13 (Blue, 64 GB)');
insert into tagvalue (id, tag_id, asset_id, value) values (4442, 1, 223, '4.1');
insert into tagvalue (id, tag_id, asset_id, value) values (4443, 2, 223, '14990');
insert into tagvalue (id, tag_id, asset_id, value) values (4444, 3, 223, 'https://rukminim2.flixcart.com/image/312/312/l19m93k0/mobile/q/u/z/-original-imagcv74cev7ges4.jpeg?q=70');
insert into tagvalue (id, tag_id, asset_id, value) values (4445, 4, 223, '50');
insert into tagvalue (id, tag_id, asset_id, value) values (4446, 5, 223, 'other_types');
insert into tagvalue (id, tag_id, asset_id, value) values (4447, 6, 223, '5000');
insert into tagvalue (id, tag_id, asset_id, value) values (4448, 7, 223, '64');
insert into tagvalue (id, tag_id, asset_id, value) values (4449, 8, 223, '4');
insert into tagvalue (id, tag_id, asset_id, value) values (4450, 9, 223, 'not mentioned');
insert into tagvalue (id, tag_id, asset_id, value) values (4451, 10, 223, '12');
insert into asset (id,name) values (224, 'SAMSUNG Galaxy M12 (Black, 128 GB)');
insert into tagvalue (id, tag_id, asset_id, value) values (4461, 1, 224, 'SAMSUNG Galaxy M12 (Black, 128 GB)');
insert into tagvalue (id, tag_id, asset_id, value) values (4462, 1, 224, '4.0');
insert into tagvalue (id, tag_id, asset_id, value) values (4463, 2, 224, '16999');
insert into tagvalue (id, tag_id, asset_id, value) values (4464, 3, 224, 'https://rukminim2.flixcart.com/image/312/312/kmwcuq80/mobile/m/1/b/galaxy-m12-galaxy-m12-samsung-original-imagfzunsgwpfgbd.jpeg?q=70');
insert into tagvalue (id, tag_id, asset_id, value) values (4465, 4, 224, '48');
insert into tagvalue (id, tag_id, asset_id, value) values (4466, 5, 224, 'other_types');
insert into tagvalue (id, tag_id, asset_id, value) values (4467, 6, 224, '6000');
insert into tagvalue (id, tag_id, asset_id, value) values (4468, 7, 224, '128');
insert into tagvalue (id, tag_id, asset_id, value) values (4469, 8, 224, '6');
insert into tagvalue (id, tag_id, asset_id, value) values (4470, 9, 224, 'not mentioned');
insert into tagvalue (id, tag_id, asset_id, value) values (4471, 10, 224, '11');
insert into asset (id,name) values (225, 'SAMSUNG Galaxy S22 Plus 5G (Green, 256 GB)');
insert into tagvalue (id, tag_id, asset_id, value) values (4481, 1, 225, 'SAMSUNG Galaxy S22 Plus 5G (Green, 256 GB)');
insert into tagvalue (id, tag_id, asset_id, value) values (4482, 1, 225, '4.3');
insert into tagvalue (id, tag_id, asset_id, value) values (4483, 2, 225, '23463');
insert into tagvalue (id, tag_id, asset_id, value) values (4484, 3, 225, 'https://rukminim2.flixcart.com/image/312/312/xif0q/mobile/u/f/p/-original-imaggj68zy3fbtzy.jpeg?q=70');
insert into tagvalue (id, tag_id, asset_id, value) values (4485, 4, 225, '50');
insert into tagvalue (id, tag_id, asset_id, value) values (4486, 5, 225, 'AMOLED');
insert into tagvalue (id, tag_id, asset_id, value) values (4487, 6, 225, '4500');
insert into tagvalue (id, tag_id, asset_id, value) values (4488, 7, 225, '256');
insert into tagvalue (id, tag_id, asset_id, value) values (4489, 8, 225, '8');
insert into tagvalue (id, tag_id, asset_id, value) values (4490, 9, 225, 'Gen8');
insert into tagvalue (id, tag_id, asset_id, value) values (4491, 10, 225, '12');
insert into asset (id,name) values (226, 'SAMSUNG Galaxy S22 5G (Phantom White, 128 GB)');
insert into tagvalue (id, tag_id, asset_id, value) values (4501, 1, 226, 'SAMSUNG Galaxy S22 5G (Phantom White, 128 GB)');
insert into tagvalue (id, tag_id, asset_id, value) values (4502, 1, 226, '4.4');
insert into tagvalue (id, tag_id, asset_id, value) values (4503, 2, 226, '7454');
insert into tagvalue (id, tag_id, asset_id, value) values (4504, 3, 226, 'https://rukminim2.flixcart.com/image/312/312/xif0q/mobile/l/4/i/-original-imaggj686gertymh.jpeg?q=70');
insert into tagvalue (id, tag_id, asset_id, value) values (4505, 4, 226, '50');
insert into tagvalue (id, tag_id, asset_id, value) values (4506, 5, 226, 'AMOLED');
insert into tagvalue (id, tag_id, asset_id, value) values (4507, 6, 226, '3700');
insert into tagvalue (id, tag_id, asset_id, value) values (4508, 7, 226, '128');
insert into tagvalue (id, tag_id, asset_id, value) values (4509, 8, 226, '8');
insert into tagvalue (id, tag_id, asset_id, value) values (4510, 9, 226, 'not mentioned');
insert into tagvalue (id, tag_id, asset_id, value) values (4511, 10, 226, '12');
insert into asset (id,name) values (227, 'SAMSUNG Galaxy A7 (Black, 64 GB)');
insert into tagvalue (id, tag_id, asset_id, value) values (4521, 1, 227, 'SAMSUNG Galaxy A7 (Black, 64 GB)');
insert into tagvalue (id, tag_id, asset_id, value) values (4522, 1, 227, '4.1');
insert into tagvalue (id, tag_id, asset_id, value) values (4523, 2, 227, '22300');
insert into tagvalue (id, tag_id, asset_id, value) values (4524, 3, 227, 'https://rukminim2.flixcart.com/image/312/312/jmgmmq80/mobile/r/z/z/samsung-galaxy-a7-sm-a750fzkhins-original-imaf9d35udmkv2rg.jpeg?q=70');
insert into tagvalue (id, tag_id, asset_id, value) values (4525, 4, 227, '24');
insert into tagvalue (id, tag_id, asset_id, value) values (4526, 5, 227, 'AMOLED');
insert into tagvalue (id, tag_id, asset_id, value) values (4527, 6, 227, '3300');
insert into tagvalue (id, tag_id, asset_id, value) values (4528, 7, 227, '64');
insert into tagvalue (id, tag_id, asset_id, value) values (4529, 8, 227, '4');
insert into tagvalue (id, tag_id, asset_id, value) values (4530, 9, 227, 'not mentioned');
insert into tagvalue (id, tag_id, asset_id, value) values (4531, 10, 227, '8');
insert into asset (id,name) values (228, 'SAMSUNG GALAXY M13 5G (Aqua Green, 128 GB)');
insert into tagvalue (id, tag_id, asset_id, value) values (4541, 1, 228, 'SAMSUNG GALAXY M13 5G (Aqua Green, 128 GB)');
insert into tagvalue (id, tag_id, asset_id, value) values (4542, 1, 228, '4.2');
insert into tagvalue (id, tag_id, asset_id, value) values (4543, 2, 228, '14990');
insert into tagvalue (id, tag_id, asset_id, value) values (4544, 3, 228, 'https://rukminim2.flixcart.com/image/312/312/xif0q/mobile/z/u/a/-original-imagghcygdr6gngh.jpeg?q=70');
insert into tagvalue (id, tag_id, asset_id, value) values (4545, 4, 228, '50');
insert into tagvalue (id, tag_id, asset_id, value) values (4546, 5, 228, 'other_types');
insert into tagvalue (id, tag_id, asset_id, value) values (4547, 6, 228, '5000');
insert into tagvalue (id, tag_id, asset_id, value) values (4548, 7, 228, '128');
insert into tagvalue (id, tag_id, asset_id, value) values (4549, 8, 228, '6');
insert into tagvalue (id, tag_id, asset_id, value) values (4550, 9, 228, 'not mentioned');
insert into tagvalue (id, tag_id, asset_id, value) values (4551, 10, 228, '12');
insert into asset (id,name) values (229, 'SAMSUNG Galaxy A04s (Copper, 128 GB)');
insert into tagvalue (id, tag_id, asset_id, value) values (4561, 1, 229, 'SAMSUNG Galaxy A04s (Copper, 128 GB)');
insert into tagvalue (id, tag_id, asset_id, value) values (4562, 1, 229, '4.0');
insert into tagvalue (id, tag_id, asset_id, value) values (4563, 2, 229, '14499');
insert into tagvalue (id, tag_id, asset_id, value) values (4564, 3, 229, 'https://rukminim2.flixcart.com/image/312/312/xif0q/mobile/5/v/a/-original-imaghufzhr9hhhnj.jpeg?q=70');
insert into tagvalue (id, tag_id, asset_id, value) values (4565, 4, 229, '50');
insert into tagvalue (id, tag_id, asset_id, value) values (4566, 5, 229, 'other_types');
insert into tagvalue (id, tag_id, asset_id, value) values (4567, 6, 229, '5000');
insert into tagvalue (id, tag_id, asset_id, value) values (4568, 7, 229, '128');
insert into tagvalue (id, tag_id, asset_id, value) values (4569, 8, 229, '4');
insert into tagvalue (id, tag_id, asset_id, value) values (4570, 9, 229, 'not mentioned');
insert into tagvalue (id, tag_id, asset_id, value) values (4571, 10, 229, '12');
insert into asset (id,name) values (230, 'SAMSUNG S22 Ultra 5G (Burgundy, 256 GB)');
insert into tagvalue (id, tag_id, asset_id, value) values (4581, 1, 230, 'SAMSUNG S22 Ultra 5G (Burgundy, 256 GB)');
insert into tagvalue (id, tag_id, asset_id, value) values (4582, 1, 230, '4.3');
insert into tagvalue (id, tag_id, asset_id, value) values (4583, 2, 230, '23463');
insert into tagvalue (id, tag_id, asset_id, value) values (4584, 3, 230, 'https://rukminim2.flixcart.com/image/312/312/l1pc3gw0/mobile/5/3/m/s22-ultra-5g-256gb-12gb-ram-burgundy-s22-ultra-samsung-original-imagd79exg8w9gmq.jpeg?q=70');
insert into tagvalue (id, tag_id, asset_id, value) values (4585, 4, 230, '108');
insert into tagvalue (id, tag_id, asset_id, value) values (4586, 5, 230, 'other_types');
insert into tagvalue (id, tag_id, asset_id, value) values (4587, 6, 230, '5000');
insert into tagvalue (id, tag_id, asset_id, value) values (4588, 7, 230, '256');
insert into tagvalue (id, tag_id, asset_id, value) values (4589, 8, 230, '12');
insert into tagvalue (id, tag_id, asset_id, value) values (4590, 9, 230, 'not mentioned');
insert into tagvalue (id, tag_id, asset_id, value) values (4591, 10, 230, '10');
insert into asset (id,name) values (231, 'SAMSUNG Galaxy A22 5G (Violet, 128 GB)');
insert into tagvalue (id, tag_id, asset_id, value) values (4601, 1, 231, 'SAMSUNG Galaxy A22 5G (Violet, 128 GB)');
insert into tagvalue (id, tag_id, asset_id, value) values (4602, 1, 231, '4.1');
insert into tagvalue (id, tag_id, asset_id, value) values (4603, 2, 231, '19999');
insert into tagvalue (id, tag_id, asset_id, value) values (4604, 3, 231, 'https://rukminim2.flixcart.com/image/312/312/ks3jjbk0/mobile/2/r/a/a22-5g-sm-a226b-ds-samsung-original-imag5qzck3mkjvqn.jpeg?q=70');
insert into tagvalue (id, tag_id, asset_id, value) values (4605, 4, 231, '48');
insert into tagvalue (id, tag_id, asset_id, value) values (4606, 5, 231, 'other_types');
insert into tagvalue (id, tag_id, asset_id, value) values (4607, 6, 231, '5000');
insert into tagvalue (id, tag_id, asset_id, value) values (4608, 7, 231, '128');
insert into tagvalue (id, tag_id, asset_id, value) values (4609, 8, 231, '8');
insert into tagvalue (id, tag_id, asset_id, value) values (4610, 9, 231, 'Dimensity700');
insert into tagvalue (id, tag_id, asset_id, value) values (4611, 10, 231, '11');
insert into asset (id,name) values (232, 'SAMSUNG Galaxy A22 5G (Gray, 128 GB)');
insert into tagvalue (id, tag_id, asset_id, value) values (4621, 1, 232, 'SAMSUNG Galaxy A22 5G (Gray, 128 GB)');
insert into tagvalue (id, tag_id, asset_id, value) values (4622, 1, 232, '4.3');
insert into tagvalue (id, tag_id, asset_id, value) values (4623, 2, 232, '15690');
insert into tagvalue (id, tag_id, asset_id, value) values (4624, 3, 232, 'https://rukminim2.flixcart.com/image/312/312/krme93k0/mobile/0/d/n/galaxy-a22-5g-sm-a226bzajins-samsung-original-imag5dgh3fpehhhx.jpeg?q=70');
insert into tagvalue (id, tag_id, asset_id, value) values (4625, 4, 232, '48');
insert into tagvalue (id, tag_id, asset_id, value) values (4626, 5, 232, 'TFT');
insert into tagvalue (id, tag_id, asset_id, value) values (4627, 6, 232, '5000');
insert into tagvalue (id, tag_id, asset_id, value) values (4628, 7, 232, '128');
insert into tagvalue (id, tag_id, asset_id, value) values (4629, 8, 232, '6');
insert into tagvalue (id, tag_id, asset_id, value) values (4630, 9, 232, 'Dimensity700');
insert into tagvalue (id, tag_id, asset_id, value) values (4631, 10, 232, '11');
insert into asset (id,name) values (233, 'SAMSUNG Galaxy F12 (Celestial Black, 64 GB)');
insert into tagvalue (id, tag_id, asset_id, value) values (4641, 1, 233, 'SAMSUNG Galaxy F12 (Celestial Black, 64 GB)');
insert into tagvalue (id, tag_id, asset_id, value) values (4642, 1, 233, '4.3');
insert into tagvalue (id, tag_id, asset_id, value) values (4643, 2, 233, '10499');
insert into tagvalue (id, tag_id, asset_id, value) values (4644, 3, 233, 'https://rukminim2.flixcart.com/image/312/312/kn22m4w0/mobile/6/o/e/galaxy-f12-sm-f127gzkgins-samsung-original-imagftmhuqq3arbg.jpeg?q=70');
insert into tagvalue (id, tag_id, asset_id, value) values (4645, 4, 233, '48');
insert into tagvalue (id, tag_id, asset_id, value) values (4646, 5, 233, 'other_types');
insert into tagvalue (id, tag_id, asset_id, value) values (4647, 6, 233, '6000');
insert into tagvalue (id, tag_id, asset_id, value) values (4648, 7, 233, '64');
insert into tagvalue (id, tag_id, asset_id, value) values (4649, 8, 233, '4');
insert into tagvalue (id, tag_id, asset_id, value) values (4650, 9, 233, 'not mentioned');
insert into tagvalue (id, tag_id, asset_id, value) values (4651, 10, 233, '10');
insert into asset (id,name) values (234, 'SAMSUNG Galaxy M21 (Midnight Blue, 64 GB)');
insert into tagvalue (id, tag_id, asset_id, value) values (4661, 1, 234, 'SAMSUNG Galaxy M21 (Midnight Blue, 64 GB)');
insert into tagvalue (id, tag_id, asset_id, value) values (4662, 1, 234, '4.2');
insert into tagvalue (id, tag_id, asset_id, value) values (4663, 2, 234, '14248');
insert into tagvalue (id, tag_id, asset_id, value) values (4664, 3, 234, 'https://rukminim2.flixcart.com/image/312/312/kah413k0/mobile/z/m/g/samsung-galaxy-m21-b07hgjj55il-original-imafsfewggf3dqwc.jpeg?q=70');
insert into tagvalue (id, tag_id, asset_id, value) values (4665, 4, 234, '48');
insert into tagvalue (id, tag_id, asset_id, value) values (4666, 5, 234, 'other_types');
insert into tagvalue (id, tag_id, asset_id, value) values (4667, 6, 234, '6000');
insert into tagvalue (id, tag_id, asset_id, value) values (4668, 7, 234, '64');
insert into tagvalue (id, tag_id, asset_id, value) values (4669, 8, 234, '4');
insert into tagvalue (id, tag_id, asset_id, value) values (4670, 9, 234, 'not mentioned');
insert into tagvalue (id, tag_id, asset_id, value) values (4671, 10, 234, '11');
insert into asset (id,name) values (235, 'SAMSUNG Galaxy A12 (White, 64 GB)');
insert into tagvalue (id, tag_id, asset_id, value) values (4681, 1, 235, 'SAMSUNG Galaxy A12 (White, 64 GB)');
insert into tagvalue (id, tag_id, asset_id, value) values (4682, 1, 235, '4.3');
insert into tagvalue (id, tag_id, asset_id, value) values (4683, 2, 235, '11975');
insert into tagvalue (id, tag_id, asset_id, value) values (4684, 3, 235, 'https://rukminim2.flixcart.com/image/312/312/krz97rk0/mobile/g/3/m/galaxy-a12-exynos-850-sm-a127fzwjins-samsung-original-imag5n52vmhdygr2.jpeg?q=70');
insert into tagvalue (id, tag_id, asset_id, value) values (4685, 4, 235, '48');
insert into tagvalue (id, tag_id, asset_id, value) values (4686, 5, 235, 'LCD');
insert into tagvalue (id, tag_id, asset_id, value) values (4687, 6, 235, '5000');
insert into tagvalue (id, tag_id, asset_id, value) values (4688, 7, 235, '64');
insert into tagvalue (id, tag_id, asset_id, value) values (4689, 8, 235, '4');
insert into tagvalue (id, tag_id, asset_id, value) values (4690, 9, 235, 'not mentioned');
insert into tagvalue (id, tag_id, asset_id, value) values (4691, 10, 235, '10');
insert into asset (id,name) values (236, 'SAMSUNG Galaxy F41 (Fusion Black, 64 GB)');
insert into tagvalue (id, tag_id, asset_id, value) values (4701, 1, 236, 'SAMSUNG Galaxy F41 (Fusion Black, 64 GB)');
insert into tagvalue (id, tag_id, asset_id, value) values (4702, 1, 236, '4.0');
insert into tagvalue (id, tag_id, asset_id, value) values (4703, 2, 236, '15999');
insert into tagvalue (id, tag_id, asset_id, value) values (4704, 3, 236, 'https://rukminim2.flixcart.com/image/312/312/kfzq8i80/mobile/w/s/2/samsung-galaxy-f41-sm-f415fzkdins-original-imafwbnvxuhzvtpv.jpeg?q=70');
insert into tagvalue (id, tag_id, asset_id, value) values (4705, 4, 236, '64');
insert into tagvalue (id, tag_id, asset_id, value) values (4706, 5, 236, 'other_types');
insert into tagvalue (id, tag_id, asset_id, value) values (4707, 6, 236, '6000');
insert into tagvalue (id, tag_id, asset_id, value) values (4708, 7, 236, '64');
insert into tagvalue (id, tag_id, asset_id, value) values (4709, 8, 236, '6');
insert into tagvalue (id, tag_id, asset_id, value) values (4710, 9, 236, 'not mentioned');
insert into tagvalue (id, tag_id, asset_id, value) values (4711, 10, 236, '9');
insert into asset (id,name) values (237, 'SAMSUNG Galaxy On6 (Black, 64 GB)');
insert into tagvalue (id, tag_id, asset_id, value) values (4721, 1, 237, 'SAMSUNG Galaxy On6 (Black, 64 GB)');
insert into tagvalue (id, tag_id, asset_id, value) values (4722, 1, 237, '4.4');
insert into tagvalue (id, tag_id, asset_id, value) values (4723, 2, 237, '17600');
insert into tagvalue (id, tag_id, asset_id, value) values (4724, 3, 237, 'https://rukminim2.flixcart.com/image/312/312/jit64cw0-1/mobile/4/8/h/samsung-galaxy-on6-sm-j600gf-original-imaf6j6zhqa3yfvz.jpeg?q=70');
insert into tagvalue (id, tag_id, asset_id, value) values (4725, 4, 237, '13');
insert into tagvalue (id, tag_id, asset_id, value) values (4726, 5, 237, 'AMOLED');
insert into tagvalue (id, tag_id, asset_id, value) values (4727, 6, 237, '4000');
insert into tagvalue (id, tag_id, asset_id, value) values (4728, 7, 237, '64');
insert into tagvalue (id, tag_id, asset_id, value) values (4729, 8, 237, '6');
insert into tagvalue (id, tag_id, asset_id, value) values (4730, 9, 237, 'not mentioned');
insert into tagvalue (id, tag_id, asset_id, value) values (4731, 10, 237, '9');
insert into asset (id,name) values (238, 'SAMSUNG Galaxy F62 (Laser Grey, 128 GB)');
insert into tagvalue (id, tag_id, asset_id, value) values (4741, 1, 238, 'SAMSUNG Galaxy F62 (Laser Grey, 128 GB)');
insert into tagvalue (id, tag_id, asset_id, value) values (4742, 1, 238, '4.2');
insert into tagvalue (id, tag_id, asset_id, value) values (4743, 2, 238, '23999');
insert into tagvalue (id, tag_id, asset_id, value) values (4744, 3, 238, 'https://rukminim2.flixcart.com/image/312/312/klb78nk0/mobile/4/y/h/galaxy-f62-sm-e625fzkdins-samsung-original-imagygxzrsmbhptk.jpeg?q=70');
insert into tagvalue (id, tag_id, asset_id, value) values (4745, 4, 238, '64');
insert into tagvalue (id, tag_id, asset_id, value) values (4746, 5, 238, 'AMOLED');
insert into tagvalue (id, tag_id, asset_id, value) values (4747, 6, 238, '5000');
insert into tagvalue (id, tag_id, asset_id, value) values (4748, 7, 238, '128');
insert into tagvalue (id, tag_id, asset_id, value) values (4749, 8, 238, '6');
insert into tagvalue (id, tag_id, asset_id, value) values (4750, 9, 238, 'not mentioned');
insert into tagvalue (id, tag_id, asset_id, value) values (4751, 10, 238, '10');
insert into asset (id,name) values (239, 'SAMSUNG Galaxy M42 5G (Prism Dot Black, 128 GB)');
insert into tagvalue (id, tag_id, asset_id, value) values (4761, 1, 239, 'SAMSUNG Galaxy M42 5G (Prism Dot Black, 128 GB)');
insert into tagvalue (id, tag_id, asset_id, value) values (4762, 1, 239, '4.3');
insert into tagvalue (id, tag_id, asset_id, value) values (4763, 2, 239, '21450');
insert into tagvalue (id, tag_id, asset_id, value) values (4764, 3, 239, 'https://rukminim2.flixcart.com/image/312/312/koenl3k0/mobile/c/b/r/galaxy-m42-5g-sm-m426bzkgins-samsung-original-imag2vggv8jqgh7s.jpeg?q=70');
insert into tagvalue (id, tag_id, asset_id, value) values (4765, 4, 239, '48');
insert into tagvalue (id, tag_id, asset_id, value) values (4766, 5, 239, 'other_types');
insert into tagvalue (id, tag_id, asset_id, value) values (4767, 6, 239, '6000');
insert into tagvalue (id, tag_id, asset_id, value) values (4768, 7, 239, '64');
insert into tagvalue (id, tag_id, asset_id, value) values (4769, 8, 239, '4');
insert into tagvalue (id, tag_id, asset_id, value) values (4770, 9, 239, 'not mentioned');
insert into tagvalue (id, tag_id, asset_id, value) values (4771, 10, 239, '10');
insert into asset (id,name) values (240, 'SAMSUNG Galaxy M30s (Blue, 64 GB)');
insert into tagvalue (id, tag_id, asset_id, value) values (4781, 1, 240, 'SAMSUNG Galaxy M30s (Blue, 64 GB)');
insert into tagvalue (id, tag_id, asset_id, value) values (4782, 1, 240, '4.1');
insert into tagvalue (id, tag_id, asset_id, value) values (4783, 2, 240, '13999');
insert into tagvalue (id, tag_id, asset_id, value) values (4784, 3, 240, 'https://rukminim2.flixcart.com/image/312/312/k51cpe80pkrrdj/mobile/g/f/m/samsung-galaxy-m30s-sm-m307fzbdins-original-imafkzzf3vfqzrfz.jpeg?q=70');
insert into tagvalue (id, tag_id, asset_id, value) values (4785, 4, 240, '48');
insert into tagvalue (id, tag_id, asset_id, value) values (4786, 5, 240, 'other_types');
insert into tagvalue (id, tag_id, asset_id, value) values (4787, 6, 240, '5000');
insert into tagvalue (id, tag_id, asset_id, value) values (4788, 7, 240, '128');
insert into tagvalue (id, tag_id, asset_id, value) values (4789, 8, 240, '8');
insert into tagvalue (id, tag_id, asset_id, value) values (4790, 9, 240, 'not mentioned');
insert into tagvalue (id, tag_id, asset_id, value) values (4791, 10, 240, '9');
insert into asset (id,name) values (241, 'SAMSUNG Galaxy A33 (Awesome White, 128 GB)');
insert into tagvalue (id, tag_id, asset_id, value) values (4801, 1, 241, 'SAMSUNG Galaxy A33 (Awesome White, 128 GB)');
insert into tagvalue (id, tag_id, asset_id, value) values (4802, 1, 241, '4.3');
insert into tagvalue (id, tag_id, asset_id, value) values (4803, 2, 241, '27499');
insert into tagvalue (id, tag_id, asset_id, value) values (4804, 3, 241, 'https://rukminim2.flixcart.com/image/312/312/l3xcr680/mobile/9/8/x/-original-imagexexsaxegzxk.jpeg?q=70');
insert into tagvalue (id, tag_id, asset_id, value) values (4805, 4, 241, '48');
insert into tagvalue (id, tag_id, asset_id, value) values (4806, 5, 241, 'other_types');
insert into tagvalue (id, tag_id, asset_id, value) values (4807, 6, 241, '6000');
insert into tagvalue (id, tag_id, asset_id, value) values (4808, 7, 241, '64');
insert into tagvalue (id, tag_id, asset_id, value) values (4809, 8, 241, '4');
insert into tagvalue (id, tag_id, asset_id, value) values (4810, 9, 241, 'Snapdragon(SDM450-F01)');
insert into tagvalue (id, tag_id, asset_id, value) values (4811, 10, 241, '7');
insert into asset (id,name) values (242, 'SAMSUNG Galaxy M21 (Raven Black, 64 GB)');
insert into tagvalue (id, tag_id, asset_id, value) values (4821, 1, 242, 'SAMSUNG Galaxy M21 (Raven Black, 64 GB)');
insert into tagvalue (id, tag_id, asset_id, value) values (4822, 1, 242, '4.2');
insert into tagvalue (id, tag_id, asset_id, value) values (4823, 2, 242, '12999');
insert into tagvalue (id, tag_id, asset_id, value) values (4824, 3, 242, 'https://rukminim2.flixcart.com/image/312/312/kah413k0/mobile/d/m/z/samsung-galaxy-m21-b07hgh8d2r-original-imafsfexgymaayrk.jpeg?q=70');
insert into tagvalue (id, tag_id, asset_id, value) values (4825, 4, 242, '48');
insert into tagvalue (id, tag_id, asset_id, value) values (4826, 5, 242, 'LCD');
insert into tagvalue (id, tag_id, asset_id, value) values (4827, 6, 242, '5000');
insert into tagvalue (id, tag_id, asset_id, value) values (4828, 7, 242, '64');
insert into tagvalue (id, tag_id, asset_id, value) values (4829, 8, 242, '4');
insert into tagvalue (id, tag_id, asset_id, value) values (4830, 9, 242, 'MediaTek');
insert into tagvalue (id, tag_id, asset_id, value) values (4831, 10, 242, '10');
insert into asset (id,name) values (243, 'SAMSUNG Galaxy M11 (Violet, 64 GB)');
insert into tagvalue (id, tag_id, asset_id, value) values (4841, 1, 243, 'SAMSUNG Galaxy M11 (Violet, 64 GB)');
insert into tagvalue (id, tag_id, asset_id, value) values (4842, 1, 243, '4.4');
insert into tagvalue (id, tag_id, asset_id, value) values (4843, 2, 243, '12999');
insert into tagvalue (id, tag_id, asset_id, value) values (4844, 3, 243, 'https://rukminim2.flixcart.com/image/312/312/kavefm80/mobile/h/c/y/samsung-galaxy-m11-sm-m115fzleins-original-imafscgysncykdxv.jpeg?q=70');
insert into tagvalue (id, tag_id, asset_id, value) values (4845, 4, 243, '13');
insert into tagvalue (id, tag_id, asset_id, value) values (4846, 5, 243, 'other_types');
insert into tagvalue (id, tag_id, asset_id, value) values (4847, 6, 243, '4000');
insert into tagvalue (id, tag_id, asset_id, value) values (4848, 7, 243, '32');
insert into tagvalue (id, tag_id, asset_id, value) values (4849, 8, 243, '2');
insert into tagvalue (id, tag_id, asset_id, value) values (4850, 9, 243, 'not mentioned');
insert into tagvalue (id, tag_id, asset_id, value) values (4851, 10, 243, '12');
insert into asset (id,name) values (244, 'SAMSUNG Galaxy A10s (Blue, 32 GB)');
insert into tagvalue (id, tag_id, asset_id, value) values (4861, 1, 244, 'SAMSUNG Galaxy A10s (Blue, 32 GB)');
insert into tagvalue (id, tag_id, asset_id, value) values (4862, 1, 244, '4.6');
insert into tagvalue (id, tag_id, asset_id, value) values (4863, 2, 244, '9490');
insert into tagvalue (id, tag_id, asset_id, value) values (4864, 3, 244, 'https://rukminim2.flixcart.com/image/312/312/k2jbyq80pkrrdj/mobile-refurbished/q/m/g/galaxy-a10s-32-gb-c-sm-a107fzbdins-samsung-2-original-imafjycggdwt5akh.jpeg?q=70');
insert into tagvalue (id, tag_id, asset_id, value) values (4865, 4, 244, '13');
insert into tagvalue (id, tag_id, asset_id, value) values (4866, 5, 244, 'other_types');
insert into tagvalue (id, tag_id, asset_id, value) values (4867, 6, 244, '3300');
insert into tagvalue (id, tag_id, asset_id, value) values (4868, 7, 244, '64');
insert into tagvalue (id, tag_id, asset_id, value) values (4869, 8, 244, '6');
insert into tagvalue (id, tag_id, asset_id, value) values (4870, 9, 244, 'Snapdragon(SDM439)');
insert into tagvalue (id, tag_id, asset_id, value) values (4871, 10, 244, '10');
insert into asset (id,name) values (245, 'SAMSUNG Galaxy Note 8 (Orchid Grey, 64 GB)');
insert into tagvalue (id, tag_id, asset_id, value) values (4881, 1, 245, 'SAMSUNG Galaxy Note 8 (Orchid Grey, 64 GB)');
insert into tagvalue (id, tag_id, asset_id, value) values (4882, 1, 245, '4.2');
insert into tagvalue (id, tag_id, asset_id, value) values (4883, 2, 245, '8464');
insert into tagvalue (id, tag_id, asset_id, value) values (4884, 3, 245, 'https://rukminim2.flixcart.com/image/312/312/js98x3k0/mobile/g/h/a/samsung-galaxy-note-8-na-original-imafdvaqjabwvguk.jpeg?q=70');
insert into tagvalue (id, tag_id, asset_id, value) values (4885, 4, 245, '12');
insert into tagvalue (id, tag_id, asset_id, value) values (4886, 5, 245, 'LCD');
insert into tagvalue (id, tag_id, asset_id, value) values (4887, 6, 245, '4000');
insert into tagvalue (id, tag_id, asset_id, value) values (4888, 7, 245, '32');
insert into tagvalue (id, tag_id, asset_id, value) values (4889, 8, 245, '3');
insert into tagvalue (id, tag_id, asset_id, value) values (4890, 9, 245, 'not mentioned');
insert into tagvalue (id, tag_id, asset_id, value) values (4891, 10, 245, '10');
insert into asset (id,name) values (246, 'SAMSUNG Galaxy M01 (Red, 32 GB)');
insert into tagvalue (id, tag_id, asset_id, value) values (4901, 1, 246, 'SAMSUNG Galaxy M01 (Red, 32 GB)');
insert into tagvalue (id, tag_id, asset_id, value) values (4902, 1, 246, '4.2');
insert into tagvalue (id, tag_id, asset_id, value) values (4903, 2, 246, '8999');
insert into tagvalue (id, tag_id, asset_id, value) values (4904, 3, 246, 'https://rukminim2.flixcart.com/image/312/312/kavefm80/mobile/b/g/z/samsung-galaxy-m01-sm-m015gzrdins-original-imafscggbdypyqqc.jpeg?q=70');
insert into tagvalue (id, tag_id, asset_id, value) values (4905, 4, 246, '13');
insert into tagvalue (id, tag_id, asset_id, value) values (4906, 5, 246, 'other_types');
insert into tagvalue (id, tag_id, asset_id, value) values (4907, 6, 246, '6000');
insert into tagvalue (id, tag_id, asset_id, value) values (4908, 7, 246, '64');
insert into tagvalue (id, tag_id, asset_id, value) values (4909, 8, 246, '4');
insert into tagvalue (id, tag_id, asset_id, value) values (4910, 9, 246, 'Snapdragon(SDM450-F01)');
insert into tagvalue (id, tag_id, asset_id, value) values (4911, 10, 246, '10');
insert into asset (id,name) values (247, 'SAMSUNG Galaxy M32 Prime Edition (Black, 64 GB)');
insert into tagvalue (id, tag_id, asset_id, value) values (4921, 1, 247, 'SAMSUNG Galaxy M32 Prime Edition (Black, 64 GB)');
insert into tagvalue (id, tag_id, asset_id, value) values (4922, 1, 247, '4.2');
insert into tagvalue (id, tag_id, asset_id, value) values (4923, 2, 247, '12185');
insert into tagvalue (id, tag_id, asset_id, value) values (4924, 3, 247, 'https://rukminim2.flixcart.com/image/312/312/xif0q/mobile/q/2/e/-original-imagjhqzefepgn4t.jpeg?q=70');
insert into tagvalue (id, tag_id, asset_id, value) values (4925, 4, 247, '64');
insert into tagvalue (id, tag_id, asset_id, value) values (4926, 5, 247, 'LCD');
insert into tagvalue (id, tag_id, asset_id, value) values (4927, 6, 247, '5000');
insert into tagvalue (id, tag_id, asset_id, value) values (4928, 7, 247, '32');
insert into tagvalue (id, tag_id, asset_id, value) values (4929, 8, 247, '3');
insert into tagvalue (id, tag_id, asset_id, value) values (4930, 9, 247, 'not mentioned');
insert into tagvalue (id, tag_id, asset_id, value) values (4931, 10, 247, '11');
insert into asset (id,name) values (248, 'SAMSUNG Galaxy M11 (Metallic Blue, 32 GB)');
insert into tagvalue (id, tag_id, asset_id, value) values (4941, 1, 248, 'SAMSUNG Galaxy M11 (Metallic Blue, 32 GB)');
insert into tagvalue (id, tag_id, asset_id, value) values (4942, 1, 248, '4.3');
insert into tagvalue (id, tag_id, asset_id, value) values (4943, 2, 248, '10999');
insert into tagvalue (id, tag_id, asset_id, value) values (4944, 3, 248, 'https://rukminim2.flixcart.com/image/312/312/kavefm80/mobile/w/u/z/samsung-galaxy-m11-sm-m115fmbeins-original-imafscgycugcewty.jpeg?q=70');
insert into tagvalue (id, tag_id, asset_id, value) values (4945, 4, 248, '13');
insert into tagvalue (id, tag_id, asset_id, value) values (4946, 5, 248, 'other_types');
insert into tagvalue (id, tag_id, asset_id, value) values (4947, 6, 248, '6000');
insert into tagvalue (id, tag_id, asset_id, value) values (4948, 7, 248, '64');
insert into tagvalue (id, tag_id, asset_id, value) values (4949, 8, 248, '6');
insert into tagvalue (id, tag_id, asset_id, value) values (4950, 9, 248, 'not mentioned');
insert into tagvalue (id, tag_id, asset_id, value) values (4951, 10, 248, '11');
insert into asset (id,name) values (249, 'SAMSUNG Galaxy A22 5G (Gray, 128 GB)');
insert into tagvalue (id, tag_id, asset_id, value) values (4961, 1, 249, 'SAMSUNG Galaxy A22 5G (Gray, 128 GB)');
insert into tagvalue (id, tag_id, asset_id, value) values (4962, 1, 249, '4.1');
insert into tagvalue (id, tag_id, asset_id, value) values (4963, 2, 249, '23999');
insert into tagvalue (id, tag_id, asset_id, value) values (4964, 3, 249, 'https://rukminim2.flixcart.com/image/312/312/krme93k0/mobile/0/d/n/galaxy-a22-5g-sm-a226bzajins-samsung-original-imag5dgh3fpehhhx.jpeg?q=70');
insert into tagvalue (id, tag_id, asset_id, value) values (4965, 4, 249, '64');
insert into tagvalue (id, tag_id, asset_id, value) values (4966, 5, 249, 'TFT');
insert into tagvalue (id, tag_id, asset_id, value) values (4967, 6, 249, '5000');
insert into tagvalue (id, tag_id, asset_id, value) values (4968, 7, 249, '128');
insert into tagvalue (id, tag_id, asset_id, value) values (4969, 8, 249, '6');
insert into tagvalue (id, tag_id, asset_id, value) values (4970, 9, 249, 'Dimensity700');
insert into tagvalue (id, tag_id, asset_id, value) values (4971, 10, 249, '11');
insert into asset (id,name) values (250, 'SAMSUNG Galaxy F42 5G (Matte Aqua, 128 GB)');
insert into tagvalue (id, tag_id, asset_id, value) values (4981, 1, 250, 'SAMSUNG Galaxy F42 5G (Matte Aqua, 128 GB)');
insert into tagvalue (id, tag_id, asset_id, value) values (4982, 1, 250, '4.3');
insert into tagvalue (id, tag_id, asset_id, value) values (4983, 2, 250, '20999');
insert into tagvalue (id, tag_id, asset_id, value) values (4984, 3, 250, 'https://rukminim2.flixcart.com/image/312/312/ku4ezrk0/mobile/6/z/p/galaxy-f42-5g-sm-e426bzbgins-samsung-original-imag7anfz8jzxkv4.jpeg?q=70');
insert into tagvalue (id, tag_id, asset_id, value) values (4985, 4, 250, '48');
insert into tagvalue (id, tag_id, asset_id, value) values (4986, 5, 250, 'other_types');
insert into tagvalue (id, tag_id, asset_id, value) values (4987, 6, 250, '5000');
insert into tagvalue (id, tag_id, asset_id, value) values (4988, 7, 250, '128');
insert into tagvalue (id, tag_id, asset_id, value) values (4989, 8, 250, '6');
insert into tagvalue (id, tag_id, asset_id, value) values (4990, 9, 250, 'Dimensity700');
insert into tagvalue (id, tag_id, asset_id, value) values (4991, 10, 250, '10');
insert into asset (id,name) values (251, 'SAMSUNG Galaxy F22 (Denim Black, 128 GB)');
insert into tagvalue (id, tag_id, asset_id, value) values (5001, 1, 251, 'SAMSUNG Galaxy F22 (Denim Black, 128 GB)');
insert into tagvalue (id, tag_id, asset_id, value) values (5002, 1, 251, '3.9');
insert into tagvalue (id, tag_id, asset_id, value) values (5003, 2, 251, '13499');
insert into tagvalue (id, tag_id, asset_id, value) values (5004, 3, 251, 'https://rukminim2.flixcart.com/image/312/312/kqqykcw0/mobile/p/y/u/galaxy-f22-sm-e225fzkhins-samsung-original-imag4z99fagskjxd.jpeg?q=70');
insert into tagvalue (id, tag_id, asset_id, value) values (5005, 4, 251, '8');
insert into tagvalue (id, tag_id, asset_id, value) values (5006, 5, 251, 'other_types');
insert into tagvalue (id, tag_id, asset_id, value) values (5007, 6, 251, '6000');
insert into tagvalue (id, tag_id, asset_id, value) values (5008, 7, 251, '16');
insert into tagvalue (id, tag_id, asset_id, value) values (5009, 8, 251, '1');
insert into tagvalue (id, tag_id, asset_id, value) values (5010, 9, 251, 'Heilo80P');
insert into tagvalue (id, tag_id, asset_id, value) values (5011, 10, 251, '11');
insert into asset (id,name) values (252, 'SAMSUNG Galaxy F02s (Diamond White, 32 GB)');
insert into tagvalue (id, tag_id, asset_id, value) values (5021, 1, 252, 'SAMSUNG Galaxy F02s (Diamond White, 32 GB)');
insert into tagvalue (id, tag_id, asset_id, value) values (5022, 1, 252, '4.2');
insert into tagvalue (id, tag_id, asset_id, value) values (5023, 2, 252, '10499');
insert into tagvalue (id, tag_id, asset_id, value) values (5024, 3, 252, 'https://rukminim2.flixcart.com/image/312/312/kn22m4w0/mobile/n/u/a/galaxy-f02s-sm-e025fawfins-samsung-original-imagfthzsy3btzkj.jpeg?q=70');
insert into tagvalue (id, tag_id, asset_id, value) values (5025, 4, 252, '64');
insert into tagvalue (id, tag_id, asset_id, value) values (5026, 5, 252, 'other_types');
insert into tagvalue (id, tag_id, asset_id, value) values (5027, 6, 252, '5000');
insert into tagvalue (id, tag_id, asset_id, value) values (5028, 7, 252, '128');
insert into tagvalue (id, tag_id, asset_id, value) values (5029, 8, 252, '6');
insert into tagvalue (id, tag_id, asset_id, value) values (5030, 9, 252, 'Snapdragon450');
insert into tagvalue (id, tag_id, asset_id, value) values (5031, 10, 252, '12');
insert into asset (id,name) values (253, 'SAMSUNG Galaxy M32 (Light Blue, 128 GB)');
insert into tagvalue (id, tag_id, asset_id, value) values (5041, 1, 253, 'SAMSUNG Galaxy M32 (Light Blue, 128 GB)');
insert into tagvalue (id, tag_id, asset_id, value) values (5042, 1, 253, '4.0');
insert into tagvalue (id, tag_id, asset_id, value) values (5043, 2, 253, '13402');
insert into tagvalue (id, tag_id, asset_id, value) values (5044, 3, 253, 'https://rukminim2.flixcart.com/image/312/312/xif0q/mobile/i/3/x/-original-imag4pfh2p9hhygz.jpeg?q=70');
insert into tagvalue (id, tag_id, asset_id, value) values (5045, 4, 253, '64');
insert into tagvalue (id, tag_id, asset_id, value) values (5046, 5, 253, 'other_types');
insert into tagvalue (id, tag_id, asset_id, value) values (5047, 6, 253, '6000');
insert into tagvalue (id, tag_id, asset_id, value) values (5048, 7, 253, '128');
insert into tagvalue (id, tag_id, asset_id, value) values (5049, 8, 253, '6');
insert into tagvalue (id, tag_id, asset_id, value) values (5050, 9, 253, 'not mentioned');
insert into tagvalue (id, tag_id, asset_id, value) values (5051, 10, 253, '12');
insert into asset (id,name) values (254, 'SAMSUNG Galaxy A53 (Awesome Black, 128 GB)');
insert into tagvalue (id, tag_id, asset_id, value) values (5061, 1, 254, 'SAMSUNG Galaxy A53 (Awesome Black, 128 GB)');
insert into tagvalue (id, tag_id, asset_id, value) values (5062, 1, 254, '4.2');
insert into tagvalue (id, tag_id, asset_id, value) values (5063, 2, 254, '31999');
insert into tagvalue (id, tag_id, asset_id, value) values (5064, 3, 254, 'https://rukminim2.flixcart.com/image/312/312/l3xcr680/mobile/f/b/6/-original-imagexeyn7p8ehzh.jpeg?q=70');
insert into tagvalue (id, tag_id, asset_id, value) values (5065, 4, 254, '5');
insert into tagvalue (id, tag_id, asset_id, value) values (5066, 5, 254, 'HD+ AMOLED');
insert into tagvalue (id, tag_id, asset_id, value) values (5067, 6, 254, '5000');
insert into tagvalue (id, tag_id, asset_id, value) values (5068, 7, 254, '16');
insert into tagvalue (id, tag_id, asset_id, value) values (5069, 8, 254, '1');
insert into tagvalue (id, tag_id, asset_id, value) values (5070, 9, 254, 'not mentioned');
insert into tagvalue (id, tag_id, asset_id, value) values (5071, 10, 254, '11');
insert into asset (id,name) values (255, 'SAMSUNG Galaxy M32 Prime Edition (Light Blue, 64 GB)');
insert into tagvalue (id, tag_id, asset_id, value) values (5081, 1, 255, 'SAMSUNG Galaxy M32 Prime Edition (Light Blue, 64 GB)');
insert into tagvalue (id, tag_id, asset_id, value) values (5082, 1, 255, '4.2');
insert into tagvalue (id, tag_id, asset_id, value) values (5083, 2, 255, '11370');
insert into tagvalue (id, tag_id, asset_id, value) values (5084, 3, 255, 'https://rukminim2.flixcart.com/image/312/312/xif0q/mobile/r/f/n/-original-imagjhr894wgfzzc.jpeg?q=70');
insert into tagvalue (id, tag_id, asset_id, value) values (5085, 4, 255, '64');
insert into tagvalue (id, tag_id, asset_id, value) values (5086, 5, 255, 'other_types');
insert into tagvalue (id, tag_id, asset_id, value) values (5087, 6, 255, '6000');
insert into tagvalue (id, tag_id, asset_id, value) values (5088, 7, 255, '128');
insert into tagvalue (id, tag_id, asset_id, value) values (5089, 8, 255, '6');
insert into tagvalue (id, tag_id, asset_id, value) values (5090, 9, 255, 'not mentioned');
insert into tagvalue (id, tag_id, asset_id, value) values (5091, 10, 255, '12');
insert into asset (id,name) values (256, 'SAMSUNG Galaxy A22 (Black, 128 GB)');
insert into tagvalue (id, tag_id, asset_id, value) values (5101, 1, 256, 'SAMSUNG Galaxy A22 (Black, 128 GB)');
insert into tagvalue (id, tag_id, asset_id, value) values (5102, 1, 256, '4.0');
insert into tagvalue (id, tag_id, asset_id, value) values (5103, 2, 256, '16999');
insert into tagvalue (id, tag_id, asset_id, value) values (5104, 3, 256, 'https://rukminim2.flixcart.com/image/312/312/kqqykcw0/mobile/6/3/t/a22-sm-a22sf-ds-samsung-original-imag4pfdwfpbjguk.jpeg?q=70');
insert into tagvalue (id, tag_id, asset_id, value) values (5105, 4, 256, '48');
insert into tagvalue (id, tag_id, asset_id, value) values (5106, 5, 256, 'other_types');
insert into tagvalue (id, tag_id, asset_id, value) values (5107, 6, 256, '5000');
insert into tagvalue (id, tag_id, asset_id, value) values (5108, 7, 256, '128');
insert into tagvalue (id, tag_id, asset_id, value) values (5109, 8, 256, '6');
insert into tagvalue (id, tag_id, asset_id, value) values (5110, 9, 256, 'not mentioned');
insert into tagvalue (id, tag_id, asset_id, value) values (5111, 10, 256, '11');
insert into asset (id,name) values (257, 'SAMSUNG Galaxy A53 (Awesome Peach, 128 GB)');
insert into tagvalue (id, tag_id, asset_id, value) values (5121, 1, 257, 'SAMSUNG Galaxy A53 (Awesome Peach, 128 GB)');
insert into tagvalue (id, tag_id, asset_id, value) values (5122, 1, 257, '4.2');
insert into tagvalue (id, tag_id, asset_id, value) values (5123, 2, 257, '31999');
insert into tagvalue (id, tag_id, asset_id, value) values (5124, 3, 257, 'https://rukminim2.flixcart.com/image/312/312/l3xcr680/mobile/1/9/o/-original-imagexezfaz48pzt.jpeg?q=70');
insert into tagvalue (id, tag_id, asset_id, value) values (5125, 4, 257, '64');
insert into tagvalue (id, tag_id, asset_id, value) values (5126, 5, 257, 'HD+ AMOLED');
insert into tagvalue (id, tag_id, asset_id, value) values (5127, 6, 257, '5000');
insert into tagvalue (id, tag_id, asset_id, value) values (5128, 7, 257, '64');
insert into tagvalue (id, tag_id, asset_id, value) values (5129, 8, 257, '4');
insert into tagvalue (id, tag_id, asset_id, value) values (5130, 9, 257, 'not mentioned');
insert into tagvalue (id, tag_id, asset_id, value) values (5131, 10, 257, '12');
insert into asset (id,name) values (258, 'SAMSUNG Galaxy A12 (Blue, 64 GB)');
insert into tagvalue (id, tag_id, asset_id, value) values (5141, 1, 258, 'SAMSUNG Galaxy A12 (Blue, 64 GB)');
insert into tagvalue (id, tag_id, asset_id, value) values (5142, 1, 258, '4.2');
insert into tagvalue (id, tag_id, asset_id, value) values (5143, 2, 258, '12999');
insert into tagvalue (id, tag_id, asset_id, value) values (5144, 3, 258, 'https://rukminim2.flixcart.com/image/312/312/krz97rk0/mobile/g/n/h/galaxy-a12-mtk-g35-sm-a125fzbjins-samsung-original-imag5n53wm8rg4tw.jpeg?q=70');
insert into tagvalue (id, tag_id, asset_id, value) values (5145, 4, 258, '48');
insert into tagvalue (id, tag_id, asset_id, value) values (5146, 5, 258, 'LCD');
insert into tagvalue (id, tag_id, asset_id, value) values (5147, 6, 258, '5000');
insert into tagvalue (id, tag_id, asset_id, value) values (5148, 7, 258, '64');
insert into tagvalue (id, tag_id, asset_id, value) values (5149, 8, 258, '4');
insert into tagvalue (id, tag_id, asset_id, value) values (5150, 9, 258, 'not mentioned');
insert into tagvalue (id, tag_id, asset_id, value) values (5151, 10, 258, '11');
insert into asset (id,name) values (259, 'SAMSUNG Galaxy M32 Prime Edition (Light Blue, 64 GB)');
insert into tagvalue (id, tag_id, asset_id, value) values (5161, 1, 259, 'SAMSUNG Galaxy M32 Prime Edition (Light Blue, 64 GB)');
insert into tagvalue (id, tag_id, asset_id, value) values (5162, 1, 259, '4.1');
insert into tagvalue (id, tag_id, asset_id, value) values (5163, 2, 259, '12678');
insert into tagvalue (id, tag_id, asset_id, value) values (5164, 3, 259, 'https://rukminim2.flixcart.com/image/312/312/xif0q/mobile/r/f/n/-original-imagjhr894wgfzzc.jpeg?q=70');
insert into tagvalue (id, tag_id, asset_id, value) values (5165, 4, 259, '50');
insert into tagvalue (id, tag_id, asset_id, value) values (5166, 5, 259, 'other_types');
insert into tagvalue (id, tag_id, asset_id, value) values (5167, 6, 259, '6000');
insert into tagvalue (id, tag_id, asset_id, value) values (5168, 7, 259, '64');
insert into tagvalue (id, tag_id, asset_id, value) values (5169, 8, 259, '4');
insert into tagvalue (id, tag_id, asset_id, value) values (5170, 9, 259, 'not mentioned');
insert into tagvalue (id, tag_id, asset_id, value) values (5171, 10, 259, '12');
insert into asset (id,name) values (260, 'SAMSUNG Galaxy A03 (Blue, 64 GB)');
insert into tagvalue (id, tag_id, asset_id, value) values (5181, 1, 260, 'SAMSUNG Galaxy A03 (Blue, 64 GB)');
insert into tagvalue (id, tag_id, asset_id, value) values (5182, 1, 260, '4.1');
insert into tagvalue (id, tag_id, asset_id, value) values (5183, 2, 260, '11499');
insert into tagvalue (id, tag_id, asset_id, value) values (5184, 3, 260, 'https://rukminim2.flixcart.com/image/312/312/l0sgyvk0/mobile/z/4/7/-original-imagchh89wufbej2.jpeg?q=70');
insert into tagvalue (id, tag_id, asset_id, value) values (5185, 4, 260, '13');
insert into tagvalue (id, tag_id, asset_id, value) values (5186, 5, 260, 'other_types');
insert into tagvalue (id, tag_id, asset_id, value) values (5187, 6, 260, '5000');
insert into tagvalue (id, tag_id, asset_id, value) values (5188, 7, 260, '64');
insert into tagvalue (id, tag_id, asset_id, value) values (5189, 8, 260, '4');
insert into tagvalue (id, tag_id, asset_id, value) values (5190, 9, 260, 'not mentioned');
insert into tagvalue (id, tag_id, asset_id, value) values (5191, 10, 260, '10');
insert into asset (id,name) values (261, 'SAMSUNG Galaxy A13 (White, 64 GB)');
insert into tagvalue (id, tag_id, asset_id, value) values (5201, 1, 261, 'SAMSUNG Galaxy A13 (White, 64 GB)');
insert into tagvalue (id, tag_id, asset_id, value) values (5202, 1, 261, '4.3');
insert into tagvalue (id, tag_id, asset_id, value) values (5203, 2, 261, '14499');
insert into tagvalue (id, tag_id, asset_id, value) values (5204, 3, 261, 'https://rukminim2.flixcart.com/image/312/312/l19m93k0/mobile/p/h/e/-original-imagcv7424zgvfk8.jpeg?q=70');
insert into tagvalue (id, tag_id, asset_id, value) values (5205, 4, 261, '5');
insert into tagvalue (id, tag_id, asset_id, value) values (5206, 5, 261, 'other_types');
insert into tagvalue (id, tag_id, asset_id, value) values (5207, 6, 261, '5000');
insert into tagvalue (id, tag_id, asset_id, value) values (5208, 7, 261, '128');
insert into tagvalue (id, tag_id, asset_id, value) values (5209, 8, 261, '4');
insert into tagvalue (id, tag_id, asset_id, value) values (5210, 9, 261, 'not mentioned');
insert into tagvalue (id, tag_id, asset_id, value) values (5211, 10, 261, '11');
insert into asset (id,name) values (262, 'SAMSUNG M02s (Blue, 32 GB)');
insert into tagvalue (id, tag_id, asset_id, value) values (5221, 1, 262, 'SAMSUNG M02s (Blue, 32 GB)');
insert into tagvalue (id, tag_id, asset_id, value) values (5222, 1, 262, '4.0');
insert into tagvalue (id, tag_id, asset_id, value) values (5223, 2, 262, '8597');
insert into tagvalue (id, tag_id, asset_id, value) values (5224, 3, 262, 'https://rukminim2.flixcart.com/image/312/312/kk2wl8w0/mobile/o/c/v/m02s-sb08rswhmz65-samsung-original-imafzg9at5uyrwhh.jpeg?q=70');
insert into tagvalue (id, tag_id, asset_id, value) values (5225, 4, 262, '64');
insert into tagvalue (id, tag_id, asset_id, value) values (5226, 5, 262, 'other_types');
insert into tagvalue (id, tag_id, asset_id, value) values (5227, 6, 262, '5000');
insert into tagvalue (id, tag_id, asset_id, value) values (5228, 7, 262, '8');
insert into tagvalue (id, tag_id, asset_id, value) values (5229, 8, 262, '1');
insert into tagvalue (id, tag_id, asset_id, value) values (5230, 9, 262, 'Snapdragon450P');
insert into tagvalue (id, tag_id, asset_id, value) values (5231, 10, 262, '11');
insert into asset (id,name) values (263, 'SAMSUNG Galaxy M32 5G (Sky Blue, 128 GB)');
insert into tagvalue (id, tag_id, asset_id, value) values (5241, 1, 263, 'SAMSUNG Galaxy M32 5G (Sky Blue, 128 GB)');
insert into tagvalue (id, tag_id, asset_id, value) values (5242, 1, 263, '4.2');
insert into tagvalue (id, tag_id, asset_id, value) values (5243, 2, 263, '18999');
insert into tagvalue (id, tag_id, asset_id, value) values (5244, 3, 263, 'https://rukminim2.flixcart.com/image/312/312/xif0q/mobile/z/t/1/-original-imag6jm69crass7p.jpeg?q=70');
insert into tagvalue (id, tag_id, asset_id, value) values (5245, 4, 263, '48');
insert into tagvalue (id, tag_id, asset_id, value) values (5246, 5, 263, 'other_types');
insert into tagvalue (id, tag_id, asset_id, value) values (5247, 6, 263, '5000');
insert into tagvalue (id, tag_id, asset_id, value) values (5248, 7, 263, '128');
insert into tagvalue (id, tag_id, asset_id, value) values (5249, 8, 263, '8');
insert into tagvalue (id, tag_id, asset_id, value) values (5250, 9, 263, 'not mentioned');
insert into tagvalue (id, tag_id, asset_id, value) values (5251, 10, 263, '10');
insert into asset (id,name) values (264, 'SAMSUNG Galaxy M42 5G (Prism Dot Gray, 128 GB)');
insert into tagvalue (id, tag_id, asset_id, value) values (5261, 1, 264, 'SAMSUNG Galaxy M42 5G (Prism Dot Gray, 128 GB)');
insert into tagvalue (id, tag_id, asset_id, value) values (5262, 1, 264, '4.2');
insert into tagvalue (id, tag_id, asset_id, value) values (5263, 2, 264, '20909');
insert into tagvalue (id, tag_id, asset_id, value) values (5264, 3, 264, 'https://rukminim2.flixcart.com/image/312/312/koenl3k0/mobile/z/x/r/galaxy-m42-5g-sm-m426bzkgins-samsung-original-imag2vpg9gthtpgz.jpeg?q=70');
insert into tagvalue (id, tag_id, asset_id, value) values (5265, 4, 264, '48');
insert into tagvalue (id, tag_id, asset_id, value) values (5266, 5, 264, 'AMOLED');
insert into tagvalue (id, tag_id, asset_id, value) values (5267, 6, 264, '5000');
insert into tagvalue (id, tag_id, asset_id, value) values (5268, 7, 264, '128');
insert into tagvalue (id, tag_id, asset_id, value) values (5269, 8, 264, '6');
insert into tagvalue (id, tag_id, asset_id, value) values (5270, 9, 264, 'Snapdragon750G');
insert into tagvalue (id, tag_id, asset_id, value) values (5271, 10, 264, '10');
insert into asset (id,name) values (265, 'SAMSUNG Galaxy M02 (Black, 32 GB)');
insert into tagvalue (id, tag_id, asset_id, value) values (5281, 1, 265, 'SAMSUNG Galaxy M02 (Black, 32 GB)');
insert into tagvalue (id, tag_id, asset_id, value) values (5282, 1, 265, '4.1');
insert into tagvalue (id, tag_id, asset_id, value) values (5283, 2, 265, '7430');
insert into tagvalue (id, tag_id, asset_id, value) values (5284, 3, 265, 'https://rukminim2.flixcart.com/image/312/312/kkzrpu80/mobile/q/0/5/galaxy-m02-b08t2nnt4s1-samsung-original-imagy73chee62pyq.jpeg?q=70');
insert into tagvalue (id, tag_id, asset_id, value) values (5285, 4, 265, '13');
insert into tagvalue (id, tag_id, asset_id, value) values (5286, 5, 265, 'other_types');
insert into tagvalue (id, tag_id, asset_id, value) values (5287, 6, 265, '5000');
insert into tagvalue (id, tag_id, asset_id, value) values (5288, 7, 265, '32');
insert into tagvalue (id, tag_id, asset_id, value) values (5289, 8, 265, '2');
insert into tagvalue (id, tag_id, asset_id, value) values (5290, 9, 265, 'MediaTek');
insert into tagvalue (id, tag_id, asset_id, value) values (5291, 10, 265, '9');
insert into asset (id,name) values (266, 'SAMSUNG Galaxy M32 Prime Edition (Black, 64 GB)');
insert into tagvalue (id, tag_id, asset_id, value) values (5301, 1, 266, 'SAMSUNG Galaxy M32 Prime Edition (Black, 64 GB)');
insert into tagvalue (id, tag_id, asset_id, value) values (5302, 1, 266, '4.2');
insert into tagvalue (id, tag_id, asset_id, value) values (5303, 2, 266, '11400');
insert into tagvalue (id, tag_id, asset_id, value) values (5304, 3, 266, 'https://rukminim2.flixcart.com/image/312/312/xif0q/mobile/q/2/e/-original-imagjhqzefepgn4t.jpeg?q=70');
insert into tagvalue (id, tag_id, asset_id, value) values (5305, 4, 266, '48');
insert into tagvalue (id, tag_id, asset_id, value) values (5306, 5, 266, 'other_types');
insert into tagvalue (id, tag_id, asset_id, value) values (5307, 6, 266, '6000');
insert into tagvalue (id, tag_id, asset_id, value) values (5308, 7, 266, '64');
insert into tagvalue (id, tag_id, asset_id, value) values (5309, 8, 266, '4');
insert into tagvalue (id, tag_id, asset_id, value) values (5310, 9, 266, 'not mentioned');
insert into tagvalue (id, tag_id, asset_id, value) values (5311, 10, 266, '10');
insert into asset (id,name) values (267, 'SAMSUNG Galaxy A21s (Blue, 64 GB)');
insert into tagvalue (id, tag_id, asset_id, value) values (5321, 1, 267, 'SAMSUNG Galaxy A21s (Blue, 64 GB)');
insert into tagvalue (id, tag_id, asset_id, value) values (5322, 1, 267, '4.2');
insert into tagvalue (id, tag_id, asset_id, value) values (5323, 2, 267, '19999');
insert into tagvalue (id, tag_id, asset_id, value) values (5324, 3, 267, 'https://rukminim2.flixcart.com/image/312/312/kbi9h8w0/mobile/q/2/x/samsung-galaxy-a21s-sm-a217fzbfins-original-imafsuyataz9hpmz.jpeg?q=70');
insert into tagvalue (id, tag_id, asset_id, value) values (5325, 4, 267, '32');
insert into tagvalue (id, tag_id, asset_id, value) values (5326, 5, 267, 'other_types');
insert into tagvalue (id, tag_id, asset_id, value) values (5327, 6, 267, '5000');
insert into tagvalue (id, tag_id, asset_id, value) values (5328, 7, 267, '64');
insert into tagvalue (id, tag_id, asset_id, value) values (5329, 8, 267, '6');
insert into tagvalue (id, tag_id, asset_id, value) values (5330, 9, 267, 'not mentioned');
insert into tagvalue (id, tag_id, asset_id, value) values (5331, 10, 267, '11');
insert into asset (id,name) values (268, 'SAMSUNG Galaxy M40 (Midnight Blue, 128 GB)');
insert into tagvalue (id, tag_id, asset_id, value) values (5341, 1, 268, 'SAMSUNG Galaxy M40 (Midnight Blue, 128 GB)');
insert into tagvalue (id, tag_id, asset_id, value) values (5342, 1, 268, '4.0');
insert into tagvalue (id, tag_id, asset_id, value) values (5343, 2, 268, '15798');
insert into tagvalue (id, tag_id, asset_id, value) values (5344, 3, 268, 'https://rukminim2.flixcart.com/image/312/312/k51cpe80pkrrdj/mobile/t/p/8/samsung-galaxy-m40-m40-original-imafgrennxenxgfh.jpeg?q=70');
insert into tagvalue (id, tag_id, asset_id, value) values (5345, 4, 268, '13');
insert into tagvalue (id, tag_id, asset_id, value) values (5346, 5, 268, 'other_types');
insert into tagvalue (id, tag_id, asset_id, value) values (5347, 6, 268, '3500');
insert into tagvalue (id, tag_id, asset_id, value) values (5348, 7, 268, '128');
insert into tagvalue (id, tag_id, asset_id, value) values (5349, 8, 268, '6');
insert into tagvalue (id, tag_id, asset_id, value) values (5350, 9, 268, 'MediaTek');
insert into tagvalue (id, tag_id, asset_id, value) values (5351, 10, 268, '11');
insert into asset (id,name) values (269, 'SAMSUNG Galaxy A12 (Black, 64 GB)');
insert into tagvalue (id, tag_id, asset_id, value) values (5361, 1, 269, 'SAMSUNG Galaxy A12 (Black, 64 GB)');
insert into tagvalue (id, tag_id, asset_id, value) values (5362, 1, 269, '4.3');
insert into tagvalue (id, tag_id, asset_id, value) values (5363, 2, 269, '12999');
insert into tagvalue (id, tag_id, asset_id, value) values (5364, 3, 269, 'https://rukminim2.flixcart.com/image/312/312/krz97rk0/mobile/v/2/z/galaxy-a12-exynos-850-sm-a127fzkjins-samsung-original-imag5n52vuufpgcp.jpeg?q=70');
insert into tagvalue (id, tag_id, asset_id, value) values (5365, 4, 269, '48');
insert into tagvalue (id, tag_id, asset_id, value) values (5366, 5, 269, 'LCD');
insert into tagvalue (id, tag_id, asset_id, value) values (5367, 6, 269, '5000');
insert into tagvalue (id, tag_id, asset_id, value) values (5368, 7, 269, '64');
insert into tagvalue (id, tag_id, asset_id, value) values (5369, 8, 269, '4');
insert into tagvalue (id, tag_id, asset_id, value) values (5370, 9, 269, 'not mentioned');
insert into tagvalue (id, tag_id, asset_id, value) values (5371, 10, 269, '11');
insert into asset (id,name) values (270, 'SAMSUNG Galaxy F12 (Celestial Black, 128 GB)');
insert into tagvalue (id, tag_id, asset_id, value) values (5381, 1, 270, 'SAMSUNG Galaxy F12 (Celestial Black, 128 GB)');
insert into tagvalue (id, tag_id, asset_id, value) values (5382, 1, 270, '3.6');
insert into tagvalue (id, tag_id, asset_id, value) values (5383, 2, 270, '11499');
insert into tagvalue (id, tag_id, asset_id, value) values (5384, 3, 270, 'https://rukminim2.flixcart.com/image/312/312/kn22m4w0/mobile/6/o/e/galaxy-f12-sm-f127gzkgins-samsung-original-imagftmhuqq3arbg.jpeg?q=70');
insert into tagvalue (id, tag_id, asset_id, value) values (5385, 4, 270, '5');
insert into tagvalue (id, tag_id, asset_id, value) values (5386, 5, 270, 'other_types');
insert into tagvalue (id, tag_id, asset_id, value) values (5387, 6, 270, '6000');
insert into tagvalue (id, tag_id, asset_id, value) values (5388, 7, 270, '128');
insert into tagvalue (id, tag_id, asset_id, value) values (5389, 8, 270, '4');
insert into tagvalue (id, tag_id, asset_id, value) values (5390, 9, 270, 'not mentioned');
insert into tagvalue (id, tag_id, asset_id, value) values (5391, 10, 270, '12');
insert into asset (id,name) values (271, 'SAMSUNG Galaxy M32 5G (Slate Black, 128 GB)');
insert into tagvalue (id, tag_id, asset_id, value) values (5401, 1, 271, 'SAMSUNG Galaxy M32 5G (Slate Black, 128 GB)');
insert into tagvalue (id, tag_id, asset_id, value) values (5402, 1, 271, '4.2');
insert into tagvalue (id, tag_id, asset_id, value) values (5403, 2, 271, '18499');
insert into tagvalue (id, tag_id, asset_id, value) values (5404, 3, 271, 'https://rukminim2.flixcart.com/image/312/312/xif0q/mobile/h/z/x/-original-imag6jmvqyef5nyf.jpeg?q=70');
insert into tagvalue (id, tag_id, asset_id, value) values (5405, 4, 271, '64');
insert into tagvalue (id, tag_id, asset_id, value) values (5406, 5, 271, 'other_types');
insert into tagvalue (id, tag_id, asset_id, value) values (5407, 6, 271, '5000');
insert into tagvalue (id, tag_id, asset_id, value) values (5408, 7, 271, '128');
insert into tagvalue (id, tag_id, asset_id, value) values (5409, 8, 271, '8');
insert into tagvalue (id, tag_id, asset_id, value) values (5410, 9, 271, 'Heilo80P');
insert into tagvalue (id, tag_id, asset_id, value) values (5411, 10, 271, '10');
insert into asset (id,name) values (272, 'SAMSUNG Galaxy A32 (Awesome Blue, 128 GB)');
insert into tagvalue (id, tag_id, asset_id, value) values (5421, 1, 272, 'SAMSUNG Galaxy A32 (Awesome Blue, 128 GB)');
insert into tagvalue (id, tag_id, asset_id, value) values (5422, 1, 272, '4.3');
insert into tagvalue (id, tag_id, asset_id, value) values (5423, 2, 272, '23499');
insert into tagvalue (id, tag_id, asset_id, value) values (5424, 3, 272, 'https://rukminim2.flixcart.com/image/312/312/kwmfqfk0/mobile/t/t/6/-original-imag98znfq8jpauy.jpeg?q=70');
insert into tagvalue (id, tag_id, asset_id, value) values (5425, 4, 272, '64');
insert into tagvalue (id, tag_id, asset_id, value) values (5426, 5, 272, 'AMOLED');
insert into tagvalue (id, tag_id, asset_id, value) values (5427, 6, 272, '5000');
insert into tagvalue (id, tag_id, asset_id, value) values (5428, 7, 272, '128');
insert into tagvalue (id, tag_id, asset_id, value) values (5429, 8, 272, '8');
insert into tagvalue (id, tag_id, asset_id, value) values (5430, 9, 272, 'not mentioned');
insert into tagvalue (id, tag_id, asset_id, value) values (5431, 10, 272, '10');
insert into asset (id,name) values (273, 'SAMSUNG Galaxy M32 Prime Edition (Black, 128 GB)');
insert into tagvalue (id, tag_id, asset_id, value) values (5441, 1, 273, 'SAMSUNG Galaxy M32 Prime Edition (Black, 128 GB)');
insert into tagvalue (id, tag_id, asset_id, value) values (5442, 1, 273, '4.3');
insert into tagvalue (id, tag_id, asset_id, value) values (5443, 2, 273, '14499');
insert into tagvalue (id, tag_id, asset_id, value) values (5444, 3, 273, 'https://rukminim2.flixcart.com/image/312/312/xif0q/mobile/q/2/e/-original-imagjhqzefepgn4t.jpeg?q=70');
insert into tagvalue (id, tag_id, asset_id, value) values (5445, 4, 273, '48');
insert into tagvalue (id, tag_id, asset_id, value) values (5446, 5, 273, 'other_types');
insert into tagvalue (id, tag_id, asset_id, value) values (5447, 6, 273, '6000');
insert into tagvalue (id, tag_id, asset_id, value) values (5448, 7, 273, '128');
insert into tagvalue (id, tag_id, asset_id, value) values (5449, 8, 273, '6');
insert into tagvalue (id, tag_id, asset_id, value) values (5450, 9, 273, 'not mentioned');
insert into tagvalue (id, tag_id, asset_id, value) values (5451, 10, 273, '13');
insert into asset (id,name) values (274, 'SAMSUNG Galaxy A51 (Prism Crush Blue, 128 GB)');
insert into tagvalue (id, tag_id, asset_id, value) values (5461, 1, 274, 'SAMSUNG Galaxy A51 (Prism Crush Blue, 128 GB)');
insert into tagvalue (id, tag_id, asset_id, value) values (5462, 1, 274, '4.2');
insert into tagvalue (id, tag_id, asset_id, value) values (5463, 2, 274, '27999');
insert into tagvalue (id, tag_id, asset_id, value) values (5464, 3, 274, 'https://rukminim2.flixcart.com/image/312/312/k62i5jk0/mobile/c/n/s/samsung-galaxy-a51-sm-a515fzbhins-original-imafzhr4cqc4wqnf.jpeg?q=70');
insert into tagvalue (id, tag_id, asset_id, value) values (5465, 4, 274, '13');
insert into tagvalue (id, tag_id, asset_id, value) values (5466, 5, 274, 'AMOLED');
insert into tagvalue (id, tag_id, asset_id, value) values (5467, 6, 274, '4000');
insert into tagvalue (id, tag_id, asset_id, value) values (5468, 7, 274, '128');
insert into tagvalue (id, tag_id, asset_id, value) values (5469, 8, 274, '8');
insert into tagvalue (id, tag_id, asset_id, value) values (5470, 9, 274, 'Snapdragon450');
insert into tagvalue (id, tag_id, asset_id, value) values (5471, 10, 274, '5');
insert into asset (id,name) values (275, 'SAMSUNG Galaxy F02s (Diamond Blue, 32 GB)');
insert into tagvalue (id, tag_id, asset_id, value) values (5481, 1, 275, 'SAMSUNG Galaxy F02s (Diamond Blue, 32 GB)');
insert into tagvalue (id, tag_id, asset_id, value) values (5482, 1, 275, '4.2');
insert into tagvalue (id, tag_id, asset_id, value) values (5483, 2, 275, '9499');
insert into tagvalue (id, tag_id, asset_id, value) values (5484, 3, 275, 'https://rukminim2.flixcart.com/image/312/312/kn22m4w0/mobile/t/z/7/galaxy-f02s-sm-e025fdbfins-samsung-original-imagfthzytxvkmb2.jpeg?q=70');
insert into tagvalue (id, tag_id, asset_id, value) values (5485, 4, 275, '48');
insert into tagvalue (id, tag_id, asset_id, value) values (5486, 5, 275, 'other_types');
insert into tagvalue (id, tag_id, asset_id, value) values (5487, 6, 275, '5000');
insert into tagvalue (id, tag_id, asset_id, value) values (5488, 7, 275, '32');
insert into tagvalue (id, tag_id, asset_id, value) values (5489, 8, 275, '3');
insert into tagvalue (id, tag_id, asset_id, value) values (5490, 9, 275, 'Dimensity1080,');
insert into tagvalue (id, tag_id, asset_id, value) values (5491, 10, 275, '1');
insert into asset (id,name) values (276, 'SAMSUNG Galaxy M32 5G (Sky Blue, 128 GB)');
insert into tagvalue (id, tag_id, asset_id, value) values (5501, 1, 276, 'SAMSUNG Galaxy M32 5G (Sky Blue, 128 GB)');
insert into tagvalue (id, tag_id, asset_id, value) values (5502, 1, 276, '4.2');
insert into tagvalue (id, tag_id, asset_id, value) values (5503, 2, 276, '19999');
insert into tagvalue (id, tag_id, asset_id, value) values (5504, 3, 276, 'https://rukminim2.flixcart.com/image/312/312/xif0q/mobile/z/t/1/-original-imag6jm69crass7p.jpeg?q=70');
insert into tagvalue (id, tag_id, asset_id, value) values (5505, 4, 276, '13');
insert into tagvalue (id, tag_id, asset_id, value) values (5506, 5, 276, 'other_types');
insert into tagvalue (id, tag_id, asset_id, value) values (5507, 6, 276, '5000');
insert into tagvalue (id, tag_id, asset_id, value) values (5508, 7, 276, '128');
insert into tagvalue (id, tag_id, asset_id, value) values (5509, 8, 276, '8');
insert into tagvalue (id, tag_id, asset_id, value) values (5510, 9, 276, 'Snapdragon410');
insert into tagvalue (id, tag_id, asset_id, value) values (5511, 10, 276, '11');
insert into asset (id,name) values (277, 'SAMSUNG Galaxy A12 (Blue, 128 GB)');
insert into tagvalue (id, tag_id, asset_id, value) values (5521, 1, 277, 'SAMSUNG Galaxy A12 (Blue, 128 GB)');
insert into tagvalue (id, tag_id, asset_id, value) values (5522, 1, 277, '4.8');
insert into tagvalue (id, tag_id, asset_id, value) values (5523, 2, 277, '14999');
insert into tagvalue (id, tag_id, asset_id, value) values (5524, 3, 277, 'https://rukminim2.flixcart.com/image/312/312/klb78nk0/mobile/p/y/q/galaxy-a12-sm-a125fzbhins-samsung-original-imagyg84zadwb7xx.jpeg?q=70');
insert into tagvalue (id, tag_id, asset_id, value) values (5525, 4, 277, '8');
insert into tagvalue (id, tag_id, asset_id, value) values (5526, 5, 277, 'LCD');
insert into tagvalue (id, tag_id, asset_id, value) values (5527, 6, 277, '5000');
insert into tagvalue (id, tag_id, asset_id, value) values (5528, 7, 277, '128');
insert into tagvalue (id, tag_id, asset_id, value) values (5529, 8, 277, '4');
insert into tagvalue (id, tag_id, asset_id, value) values (5530, 9, 277, 'not mentioned');
insert into tagvalue (id, tag_id, asset_id, value) values (5531, 10, 277, '11');
insert into asset (id,name) values (278, 'SAMSUNG M21 2021 Edition (Charcoal Black, 64 GB)');
insert into tagvalue (id, tag_id, asset_id, value) values (5541, 1, 278, 'SAMSUNG M21 2021 Edition (Charcoal Black, 64 GB)');
insert into tagvalue (id, tag_id, asset_id, value) values (5542, 1, 278, '4.2');
insert into tagvalue (id, tag_id, asset_id, value) values (5543, 2, 278, '11530');
insert into tagvalue (id, tag_id, asset_id, value) values (5544, 3, 278, 'https://rukminim2.flixcart.com/image/312/312/krp94sw0/mobile/n/j/2/m21-2021-edition-sm-m215gzkhins-samsung-original-imag5fgngku8xcqn.jpeg?q=70');
insert into tagvalue (id, tag_id, asset_id, value) values (5545, 4, 278, '48');
insert into tagvalue (id, tag_id, asset_id, value) values (5546, 5, 278, 'other_types');
insert into tagvalue (id, tag_id, asset_id, value) values (5547, 6, 278, '6000');
insert into tagvalue (id, tag_id, asset_id, value) values (5548, 7, 278, '64');
insert into tagvalue (id, tag_id, asset_id, value) values (5549, 8, 278, '4');
insert into tagvalue (id, tag_id, asset_id, value) values (5550, 9, 278, 'not mentioned');
insert into tagvalue (id, tag_id, asset_id, value) values (5551, 10, 278, '10');
insert into asset (id,name) values (279, 'SAMSUNG Galaxy A52 (Awesome Violet, 128 GB)');
insert into tagvalue (id, tag_id, asset_id, value) values (5561, 1, 279, 'SAMSUNG Galaxy A52 (Awesome Violet, 128 GB)');
insert into tagvalue (id, tag_id, asset_id, value) values (5562, 1, 279, '4.3');
insert into tagvalue (id, tag_id, asset_id, value) values (5563, 2, 279, '31999');
insert into tagvalue (id, tag_id, asset_id, value) values (5564, 3, 279, 'https://rukminim2.flixcart.com/image/312/312/kmf7ki80/mobile/z/w/q/galaxy-a52-sm-a525flvhins-samsung-original-imagfb4x2yshzagy.jpeg?q=70');
insert into tagvalue (id, tag_id, asset_id, value) values (5565, 4, 279, '64');
insert into tagvalue (id, tag_id, asset_id, value) values (5566, 5, 279, 'HD+ AMOLED');
insert into tagvalue (id, tag_id, asset_id, value) values (5567, 6, 279, '4500');
insert into tagvalue (id, tag_id, asset_id, value) values (5568, 7, 279, '128');
insert into tagvalue (id, tag_id, asset_id, value) values (5569, 8, 279, '8');
insert into tagvalue (id, tag_id, asset_id, value) values (5570, 9, 279, 'Snapdragon720GProcessor');
insert into tagvalue (id, tag_id, asset_id, value) values (5571, 10, 279, '11');
insert into asset (id,name) values (280, 'SAMSUNG M02s (Black, 64 GB)');
insert into tagvalue (id, tag_id, asset_id, value) values (5581, 1, 280, 'SAMSUNG M02s (Black, 64 GB)');
insert into tagvalue (id, tag_id, asset_id, value) values (5582, 1, 280, '4.2');
insert into tagvalue (id, tag_id, asset_id, value) values (5583, 2, 280, '10190');
insert into tagvalue (id, tag_id, asset_id, value) values (5584, 3, 280, 'https://rukminim2.flixcart.com/image/312/312/kk2wl8w0/mobile/i/t/a/m02s-sb08rswhmz61-samsung-original-imafzg4azbgz4c3y.jpeg?q=70');
insert into tagvalue (id, tag_id, asset_id, value) values (5585, 4, 280, '13');
insert into tagvalue (id, tag_id, asset_id, value) values (5586, 5, 280, 'other_types');
insert into tagvalue (id, tag_id, asset_id, value) values (5587, 6, 280, '5000');
insert into tagvalue (id, tag_id, asset_id, value) values (5588, 7, 280, '64');
insert into tagvalue (id, tag_id, asset_id, value) values (5589, 8, 280, '4');
insert into tagvalue (id, tag_id, asset_id, value) values (5590, 9, 280, 'Snapdragon450P');
insert into tagvalue (id, tag_id, asset_id, value) values (5591, 10, 280, '6');
insert into asset (id,name) values (281, 'SAMSUNG Galaxy M32 (Black, 128 GB)');
insert into tagvalue (id, tag_id, asset_id, value) values (5601, 1, 281, 'SAMSUNG Galaxy M32 (Black, 128 GB)');
insert into tagvalue (id, tag_id, asset_id, value) values (5602, 1, 281, '4.3');
insert into tagvalue (id, tag_id, asset_id, value) values (5603, 2, 281, '13402');
insert into tagvalue (id, tag_id, asset_id, value) values (5604, 3, 281, 'https://rukminim2.flixcart.com/image/312/312/xif0q/mobile/q/c/r/-original-imag4pfhh7mycw2u.jpeg?q=70');
insert into tagvalue (id, tag_id, asset_id, value) values (5605, 4, 281, '64');
insert into tagvalue (id, tag_id, asset_id, value) values (5606, 5, 281, 'other_types');
insert into tagvalue (id, tag_id, asset_id, value) values (5607, 6, 281, '6000');
insert into tagvalue (id, tag_id, asset_id, value) values (5608, 7, 281, '128');
insert into tagvalue (id, tag_id, asset_id, value) values (5609, 8, 281, '6');
insert into tagvalue (id, tag_id, asset_id, value) values (5610, 9, 281, 'not mentioned');
insert into tagvalue (id, tag_id, asset_id, value) values (5611, 10, 281, '12');
insert into asset (id,name) values (282, 'SAMSUNG Galaxy On Nxt (Black, 16 GB)');
insert into tagvalue (id, tag_id, asset_id, value) values (5621, 1, 282, 'SAMSUNG Galaxy On Nxt (Black, 16 GB)');
insert into tagvalue (id, tag_id, asset_id, value) values (5622, 1, 282, '4.1');
insert into tagvalue (id, tag_id, asset_id, value) values (5623, 2, 282, '11200');
insert into tagvalue (id, tag_id, asset_id, value) values (5624, 3, 282, 'https://rukminim2.flixcart.com/image/312/312/jbqtqq80/mobile/e/z/z/samsung-galaxy-on-nxt-sm-g610fzkiins-original-imafff34qgyjw5pb.jpeg?q=70');
insert into tagvalue (id, tag_id, asset_id, value) values (5625, 4, 282, '13');
insert into tagvalue (id, tag_id, asset_id, value) values (5626, 5, 282, 'other_types');
insert into tagvalue (id, tag_id, asset_id, value) values (5627, 6, 282, '3300');
insert into tagvalue (id, tag_id, asset_id, value) values (5628, 7, 282, '16');
insert into tagvalue (id, tag_id, asset_id, value) values (5629, 8, 282, '3');
insert into tagvalue (id, tag_id, asset_id, value) values (5630, 9, 282, 'not mentioned');
insert into tagvalue (id, tag_id, asset_id, value) values (5631, 10, 282, '11');
insert into asset (id,name) values (283, 'SAMSUNG Galaxy A33 (Awesome White, 128 GB)');
insert into tagvalue (id, tag_id, asset_id, value) values (5641, 1, 283, 'SAMSUNG Galaxy A33 (Awesome White, 128 GB)');
insert into tagvalue (id, tag_id, asset_id, value) values (5642, 1, 283, '4.3');
insert into tagvalue (id, tag_id, asset_id, value) values (5643, 2, 283, '25999');
insert into tagvalue (id, tag_id, asset_id, value) values (5644, 3, 283, 'https://rukminim2.flixcart.com/image/312/312/l3xcr680/mobile/9/8/x/-original-imagexexsaxegzxk.jpeg?q=70');
insert into tagvalue (id, tag_id, asset_id, value) values (5645, 4, 283, '48');
insert into tagvalue (id, tag_id, asset_id, value) values (5646, 5, 283, 'other_types');
insert into tagvalue (id, tag_id, asset_id, value) values (5647, 6, 283, '5000');
insert into tagvalue (id, tag_id, asset_id, value) values (5648, 7, 283, '128');
insert into tagvalue (id, tag_id, asset_id, value) values (5649, 8, 283, '6');
insert into tagvalue (id, tag_id, asset_id, value) values (5650, 9, 283, 'not mentioned');
insert into tagvalue (id, tag_id, asset_id, value) values (5651, 10, 283, '11');
insert into asset (id,name) values (284, 'SAMSUNG Galaxy A22 5G (Mint, 128 GB)');
insert into tagvalue (id, tag_id, asset_id, value) values (5661, 1, 284, 'SAMSUNG Galaxy A22 5G (Mint, 128 GB)');
insert into tagvalue (id, tag_id, asset_id, value) values (5662, 1, 284, '4.2');
insert into tagvalue (id, tag_id, asset_id, value) values (5663, 2, 284, '19999');
insert into tagvalue (id, tag_id, asset_id, value) values (5664, 3, 284, 'https://rukminim2.flixcart.com/image/312/312/krme93k0/mobile/k/x/5/galaxy-a22-5g-sm-a226blghins-samsung-original-imag5dgzhyf8gjta.jpeg?q=70');
insert into tagvalue (id, tag_id, asset_id, value) values (5665, 4, 284, '48');
insert into tagvalue (id, tag_id, asset_id, value) values (5666, 5, 284, 'TFT');
insert into tagvalue (id, tag_id, asset_id, value) values (5667, 6, 284, '5000');
insert into tagvalue (id, tag_id, asset_id, value) values (5668, 7, 284, '128');
insert into tagvalue (id, tag_id, asset_id, value) values (5669, 8, 284, '6');
insert into tagvalue (id, tag_id, asset_id, value) values (5670, 9, 284, 'Dimensity700');
insert into tagvalue (id, tag_id, asset_id, value) values (5671, 10, 284, '10');
insert into asset (id,name) values (285, 'SAMSUNG Galaxy M32 5G (Slate Black, 128 GB)');
insert into tagvalue (id, tag_id, asset_id, value) values (5681, 1, 285, 'SAMSUNG Galaxy M32 5G (Slate Black, 128 GB)');
insert into tagvalue (id, tag_id, asset_id, value) values (5682, 1, 285, '4.2');
insert into tagvalue (id, tag_id, asset_id, value) values (5683, 2, 285, '19000');
insert into tagvalue (id, tag_id, asset_id, value) values (5684, 3, 285, 'https://rukminim2.flixcart.com/image/312/312/xif0q/mobile/h/z/x/-original-imag6jmvqyef5nyf.jpeg?q=70');
insert into tagvalue (id, tag_id, asset_id, value) values (5685, 4, 285, '64');
insert into tagvalue (id, tag_id, asset_id, value) values (5686, 5, 285, 'other_types');
insert into tagvalue (id, tag_id, asset_id, value) values (5687, 6, 285, '6000');
insert into tagvalue (id, tag_id, asset_id, value) values (5688, 7, 285, '128');
insert into tagvalue (id, tag_id, asset_id, value) values (5689, 8, 285, '8');
insert into tagvalue (id, tag_id, asset_id, value) values (5690, 9, 285, 'not mentioned');
insert into tagvalue (id, tag_id, asset_id, value) values (5691, 10, 285, '11');
insert into asset (id,name) values (286, 'SAMSUNG Galaxy M31s (Mirage Black, 128 GB)');
insert into tagvalue (id, tag_id, asset_id, value) values (5701, 1, 286, 'SAMSUNG Galaxy M31s (Mirage Black, 128 GB)');
insert into tagvalue (id, tag_id, asset_id, value) values (5702, 1, 286, '4.3');
insert into tagvalue (id, tag_id, asset_id, value) values (5703, 2, 286, '17999');
insert into tagvalue (id, tag_id, asset_id, value) values (5704, 3, 286, 'https://rukminim2.flixcart.com/image/312/312/keekmfk0/mobile/n/g/p/samsung-galaxy-m31s-sm-m317fzkdins-original-imafv3py9qnwfeft.jpeg?q=70');
insert into tagvalue (id, tag_id, asset_id, value) values (5705, 4, 286, '48');
insert into tagvalue (id, tag_id, asset_id, value) values (5706, 5, 286, 'other_types');
insert into tagvalue (id, tag_id, asset_id, value) values (5707, 6, 286, '6000');
insert into tagvalue (id, tag_id, asset_id, value) values (5708, 7, 286, '128');
insert into tagvalue (id, tag_id, asset_id, value) values (5709, 8, 286, '6');
insert into tagvalue (id, tag_id, asset_id, value) values (5710, 9, 286, 'not mentioned');
insert into tagvalue (id, tag_id, asset_id, value) values (5711, 10, 286, '12');
insert into asset (id,name) values (287, 'SAMSUNG Galaxy F22 (Denim Black, 64 GB)');
insert into tagvalue (id, tag_id, asset_id, value) values (5721, 1, 287, 'SAMSUNG Galaxy F22 (Denim Black, 64 GB)');
insert into tagvalue (id, tag_id, asset_id, value) values (5722, 1, 287, '4.3');
insert into tagvalue (id, tag_id, asset_id, value) values (5723, 2, 287, '11499');
insert into tagvalue (id, tag_id, asset_id, value) values (5724, 3, 287, 'https://rukminim2.flixcart.com/image/312/312/kqqykcw0/mobile/p/y/u/galaxy-f22-sm-e225fzkhins-samsung-original-imag4z99fagskjxd.jpeg?q=70');
insert into tagvalue (id, tag_id, asset_id, value) values (5725, 4, 287, '50');
insert into tagvalue (id, tag_id, asset_id, value) values (5726, 5, 287, 'other_types');
insert into tagvalue (id, tag_id, asset_id, value) values (5727, 6, 287, '6000');
insert into tagvalue (id, tag_id, asset_id, value) values (5728, 7, 287, '64');
insert into tagvalue (id, tag_id, asset_id, value) values (5729, 8, 287, '4');
insert into tagvalue (id, tag_id, asset_id, value) values (5730, 9, 287, 'Heilo80P');
insert into tagvalue (id, tag_id, asset_id, value) values (5731, 10, 287, '11');
insert into asset (id,name) values (288, 'SAMSUNG Galaxy A23 (Peach, 128 GB)');
insert into tagvalue (id, tag_id, asset_id, value) values (5741, 1, 288, 'SAMSUNG Galaxy A23 (Peach, 128 GB)');
insert into tagvalue (id, tag_id, asset_id, value) values (5742, 1, 288, '4.3');
insert into tagvalue (id, tag_id, asset_id, value) values (5743, 2, 288, '18999');
insert into tagvalue (id, tag_id, asset_id, value) values (5744, 3, 288, 'https://rukminim2.flixcart.com/image/312/312/l19m93k0/mobile/5/k/x/-original-imagcv8jubmd9pb6.jpeg?q=70');
insert into tagvalue (id, tag_id, asset_id, value) values (5745, 4, 288, '64');
insert into tagvalue (id, tag_id, asset_id, value) values (5746, 5, 288, 'other_types');
insert into tagvalue (id, tag_id, asset_id, value) values (5747, 6, 288, '5000');
insert into tagvalue (id, tag_id, asset_id, value) values (5748, 7, 288, '128');
insert into tagvalue (id, tag_id, asset_id, value) values (5749, 8, 288, '8');
insert into tagvalue (id, tag_id, asset_id, value) values (5750, 9, 288, 'not mentioned');
insert into tagvalue (id, tag_id, asset_id, value) values (5751, 10, 288, '10');
insert into asset (id,name) values (289, 'SAMSUNG Galaxy F62 (Laser Grey, 128 GB)');
insert into tagvalue (id, tag_id, asset_id, value) values (5761, 1, 289, 'SAMSUNG Galaxy F62 (Laser Grey, 128 GB)');
insert into tagvalue (id, tag_id, asset_id, value) values (5762, 1, 289, '4.0');
insert into tagvalue (id, tag_id, asset_id, value) values (5763, 2, 289, '25999');
insert into tagvalue (id, tag_id, asset_id, value) values (5764, 3, 289, 'https://rukminim2.flixcart.com/image/312/312/klb78nk0/mobile/4/y/h/galaxy-f62-sm-e625fzkdins-samsung-original-imagygxzrsmbhptk.jpeg?q=70');
insert into tagvalue (id, tag_id, asset_id, value) values (5765, 4, 289, '13');
insert into tagvalue (id, tag_id, asset_id, value) values (5766, 5, 289, 'HD+ AMOLED');
insert into tagvalue (id, tag_id, asset_id, value) values (5767, 6, 289, '7000');
insert into tagvalue (id, tag_id, asset_id, value) values (5768, 7, 289, '128');
insert into tagvalue (id, tag_id, asset_id, value) values (5769, 8, 289, '8');
insert into tagvalue (id, tag_id, asset_id, value) values (5770, 9, 289, 'not mentioned');
insert into tagvalue (id, tag_id, asset_id, value) values (5771, 10, 289, '11');
insert into asset (id,name) values (290, 'SAMSUNG Galaxy M02 (Blue, 32 GB)');
insert into tagvalue (id, tag_id, asset_id, value) values (5781, 1, 290, 'SAMSUNG Galaxy M02 (Blue, 32 GB)');
insert into tagvalue (id, tag_id, asset_id, value) values (5782, 1, 290, '4.0');
insert into tagvalue (id, tag_id, asset_id, value) values (5783, 2, 290, '7399');
insert into tagvalue (id, tag_id, asset_id, value) values (5784, 3, 290, 'https://rukminim2.flixcart.com/image/312/312/kkzrpu80/mobile/x/x/u/galaxy-m02-b08t2nnt4s3-samsung-original-imagy73c8fubvzg3.jpeg?q=70');
insert into tagvalue (id, tag_id, asset_id, value) values (5785, 4, 290, '13');
insert into tagvalue (id, tag_id, asset_id, value) values (5786, 5, 290, 'other_types');
insert into tagvalue (id, tag_id, asset_id, value) values (5787, 6, 290, '5000');
insert into tagvalue (id, tag_id, asset_id, value) values (5788, 7, 290, '32');
insert into tagvalue (id, tag_id, asset_id, value) values (5789, 8, 290, '2');
insert into tagvalue (id, tag_id, asset_id, value) values (5790, 9, 290, 'MediaTek');
insert into tagvalue (id, tag_id, asset_id, value) values (5791, 10, 290, '10');
insert into asset (id,name) values (291, 'SAMSUNG Galaxy A03s (White, 64 GB)');
insert into tagvalue (id, tag_id, asset_id, value) values (5801, 1, 291, 'SAMSUNG Galaxy A03s (White, 64 GB)');
insert into tagvalue (id, tag_id, asset_id, value) values (5802, 1, 291, '4.2');
insert into tagvalue (id, tag_id, asset_id, value) values (5803, 2, 291, '14499');
insert into tagvalue (id, tag_id, asset_id, value) values (5804, 3, 291, 'https://rukminim2.flixcart.com/image/312/312/ksgehzk0/mobile/j/9/r/galaxy-a03s-sm-a037fzwgins-sm-a037fzw6ins-samsung-original-imag6ygqbmhzgevh.jpeg?q=70');
insert into tagvalue (id, tag_id, asset_id, value) values (5805, 4, 291, '48');
insert into tagvalue (id, tag_id, asset_id, value) values (5806, 5, 291, 'LCD');
insert into tagvalue (id, tag_id, asset_id, value) values (5807, 6, 291, '5000');
insert into tagvalue (id, tag_id, asset_id, value) values (5808, 7, 291, '64');
insert into tagvalue (id, tag_id, asset_id, value) values (5809, 8, 291, '4');
insert into tagvalue (id, tag_id, asset_id, value) values (5810, 9, 291, 'Heilo356765');
insert into tagvalue (id, tag_id, asset_id, value) values (5811, 10, 291, '10');
insert into asset (id,name) values (292, 'SAMSUNG Galaxy A21s (White, 64 GB)');
insert into tagvalue (id, tag_id, asset_id, value) values (5821, 1, 292, 'SAMSUNG Galaxy A21s (White, 64 GB)');
insert into tagvalue (id, tag_id, asset_id, value) values (5822, 1, 292, '4.0');
insert into tagvalue (id, tag_id, asset_id, value) values (5823, 2, 292, '13999');
insert into tagvalue (id, tag_id, asset_id, value) values (5824, 3, 292, 'https://rukminim2.flixcart.com/image/312/312/kbi9h8w0/mobile/q/z/t/samsung-galaxy-a21s-sm-a217fzwfins-original-imafsuyavazdt7rq.jpeg?q=70');
insert into tagvalue (id, tag_id, asset_id, value) values (5825, 4, 292, '13');
insert into tagvalue (id, tag_id, asset_id, value) values (5826, 5, 292, 'other_types');
insert into tagvalue (id, tag_id, asset_id, value) values (5827, 6, 292, '5000');
insert into tagvalue (id, tag_id, asset_id, value) values (5828, 7, 292, '64');
insert into tagvalue (id, tag_id, asset_id, value) values (5829, 8, 292, '4');
insert into tagvalue (id, tag_id, asset_id, value) values (5830, 9, 292, 'not mentioned');
insert into tagvalue (id, tag_id, asset_id, value) values (5831, 10, 292, '6');
insert into asset (id,name) values (293, 'SAMSUNG Galaxy M02 (Gray, 32 GB)');
insert into tagvalue (id, tag_id, asset_id, value) values (5841, 1, 293, 'SAMSUNG Galaxy M02 (Gray, 32 GB)');
insert into tagvalue (id, tag_id, asset_id, value) values (5842, 1, 293, '3.9');
insert into tagvalue (id, tag_id, asset_id, value) values (5843, 2, 293, '7364');
insert into tagvalue (id, tag_id, asset_id, value) values (5844, 3, 293, 'https://rukminim2.flixcart.com/image/312/312/kkzrpu80/mobile/b/e/u/galaxy-m02-b08t2nnt4s5-samsung-original-imagy73cteuu4kfj.jpeg?q=70');
insert into tagvalue (id, tag_id, asset_id, value) values (5845, 4, 293, '16');
insert into tagvalue (id, tag_id, asset_id, value) values (5846, 5, 293, 'other_types');
insert into tagvalue (id, tag_id, asset_id, value) values (5847, 6, 293, '5000');
insert into tagvalue (id, tag_id, asset_id, value) values (5848, 7, 293, '32');
insert into tagvalue (id, tag_id, asset_id, value) values (5849, 8, 293, '2');
insert into tagvalue (id, tag_id, asset_id, value) values (5850, 9, 293, 'MediaTek');
insert into tagvalue (id, tag_id, asset_id, value) values (5851, 10, 293, '12');
insert into asset (id,name) values (294, 'SAMSUNG Galaxy A7-2017 (Gold Sand, 32 GB)');
insert into tagvalue (id, tag_id, asset_id, value) values (5861, 1, 294, 'SAMSUNG Galaxy A7-2017 (Gold Sand, 32 GB)');
insert into tagvalue (id, tag_id, asset_id, value) values (5862, 1, 294, '4.3');
insert into tagvalue (id, tag_id, asset_id, value) values (5863, 2, 294, '25900');
insert into tagvalue (id, tag_id, asset_id, value) values (5864, 3, 294, 'https://rukminim2.flixcart.com/image/312/312/j5lchow0/mobile/a/c/z/samsung-galaxy-a7-2017-sm-a720fzddins-original-imaew8vk2vkt4kgc.jpeg?q=70');
insert into tagvalue (id, tag_id, asset_id, value) values (5865, 4, 294, '64');
insert into tagvalue (id, tag_id, asset_id, value) values (5866, 5, 294, 'other_types');
insert into tagvalue (id, tag_id, asset_id, value) values (5867, 6, 294, '3600');
insert into tagvalue (id, tag_id, asset_id, value) values (5868, 7, 294, '32');
insert into tagvalue (id, tag_id, asset_id, value) values (5869, 8, 294, '3');
insert into tagvalue (id, tag_id, asset_id, value) values (5870, 9, 294, 'not mentioned');
insert into tagvalue (id, tag_id, asset_id, value) values (5871, 10, 294, '12');
insert into asset (id,name) values (295, 'SAMSUNG Galaxy M32 Prime Edition (Light Blue, 128 GB)');
insert into tagvalue (id, tag_id, asset_id, value) values (5881, 1, 295, 'SAMSUNG Galaxy M32 Prime Edition (Light Blue, 128 GB)');
insert into tagvalue (id, tag_id, asset_id, value) values (5882, 1, 295, '4.1');
insert into tagvalue (id, tag_id, asset_id, value) values (5883, 2, 295, '14640');
insert into tagvalue (id, tag_id, asset_id, value) values (5884, 3, 295, 'https://rukminim2.flixcart.com/image/312/312/xif0q/mobile/r/f/n/-original-imagjhr894wgfzzc.jpeg?q=70');
insert into tagvalue (id, tag_id, asset_id, value) values (5885, 4, 295, '50');
insert into tagvalue (id, tag_id, asset_id, value) values (5886, 5, 295, 'other_types');
insert into tagvalue (id, tag_id, asset_id, value) values (5887, 6, 295, '6000');
insert into tagvalue (id, tag_id, asset_id, value) values (5888, 7, 295, '128');
insert into tagvalue (id, tag_id, asset_id, value) values (5889, 8, 295, '6');
insert into tagvalue (id, tag_id, asset_id, value) values (5890, 9, 295, 'not mentioned');
insert into tagvalue (id, tag_id, asset_id, value) values (5891, 10, 295, '10');
insert into asset (id,name) values (296, 'SAMSUNG Galaxy A13 (Peach, 128 GB)');
insert into tagvalue (id, tag_id, asset_id, value) values (5901, 1, 296, 'SAMSUNG Galaxy A13 (Peach, 128 GB)');
insert into tagvalue (id, tag_id, asset_id, value) values (5902, 1, 296, '4.0');
insert into tagvalue (id, tag_id, asset_id, value) values (5903, 2, 296, '14999');
insert into tagvalue (id, tag_id, asset_id, value) values (5904, 3, 296, 'https://rukminim2.flixcart.com/image/312/312/l19m93k0/mobile/w/g/x/-original-imagcv74zmfuu3cx.jpeg?q=70');
insert into tagvalue (id, tag_id, asset_id, value) values (5905, 4, 296, '3');
insert into tagvalue (id, tag_id, asset_id, value) values (5906, 5, 296, 'other_types');
insert into tagvalue (id, tag_id, asset_id, value) values (5907, 6, 296, '5000');
insert into tagvalue (id, tag_id, asset_id, value) values (5908, 7, 296, '128');
insert into tagvalue (id, tag_id, asset_id, value) values (5909, 8, 296, '4');
insert into tagvalue (id, tag_id, asset_id, value) values (5910, 9, 296, 'not mentioned');
insert into tagvalue (id, tag_id, asset_id, value) values (5911, 10, 296, '11');
insert into asset (id,name) values (297, 'SAMSUNG Galaxy A12 (Black, 64 GB)');
insert into tagvalue (id, tag_id, asset_id, value) values (5921, 1, 297, 'SAMSUNG Galaxy A12 (Black, 64 GB)');
insert into tagvalue (id, tag_id, asset_id, value) values (5922, 1, 297, '4.3');
insert into tagvalue (id, tag_id, asset_id, value) values (5923, 2, 297, '13999');
insert into tagvalue (id, tag_id, asset_id, value) values (5924, 3, 297, 'https://rukminim2.flixcart.com/image/312/312/klb78nk0/mobile/e/8/v/galaxy-a12-sm-a125fzkgins-samsung-original-imagyg84vawdfeay.jpeg?q=70');
insert into tagvalue (id, tag_id, asset_id, value) values (5925, 4, 297, '64');
insert into tagvalue (id, tag_id, asset_id, value) values (5926, 5, 297, 'LCD');
insert into tagvalue (id, tag_id, asset_id, value) values (5927, 6, 297, '5000');
insert into tagvalue (id, tag_id, asset_id, value) values (5928, 7, 297, '64');
insert into tagvalue (id, tag_id, asset_id, value) values (5929, 8, 297, '4');
insert into tagvalue (id, tag_id, asset_id, value) values (5930, 9, 297, 'not mentioned');
insert into tagvalue (id, tag_id, asset_id, value) values (5931, 10, 297, '12');
insert into asset (id,name) values (298, 'SAMSUNG Galaxy A22 5G (Mint, 128 GB)');
insert into tagvalue (id, tag_id, asset_id, value) values (5941, 1, 298, 'SAMSUNG Galaxy A22 5G (Mint, 128 GB)');
insert into tagvalue (id, tag_id, asset_id, value) values (5942, 1, 298, '4.1');
insert into tagvalue (id, tag_id, asset_id, value) values (5943, 2, 298, '17700');
insert into tagvalue (id, tag_id, asset_id, value) values (5944, 3, 298, 'https://rukminim2.flixcart.com/image/312/312/krme93k0/mobile/k/x/5/galaxy-a22-5g-sm-a226blghins-samsung-original-imag5dgzhyf8gjta.jpeg?q=70');
insert into tagvalue (id, tag_id, asset_id, value) values (5945, 4, 298, '48');
insert into tagvalue (id, tag_id, asset_id, value) values (5946, 5, 298, 'TFT');
insert into tagvalue (id, tag_id, asset_id, value) values (5947, 6, 298, '5000');
insert into tagvalue (id, tag_id, asset_id, value) values (5948, 7, 298, '128');
insert into tagvalue (id, tag_id, asset_id, value) values (5949, 8, 298, '8');
insert into tagvalue (id, tag_id, asset_id, value) values (5950, 9, 298, 'Dimensity700');
insert into tagvalue (id, tag_id, asset_id, value) values (5951, 10, 298, '11');
insert into asset (id,name) values (299, 'SAMSUNG Galaxy M32 Prime Edition (Light Blue, 128 GB)');
insert into tagvalue (id, tag_id, asset_id, value) values (5961, 1, 299, 'SAMSUNG Galaxy M32 Prime Edition (Light Blue, 128 GB)');
insert into tagvalue (id, tag_id, asset_id, value) values (5962, 1, 299, '4.3');
insert into tagvalue (id, tag_id, asset_id, value) values (5963, 2, 299, '14640');
insert into tagvalue (id, tag_id, asset_id, value) values (5964, 3, 299, 'https://rukminim2.flixcart.com/image/312/312/xif0q/mobile/r/f/n/-original-imagjhr894wgfzzc.jpeg?q=70');
insert into tagvalue (id, tag_id, asset_id, value) values (5965, 4, 299, '64');
insert into tagvalue (id, tag_id, asset_id, value) values (5966, 5, 299, 'other_types');
insert into tagvalue (id, tag_id, asset_id, value) values (5967, 6, 299, '6000');
insert into tagvalue (id, tag_id, asset_id, value) values (5968, 7, 299, '128');
insert into tagvalue (id, tag_id, asset_id, value) values (5969, 8, 299, '6');
insert into tagvalue (id, tag_id, asset_id, value) values (5970, 9, 299, 'not mentioned');
insert into tagvalue (id, tag_id, asset_id, value) values (5971, 10, 299, '11');
insert into asset (id,name) values (300, 'SAMSUNG Galaxy A12 (Black, 128 GB)');
insert into tagvalue (id, tag_id, asset_id, value) values (5981, 1, 300, 'SAMSUNG Galaxy A12 (Black, 128 GB)');
insert into tagvalue (id, tag_id, asset_id, value) values (5982, 1, 300, '4.1');
insert into tagvalue (id, tag_id, asset_id, value) values (5983, 2, 300, '17999');
insert into tagvalue (id, tag_id, asset_id, value) values (5984, 3, 300, 'https://rukminim2.flixcart.com/image/312/312/krz97rk0/mobile/v/2/z/galaxy-a12-exynos-850-sm-a127fzkjins-samsung-original-imag5n52vuufpgcp.jpeg?q=70');
insert into tagvalue (id, tag_id, asset_id, value) values (5985, 4, 300, '48');
insert into tagvalue (id, tag_id, asset_id, value) values (5986, 5, 300, 'LCD');
insert into tagvalue (id, tag_id, asset_id, value) values (5987, 6, 300, '5000');
insert into tagvalue (id, tag_id, asset_id, value) values (5988, 7, 300, '128');
insert into tagvalue (id, tag_id, asset_id, value) values (5989, 8, 300, '6');
insert into tagvalue (id, tag_id, asset_id, value) values (5990, 9, 300, 'not mentioned');
insert into tagvalue (id, tag_id, asset_id, value) values (5991, 10, 300, '9');
insert into asset (id,name) values (301, 'SAMSUNG M21 2021 Edition (Charcoal Black, 128 GB)');
insert into tagvalue (id, tag_id, asset_id, value) values (6001, 1, 301, 'SAMSUNG M21 2021 Edition (Charcoal Black, 128 GB)');
insert into tagvalue (id, tag_id, asset_id, value) values (6002, 1, 301, '4.3');
insert into tagvalue (id, tag_id, asset_id, value) values (6003, 2, 301, '16989');
insert into tagvalue (id, tag_id, asset_id, value) values (6004, 3, 301, 'https://rukminim2.flixcart.com/image/312/312/krp94sw0/mobile/n/j/2/m21-2021-edition-sm-m215gzkhins-samsung-original-imag5fgngku8xcqn.jpeg?q=70');
insert into tagvalue (id, tag_id, asset_id, value) values (6005, 4, 301, '48');
insert into tagvalue (id, tag_id, asset_id, value) values (6006, 5, 301, 'other_types');
insert into tagvalue (id, tag_id, asset_id, value) values (6007, 6, 301, '6000');
insert into tagvalue (id, tag_id, asset_id, value) values (6008, 7, 301, '128');
insert into tagvalue (id, tag_id, asset_id, value) values (6009, 8, 301, '6');
insert into tagvalue (id, tag_id, asset_id, value) values (6010, 9, 301, 'not mentioned');
insert into tagvalue (id, tag_id, asset_id, value) values (6011, 10, 301, '11');
insert into asset (id,name) values (302, 'SAMSUNG Galaxy A10s (Black, 32 GB)');
insert into tagvalue (id, tag_id, asset_id, value) values (6021, 1, 302, 'SAMSUNG Galaxy A10s (Black, 32 GB)');
insert into tagvalue (id, tag_id, asset_id, value) values (6022, 1, 302, '4.3');
insert into tagvalue (id, tag_id, asset_id, value) values (6023, 2, 302, '11000');
insert into tagvalue (id, tag_id, asset_id, value) values (6024, 3, 302, 'https://rukminim2.flixcart.com/image/312/312/k2jbyq80pkrrdj/mobile-refurbished/d/u/c/galaxy-a10s-32-gb-c-sm-a107fzkdins-samsung-2-original-imafjycfagsvuzrw.jpeg?q=70');
insert into tagvalue (id, tag_id, asset_id, value) values (6025, 4, 302, '13');
insert into tagvalue (id, tag_id, asset_id, value) values (6026, 5, 302, 'other_types');
insert into tagvalue (id, tag_id, asset_id, value) values (6027, 6, 302, '4000');
insert into tagvalue (id, tag_id, asset_id, value) values (6028, 7, 302, '32');
insert into tagvalue (id, tag_id, asset_id, value) values (6029, 8, 302, '3');
insert into tagvalue (id, tag_id, asset_id, value) values (6030, 9, 302, 'MediaTek');
insert into tagvalue (id, tag_id, asset_id, value) values (6031, 10, 302, '10');
insert into asset (id,name) values (303, 'SAMSUNG Galaxy A52 (Awesome White, 128 GB)');
insert into tagvalue (id, tag_id, asset_id, value) values (6041, 1, 303, 'SAMSUNG Galaxy A52 (Awesome White, 128 GB)');
insert into tagvalue (id, tag_id, asset_id, value) values (6042, 1, 303, '4.4');
insert into tagvalue (id, tag_id, asset_id, value) values (6043, 2, 303, '30499');
insert into tagvalue (id, tag_id, asset_id, value) values (6044, 3, 303, 'https://rukminim2.flixcart.com/image/312/312/kmf7ki80/mobile/3/j/0/galaxy-a52-sm-a525fzwhins-samsung-original-imagfb4vjky63hmh.jpeg?q=70');
insert into tagvalue (id, tag_id, asset_id, value) values (6045, 4, 303, '64');
insert into tagvalue (id, tag_id, asset_id, value) values (6046, 5, 303, 'HD+ AMOLED');
insert into tagvalue (id, tag_id, asset_id, value) values (6047, 6, 303, '4500');
insert into tagvalue (id, tag_id, asset_id, value) values (6048, 7, 303, '128');
insert into tagvalue (id, tag_id, asset_id, value) values (6049, 8, 303, '6');
insert into tagvalue (id, tag_id, asset_id, value) values (6050, 9, 303, 'Snapdragon720GProcessor');
insert into tagvalue (id, tag_id, asset_id, value) values (6051, 10, 303, '11');
insert into asset (id,name) values (304, 'SAMSUNG GALAXY M51 (ELECTRIC BLUE, 128 GB)');
insert into tagvalue (id, tag_id, asset_id, value) values (6061, 1, 304, 'SAMSUNG GALAXY M51 (ELECTRIC BLUE, 128 GB)');
insert into tagvalue (id, tag_id, asset_id, value) values (6062, 1, 304, '4.2');
insert into tagvalue (id, tag_id, asset_id, value) values (6063, 2, 304, '17996');
insert into tagvalue (id, tag_id, asset_id, value) values (6064, 3, 304, 'https://rukminim2.flixcart.com/image/312/312/kfeamq80/mobile/y/s/f/samsung-galaxy-m51-sm-m515fzbd-original-imafvvgfegtvb6fx.jpeg?q=70');
insert into tagvalue (id, tag_id, asset_id, value) values (6065, 4, 304, '64');
insert into tagvalue (id, tag_id, asset_id, value) values (6066, 5, 304, 'other_types');
insert into tagvalue (id, tag_id, asset_id, value) values (6067, 6, 304, '7000');
insert into tagvalue (id, tag_id, asset_id, value) values (6068, 7, 304, '128');
insert into tagvalue (id, tag_id, asset_id, value) values (6069, 8, 304, '6');
insert into tagvalue (id, tag_id, asset_id, value) values (6070, 9, 304, 'not mentioned');
insert into tagvalue (id, tag_id, asset_id, value) values (6071, 10, 304, '10');
insert into asset (id,name) values (305, 'SAMSUNG Galaxy M32 5G (Sky Blue, 128 GB)');
insert into tagvalue (id, tag_id, asset_id, value) values (6081, 1, 305, 'SAMSUNG Galaxy M32 5G (Sky Blue, 128 GB)');
insert into tagvalue (id, tag_id, asset_id, value) values (6082, 1, 305, '4.2');
insert into tagvalue (id, tag_id, asset_id, value) values (6083, 2, 305, '19499');
insert into tagvalue (id, tag_id, asset_id, value) values (6084, 3, 305, 'https://rukminim2.flixcart.com/image/312/312/xif0q/mobile/z/t/1/-original-imag6jm69crass7p.jpeg?q=70');
insert into tagvalue (id, tag_id, asset_id, value) values (6085, 4, 305, '48');
insert into tagvalue (id, tag_id, asset_id, value) values (6086, 5, 305, 'other_types');
insert into tagvalue (id, tag_id, asset_id, value) values (6087, 6, 305, '5000');
insert into tagvalue (id, tag_id, asset_id, value) values (6088, 7, 305, '128');
insert into tagvalue (id, tag_id, asset_id, value) values (6089, 8, 305, '8');
insert into tagvalue (id, tag_id, asset_id, value) values (6090, 9, 305, 'not mentioned');
insert into tagvalue (id, tag_id, asset_id, value) values (6091, 10, 305, '10');
insert into asset (id,name) values (306, 'SAMSUNG M02s (Black, 32 GB)');
insert into tagvalue (id, tag_id, asset_id, value) values (6101, 1, 306, 'SAMSUNG M02s (Black, 32 GB)');
insert into tagvalue (id, tag_id, asset_id, value) values (6102, 1, 306, '4.3');
insert into tagvalue (id, tag_id, asset_id, value) values (6103, 2, 306, '9490');
insert into tagvalue (id, tag_id, asset_id, value) values (6104, 3, 306, 'https://rukminim2.flixcart.com/image/312/312/kk2wl8w0/mobile/i/t/a/m02s-sb08rswhmz61-samsung-original-imafzg4azbgz4c3y.jpeg?q=70');
insert into tagvalue (id, tag_id, asset_id, value) values (6105, 4, 306, '13');
insert into tagvalue (id, tag_id, asset_id, value) values (6106, 5, 306, 'other_types');
insert into tagvalue (id, tag_id, asset_id, value) values (6107, 6, 306, '5000');
insert into tagvalue (id, tag_id, asset_id, value) values (6108, 7, 306, '32');
insert into tagvalue (id, tag_id, asset_id, value) values (6109, 8, 306, '3');
insert into tagvalue (id, tag_id, asset_id, value) values (6110, 9, 306, 'Snapdragon450P');
insert into tagvalue (id, tag_id, asset_id, value) values (6111, 10, 306, '11');
insert into asset (id,name) values (307, 'SAMSUNG Galaxy A51 (Haze Crush Silver, 128 GB)');
insert into tagvalue (id, tag_id, asset_id, value) values (6121, 1, 307, 'SAMSUNG Galaxy A51 (Haze Crush Silver, 128 GB)');
insert into tagvalue (id, tag_id, asset_id, value) values (6122, 1, 307, '4.2');
insert into tagvalue (id, tag_id, asset_id, value) values (6123, 2, 307, '29999');
insert into tagvalue (id, tag_id, asset_id, value) values (6124, 3, 307, 'https://rukminim2.flixcart.com/image/312/312/kcuug7k0/mobile/x/u/q/samsung-galaxy-a51-sm-a515fmswins-original-imaftw9cecyhye7d.jpeg?q=70');
insert into tagvalue (id, tag_id, asset_id, value) values (6125, 4, 307, '48');
insert into tagvalue (id, tag_id, asset_id, value) values (6126, 5, 307, 'AMOLED');
insert into tagvalue (id, tag_id, asset_id, value) values (6127, 6, 307, '4000');
insert into tagvalue (id, tag_id, asset_id, value) values (6128, 7, 307, '128');
insert into tagvalue (id, tag_id, asset_id, value) values (6129, 8, 307, '8');
insert into tagvalue (id, tag_id, asset_id, value) values (6130, 9, 307, 'not mentioned');
insert into tagvalue (id, tag_id, asset_id, value) values (6131, 10, 307, '12');
insert into asset (id,name) values (308, 'SAMSUNG Galaxy M32 5G (Sky Blue, 128 GB)');
insert into tagvalue (id, tag_id, asset_id, value) values (6141, 1, 308, 'SAMSUNG Galaxy M32 5G (Sky Blue, 128 GB)');
insert into tagvalue (id, tag_id, asset_id, value) values (6142, 1, 308, '4.2');
insert into tagvalue (id, tag_id, asset_id, value) values (6143, 2, 308, '17990');
insert into tagvalue (id, tag_id, asset_id, value) values (6144, 3, 308, 'https://rukminim2.flixcart.com/image/312/312/xif0q/mobile/h/z/x/-original-imag6jmvqyef5nyf.jpeg?q=70');
insert into tagvalue (id, tag_id, asset_id, value) values (6145, 4, 308, '48');
insert into tagvalue (id, tag_id, asset_id, value) values (6146, 5, 308, 'other_types');
insert into tagvalue (id, tag_id, asset_id, value) values (6147, 6, 308, '5000');
insert into tagvalue (id, tag_id, asset_id, value) values (6148, 7, 308, '128');
insert into tagvalue (id, tag_id, asset_id, value) values (6149, 8, 308, '8');
insert into tagvalue (id, tag_id, asset_id, value) values (6150, 9, 308, 'Dimensity720');
insert into tagvalue (id, tag_id, asset_id, value) values (6151, 10, 308, '10');
insert into asset (id,name) values (309, 'SAMSUNG Galaxy A13 (White, 128 GB)');
insert into tagvalue (id, tag_id, asset_id, value) values (6161, 1, 309, 'SAMSUNG Galaxy A13 (White, 128 GB)');
insert into tagvalue (id, tag_id, asset_id, value) values (6162, 1, 309, '4.3');
insert into tagvalue (id, tag_id, asset_id, value) values (6163, 2, 309, '16499');
insert into tagvalue (id, tag_id, asset_id, value) values (6164, 3, 309, 'https://rukminim2.flixcart.com/image/312/312/l19m93k0/mobile/p/h/e/-original-imagcv7424zgvfk8.jpeg?q=70');
insert into tagvalue (id, tag_id, asset_id, value) values (6165, 4, 309, '50');
insert into tagvalue (id, tag_id, asset_id, value) values (6166, 5, 309, 'other_types');
insert into tagvalue (id, tag_id, asset_id, value) values (6167, 6, 309, '5000');
insert into tagvalue (id, tag_id, asset_id, value) values (6168, 7, 309, '128');
insert into tagvalue (id, tag_id, asset_id, value) values (6169, 8, 309, '6');
insert into tagvalue (id, tag_id, asset_id, value) values (6170, 9, 309, 'not mentioned');
insert into tagvalue (id, tag_id, asset_id, value) values (6171, 10, 309, '11');
insert into asset (id,name) values (310, 'SAMSUNG Galaxy A51 (Haze Crush Silver, 128 GB)');
insert into tagvalue (id, tag_id, asset_id, value) values (6181, 1, 310, 'SAMSUNG Galaxy A51 (Haze Crush Silver, 128 GB)');
insert into tagvalue (id, tag_id, asset_id, value) values (6182, 1, 310, '4.3');
insert into tagvalue (id, tag_id, asset_id, value) values (6183, 2, 310, '20990');
insert into tagvalue (id, tag_id, asset_id, value) values (6184, 3, 310, 'https://rukminim2.flixcart.com/image/312/312/kcuug7k0/mobile/x/u/q/samsung-galaxy-a51-sm-a515fmswins-original-imaftw9cecyhye7d.jpeg?q=70');
insert into tagvalue (id, tag_id, asset_id, value) values (6185, 4, 310, '48');
insert into tagvalue (id, tag_id, asset_id, value) values (6186, 5, 310, 'AMOLED');
insert into tagvalue (id, tag_id, asset_id, value) values (6187, 6, 310, '4000');
insert into tagvalue (id, tag_id, asset_id, value) values (6188, 7, 310, '128');
insert into tagvalue (id, tag_id, asset_id, value) values (6189, 8, 310, '6');
insert into tagvalue (id, tag_id, asset_id, value) values (6190, 9, 310, 'not mentioned');
insert into tagvalue (id, tag_id, asset_id, value) values (6191, 10, 310, '11');
insert into asset (id,name) values (311, 'SAMSUNG Galaxy F22 (Denim Blue, 64 GB)');
insert into tagvalue (id, tag_id, asset_id, value) values (6201, 1, 311, 'SAMSUNG Galaxy F22 (Denim Blue, 64 GB)');
insert into tagvalue (id, tag_id, asset_id, value) values (6202, 1, 311, '4.2');
insert into tagvalue (id, tag_id, asset_id, value) values (6203, 2, 311, '11499');
insert into tagvalue (id, tag_id, asset_id, value) values (6204, 3, 311, 'https://rukminim2.flixcart.com/image/312/312/kqqykcw0/mobile/j/5/7/galaxy-f22-sm-e225flbdins-samsung-original-imag4z99fp4qdfby.jpeg?q=70');
insert into tagvalue (id, tag_id, asset_id, value) values (6205, 4, 311, '48');
insert into tagvalue (id, tag_id, asset_id, value) values (6206, 5, 311, 'other_types');
insert into tagvalue (id, tag_id, asset_id, value) values (6207, 6, 311, '6000');
insert into tagvalue (id, tag_id, asset_id, value) values (6208, 7, 311, '64');
insert into tagvalue (id, tag_id, asset_id, value) values (6209, 8, 311, '4');
insert into tagvalue (id, tag_id, asset_id, value) values (6210, 9, 311, 'Heilo80P');
insert into tagvalue (id, tag_id, asset_id, value) values (6211, 10, 311, '11');
insert into asset (id,name) values (312, 'SAMSUNG Galaxy A22 (Mint, 128 GB)');
insert into tagvalue (id, tag_id, asset_id, value) values (6221, 1, 312, 'SAMSUNG Galaxy A22 (Mint, 128 GB)');
insert into tagvalue (id, tag_id, asset_id, value) values (6222, 1, 312, '4.2');
insert into tagvalue (id, tag_id, asset_id, value) values (6223, 2, 312, '20499');
insert into tagvalue (id, tag_id, asset_id, value) values (6224, 3, 312, 'https://rukminim2.flixcart.com/image/312/312/krtjgcw0/mobile/n/t/i/galaxy-a22-sm-a225flgrins-samsung-original-imag5j58quhjzvvh.jpeg?q=70');
insert into tagvalue (id, tag_id, asset_id, value) values (6225, 4, 312, '48');
insert into tagvalue (id, tag_id, asset_id, value) values (6226, 5, 312, 'AMOLED');
insert into tagvalue (id, tag_id, asset_id, value) values (6227, 6, 312, '5000');
insert into tagvalue (id, tag_id, asset_id, value) values (6228, 7, 312, '128');
insert into tagvalue (id, tag_id, asset_id, value) values (6229, 8, 312, '6');
insert into tagvalue (id, tag_id, asset_id, value) values (6230, 9, 312, 'Heilo806769');
insert into tagvalue (id, tag_id, asset_id, value) values (6231, 10, 312, '9');
insert into asset (id,name) values (313, 'SAMSUNG Galaxy A22 (Mint, 128 GB)');
insert into tagvalue (id, tag_id, asset_id, value) values (6241, 1, 313, 'SAMSUNG Galaxy A22 (Mint, 128 GB)');
insert into tagvalue (id, tag_id, asset_id, value) values (6242, 1, 313, '4.3');
insert into tagvalue (id, tag_id, asset_id, value) values (6243, 2, 313, '16999');
insert into tagvalue (id, tag_id, asset_id, value) values (6244, 3, 313, 'https://rukminim2.flixcart.com/image/312/312/kqqykcw0/mobile/w/r/n/a-22-sm-a22sf-ds-samsung-original-imag4pfjf9xp6jzz.jpeg?q=70');
insert into tagvalue (id, tag_id, asset_id, value) values (6245, 4, 313, '48');
insert into tagvalue (id, tag_id, asset_id, value) values (6246, 5, 313, 'other_types');
insert into tagvalue (id, tag_id, asset_id, value) values (6247, 6, 313, '5000');
insert into tagvalue (id, tag_id, asset_id, value) values (6248, 7, 313, '128');
insert into tagvalue (id, tag_id, asset_id, value) values (6249, 8, 313, '6');
insert into tagvalue (id, tag_id, asset_id, value) values (6250, 9, 313, 'not mentioned');
insert into tagvalue (id, tag_id, asset_id, value) values (6251, 10, 313, '10');
insert into asset (id,name) values (314, 'SAMSUNG Galaxy A10s (Blue, 32 GB)');
insert into tagvalue (id, tag_id, asset_id, value) values (6261, 1, 314, 'SAMSUNG Galaxy A10s (Blue, 32 GB)');
insert into tagvalue (id, tag_id, asset_id, value) values (6262, 1, 314, '4.0');
insert into tagvalue (id, tag_id, asset_id, value) values (6263, 2, 314, '11000');
insert into tagvalue (id, tag_id, asset_id, value) values (6264, 3, 314, 'https://rukminim2.flixcart.com/image/312/312/k2jbyq80pkrrdj/mobile-refurbished/q/m/g/galaxy-a10s-32-gb-c-sm-a107fzbdins-samsung-2-original-imafjycggdwt5akh.jpeg?q=70');
insert into tagvalue (id, tag_id, asset_id, value) values (6265, 4, 314, '13');
insert into tagvalue (id, tag_id, asset_id, value) values (6266, 5, 314, 'other_types');
insert into tagvalue (id, tag_id, asset_id, value) values (6267, 6, 314, '4000');
insert into tagvalue (id, tag_id, asset_id, value) values (6268, 7, 314, '32');
insert into tagvalue (id, tag_id, asset_id, value) values (6269, 8, 314, '3');
insert into tagvalue (id, tag_id, asset_id, value) values (6270, 9, 314, 'MediaTek');
insert into tagvalue (id, tag_id, asset_id, value) values (6271, 10, 314, '11');
insert into asset (id,name) values (315, 'SAMSUNG Galaxy M02 (Black, 32 GB)');
insert into tagvalue (id, tag_id, asset_id, value) values (6281, 1, 315, 'SAMSUNG Galaxy M02 (Black, 32 GB)');
insert into tagvalue (id, tag_id, asset_id, value) values (6282, 1, 315, '4.3');
insert into tagvalue (id, tag_id, asset_id, value) values (6283, 2, 315, '8499');
insert into tagvalue (id, tag_id, asset_id, value) values (6284, 3, 315, 'https://rukminim2.flixcart.com/image/312/312/kkzrpu80/mobile/q/0/5/galaxy-m02-b08t2nnt4s1-samsung-original-imagy73chee62pyq.jpeg?q=70');
insert into tagvalue (id, tag_id, asset_id, value) values (6285, 4, 315, '13');
insert into tagvalue (id, tag_id, asset_id, value) values (6286, 5, 315, 'other_types');
insert into tagvalue (id, tag_id, asset_id, value) values (6287, 6, 315, '5000');
insert into tagvalue (id, tag_id, asset_id, value) values (6288, 7, 315, '32');
insert into tagvalue (id, tag_id, asset_id, value) values (6289, 8, 315, '3');
insert into tagvalue (id, tag_id, asset_id, value) values (6290, 9, 315, 'MediaTek');
insert into tagvalue (id, tag_id, asset_id, value) values (6291, 10, 315, '10');
insert into asset (id,name) values (316, 'SAMSUNG Galaxy A52 (Awesome Violet, 128 GB)');
insert into tagvalue (id, tag_id, asset_id, value) values (6301, 1, 316, 'SAMSUNG Galaxy A52 (Awesome Violet, 128 GB)');
insert into tagvalue (id, tag_id, asset_id, value) values (6302, 1, 316, '4.2');
insert into tagvalue (id, tag_id, asset_id, value) values (6303, 2, 316, '30499');
insert into tagvalue (id, tag_id, asset_id, value) values (6304, 3, 316, 'https://rukminim2.flixcart.com/image/312/312/kmf7ki80/mobile/z/w/q/galaxy-a52-sm-a525flvhins-samsung-original-imagfb4x2yshzagy.jpeg?q=70');
insert into tagvalue (id, tag_id, asset_id, value) values (6305, 4, 316, '64');
insert into tagvalue (id, tag_id, asset_id, value) values (6306, 5, 316, 'HD+ AMOLED');
insert into tagvalue (id, tag_id, asset_id, value) values (6307, 6, 316, '4500');
insert into tagvalue (id, tag_id, asset_id, value) values (6308, 7, 316, '128');
insert into tagvalue (id, tag_id, asset_id, value) values (6309, 8, 316, '6');
insert into tagvalue (id, tag_id, asset_id, value) values (6310, 9, 316, 'Snapdragon720GProcessor');
insert into tagvalue (id, tag_id, asset_id, value) values (6311, 10, 316, '13');
insert into asset (id,name) values (317, 'SAMSUNG Galaxy F02s (Diamond Black, 64 GB)');
insert into tagvalue (id, tag_id, asset_id, value) values (6321, 1, 317, 'SAMSUNG Galaxy F02s (Diamond Black, 64 GB)');
insert into tagvalue (id, tag_id, asset_id, value) values (6322, 1, 317, '4.2');
insert into tagvalue (id, tag_id, asset_id, value) values (6323, 2, 317, '10990');
insert into tagvalue (id, tag_id, asset_id, value) values (6324, 3, 317, 'https://rukminim2.flixcart.com/image/312/312/kn22m4w0/mobile/q/q/f/galaxy-f02s-sm-e025fakeins-samsung-original-imagfthzbvzgzpnb.jpeg?q=70');
insert into tagvalue (id, tag_id, asset_id, value) values (6325, 4, 317, '13');
insert into tagvalue (id, tag_id, asset_id, value) values (6326, 5, 317, 'other_types');
insert into tagvalue (id, tag_id, asset_id, value) values (6327, 6, 317, '5000');
insert into tagvalue (id, tag_id, asset_id, value) values (6328, 7, 317, '64');
insert into tagvalue (id, tag_id, asset_id, value) values (6329, 8, 317, '4');
insert into tagvalue (id, tag_id, asset_id, value) values (6330, 9, 317, 'Snapdragon450');
insert into tagvalue (id, tag_id, asset_id, value) values (6331, 10, 317, '11');
insert into asset (id,name) values (318, 'SAMSUNG Galaxy M34 5G (Graphite Black, 128 GB)');
insert into tagvalue (id, tag_id, asset_id, value) values (6341, 1, 318, 'SAMSUNG Galaxy M34 5G (Graphite Black, 128 GB)');
insert into tagvalue (id, tag_id, asset_id, value) values (6342, 1, 318, '4.2');
insert into tagvalue (id, tag_id, asset_id, value) values (6343, 2, 318, '21999');
insert into tagvalue (id, tag_id, asset_id, value) values (6344, 3, 318, 'https://rukminim2.flixcart.com/image/312/312/xif0q/mobile/v/t/t/galaxy-m34-5g-sm-m346b-ds-samsung-original-imagrzu7ngrbzkzk.jpeg?q=70');
insert into tagvalue (id, tag_id, asset_id, value) values (6345, 4, 318, '50');
insert into tagvalue (id, tag_id, asset_id, value) values (6346, 5, 318, 'other_types');
insert into tagvalue (id, tag_id, asset_id, value) values (6347, 6, 318, '6000');
insert into tagvalue (id, tag_id, asset_id, value) values (6348, 7, 318, '128');
insert into tagvalue (id, tag_id, asset_id, value) values (6349, 8, 318, '6');
insert into tagvalue (id, tag_id, asset_id, value) values (6350, 9, 318, 'not mentioned');
insert into tagvalue (id, tag_id, asset_id, value) values (6351, 10, 318, '10');
insert into asset (id,name) values (319, 'SAMSUNG Galaxy F62 (Laser Green, 128 GB)');
insert into tagvalue (id, tag_id, asset_id, value) values (6361, 1, 319, 'SAMSUNG Galaxy F62 (Laser Green, 128 GB)');
insert into tagvalue (id, tag_id, asset_id, value) values (6362, 1, 319, '4.2');
insert into tagvalue (id, tag_id, asset_id, value) values (6363, 2, 319, '23999');
insert into tagvalue (id, tag_id, asset_id, value) values (6364, 3, 319, 'https://rukminim2.flixcart.com/image/312/312/klb78nk0/mobile/m/2/k/galaxy-f62-sm-e625fzggins-samsung-original-imagygxxse8gbaby.jpeg?q=70');
insert into tagvalue (id, tag_id, asset_id, value) values (6365, 4, 319, '64');
insert into tagvalue (id, tag_id, asset_id, value) values (6366, 5, 319, 'HD+ AMOLED');
insert into tagvalue (id, tag_id, asset_id, value) values (6367, 6, 319, '7000');
insert into tagvalue (id, tag_id, asset_id, value) values (6368, 7, 319, '128');
insert into tagvalue (id, tag_id, asset_id, value) values (6369, 8, 319, '6');
insert into tagvalue (id, tag_id, asset_id, value) values (6370, 9, 319, 'not mentioned');
insert into tagvalue (id, tag_id, asset_id, value) values (6371, 10, 319, '11');
insert into asset (id,name) values (320, 'SAMSUNG Galaxy M21 (Midnight Blue, 128 GB)');
insert into tagvalue (id, tag_id, asset_id, value) values (6381, 1, 320, 'SAMSUNG Galaxy M21 (Midnight Blue, 128 GB)');
insert into tagvalue (id, tag_id, asset_id, value) values (6382, 1, 320, '4.1');
insert into tagvalue (id, tag_id, asset_id, value) values (6383, 2, 320, '16499');
insert into tagvalue (id, tag_id, asset_id, value) values (6384, 3, 320, 'https://rukminim2.flixcart.com/image/312/312/kah413k0/mobile/z/m/g/samsung-galaxy-m21-b07hgjj55il-original-imafsfewggf3dqwc.jpeg?q=70');
insert into tagvalue (id, tag_id, asset_id, value) values (6385, 4, 320, '48');
insert into tagvalue (id, tag_id, asset_id, value) values (6386, 5, 320, 'other_types');
insert into tagvalue (id, tag_id, asset_id, value) values (6387, 6, 320, '6000');
insert into tagvalue (id, tag_id, asset_id, value) values (6388, 7, 320, '128');
insert into tagvalue (id, tag_id, asset_id, value) values (6389, 8, 320, '6');
insert into tagvalue (id, tag_id, asset_id, value) values (6390, 9, 320, 'not mentioned');
insert into tagvalue (id, tag_id, asset_id, value) values (6391, 10, 320, '9');
insert into asset (id,name) values (321, 'SAMSUNG Galaxy Z Fold3 5G (Phantom Black, 512 GB)');
insert into tagvalue (id, tag_id, asset_id, value) values (6401, 1, 321, 'SAMSUNG Galaxy Z Fold3 5G (Phantom Black, 512 GB)');
insert into tagvalue (id, tag_id, asset_id, value) values (6402, 1, 321, '4.3');
insert into tagvalue (id, tag_id, asset_id, value) values (6403, 2, 321, '26927');
insert into tagvalue (id, tag_id, asset_id, value) values (6404, 3, 321, 'https://rukminim2.flixcart.com/image/312/312/ksnjp8w0/mobile/b/t/k/galaxy-z-fold3-5g-sm-f926bzkdinu-samsung-original-imag662a7zgxn2fv.jpeg?q=70');
insert into tagvalue (id, tag_id, asset_id, value) values (6405, 4, 321, '12');
insert into tagvalue (id, tag_id, asset_id, value) values (6406, 5, 321, 'AMOLED');
insert into tagvalue (id, tag_id, asset_id, value) values (6407, 6, 321, '4400');
insert into tagvalue (id, tag_id, asset_id, value) values (6408, 7, 321, '512');
insert into tagvalue (id, tag_id, asset_id, value) values (6409, 8, 321, '12');
insert into tagvalue (id, tag_id, asset_id, value) values (6410, 9, 321, 'Snapdragon888');
insert into tagvalue (id, tag_id, asset_id, value) values (6411, 10, 321, '9');
insert into asset (id,name) values (322, 'SAMSUNG Galaxy A20s (Black, 32 GB)');
insert into tagvalue (id, tag_id, asset_id, value) values (6421, 1, 322, 'SAMSUNG Galaxy A20s (Black, 32 GB)');
insert into tagvalue (id, tag_id, asset_id, value) values (6422, 1, 322, '4.3');
insert into tagvalue (id, tag_id, asset_id, value) values (6423, 2, 322, '12900');
insert into tagvalue (id, tag_id, asset_id, value) values (6424, 3, 322, 'https://rukminim2.flixcart.com/image/312/312/k2jbyq80pkrrdj/mobile-refurbished/z/y/j/galaxy-a20s-64-a-sm-a207fzkgins-samsung-4-original-imafkx2d6qnvdfgh.jpeg?q=70');
insert into tagvalue (id, tag_id, asset_id, value) values (6425, 4, 322, '13');
insert into tagvalue (id, tag_id, asset_id, value) values (6426, 5, 322, 'other_types');
insert into tagvalue (id, tag_id, asset_id, value) values (6427, 6, 322, '4000');
insert into tagvalue (id, tag_id, asset_id, value) values (6428, 7, 322, '32');
insert into tagvalue (id, tag_id, asset_id, value) values (6429, 8, 322, '3');
insert into tagvalue (id, tag_id, asset_id, value) values (6430, 9, 322, 'not mentioned');
insert into tagvalue (id, tag_id, asset_id, value) values (6431, 10, 322, '10');
insert into asset (id,name) values (323, 'SAMSUNG Galaxy A20s (Blue, 32 GB)');
insert into tagvalue (id, tag_id, asset_id, value) values (6441, 1, 323, 'SAMSUNG Galaxy A20s (Blue, 32 GB)');
insert into tagvalue (id, tag_id, asset_id, value) values (6442, 1, 323, '4.2');
insert into tagvalue (id, tag_id, asset_id, value) values (6443, 2, 323, '12900');
insert into tagvalue (id, tag_id, asset_id, value) values (6444, 3, 323, 'https://rukminim2.flixcart.com/image/312/312/k2jbyq80pkrrdj/mobile-refurbished/p/3/a/galaxy-a20s-32-a-sm-a207fzbdins-samsung-3-original-imafkx2dygmrbhah.jpeg?q=70');
insert into tagvalue (id, tag_id, asset_id, value) values (6445, 4, 323, '13');
insert into tagvalue (id, tag_id, asset_id, value) values (6446, 5, 323, 'other_types');
insert into tagvalue (id, tag_id, asset_id, value) values (6447, 6, 323, '4000');
insert into tagvalue (id, tag_id, asset_id, value) values (6448, 7, 323, '32');
insert into tagvalue (id, tag_id, asset_id, value) values (6449, 8, 323, '3');
insert into tagvalue (id, tag_id, asset_id, value) values (6450, 9, 323, 'not mentioned');
insert into tagvalue (id, tag_id, asset_id, value) values (6451, 10, 323, '10');
insert into asset (id,name) values (324, 'SAMSUNG Galaxy M31 (Space Black, 128 GB)');
insert into tagvalue (id, tag_id, asset_id, value) values (6461, 1, 324, 'SAMSUNG Galaxy M31 (Space Black, 128 GB)');
insert into tagvalue (id, tag_id, asset_id, value) values (6462, 1, 324, '4.2');
insert into tagvalue (id, tag_id, asset_id, value) values (6463, 2, 324, '16790');
insert into tagvalue (id, tag_id, asset_id, value) values (6464, 3, 324, 'https://rukminim2.flixcart.com/image/312/312/k7f34i80/mobile/k/g/h/samsung-galaxy-m31-sm-m315fzkgins-original-imafpnrzzt9krr9a.jpeg?q=70');
insert into tagvalue (id, tag_id, asset_id, value) values (6465, 4, 324, '48');
insert into tagvalue (id, tag_id, asset_id, value) values (6466, 5, 324, 'other_types');
insert into tagvalue (id, tag_id, asset_id, value) values (6467, 6, 324, '6000');
insert into tagvalue (id, tag_id, asset_id, value) values (6468, 7, 324, '128');
insert into tagvalue (id, tag_id, asset_id, value) values (6469, 8, 324, '6');
insert into tagvalue (id, tag_id, asset_id, value) values (6470, 9, 324, 'not mentioned');
insert into tagvalue (id, tag_id, asset_id, value) values (6471, 10, 324, '10');
insert into asset (id,name) values (325, 'SAMSUNG Galaxy M21 (Raven Black, 128 GB)');
insert into tagvalue (id, tag_id, asset_id, value) values (6481, 1, 325, 'SAMSUNG Galaxy M21 (Raven Black, 128 GB)');
insert into tagvalue (id, tag_id, asset_id, value) values (6482, 1, 325, '4.4');
insert into tagvalue (id, tag_id, asset_id, value) values (6483, 2, 325, '15980');
insert into tagvalue (id, tag_id, asset_id, value) values (6484, 3, 325, 'https://rukminim2.flixcart.com/image/312/312/kah413k0/mobile/d/m/z/samsung-galaxy-m21-b07hgh8d2r-original-imafsfexgymaayrk.jpeg?q=70');
insert into tagvalue (id, tag_id, asset_id, value) values (6485, 4, 325, '64');
insert into tagvalue (id, tag_id, asset_id, value) values (6486, 5, 325, 'other_types');
insert into tagvalue (id, tag_id, asset_id, value) values (6487, 6, 325, '6000');
insert into tagvalue (id, tag_id, asset_id, value) values (6488, 7, 325, '128');
insert into tagvalue (id, tag_id, asset_id, value) values (6489, 8, 325, '6');
insert into tagvalue (id, tag_id, asset_id, value) values (6490, 9, 325, 'not mentioned');
insert into tagvalue (id, tag_id, asset_id, value) values (6491, 10, 325, '11');
insert into asset (id,name) values (326, 'SAMSUNG GALAXY M51 (Celestial Black, 128 GB)');
insert into tagvalue (id, tag_id, asset_id, value) values (6501, 1, 326, 'SAMSUNG GALAXY M51 (Celestial Black, 128 GB)');
insert into tagvalue (id, tag_id, asset_id, value) values (6502, 1, 326, '4.1');
insert into tagvalue (id, tag_id, asset_id, value) values (6503, 2, 326, '20990');
insert into tagvalue (id, tag_id, asset_id, value) values (6504, 3, 326, 'https://rukminim2.flixcart.com/image/312/312/kfeamq80/mobile/b/a/6/samsung-galaxy-m51-sm-m515fzkd-original-imafvvcnhyx5mwtb.jpeg?q=70');
insert into tagvalue (id, tag_id, asset_id, value) values (6505, 4, 326, '48');
insert into tagvalue (id, tag_id, asset_id, value) values (6506, 5, 326, 'other_types');
insert into tagvalue (id, tag_id, asset_id, value) values (6507, 6, 326, '7000');
insert into tagvalue (id, tag_id, asset_id, value) values (6508, 7, 326, '128');
insert into tagvalue (id, tag_id, asset_id, value) values (6509, 8, 326, '6');
insert into tagvalue (id, tag_id, asset_id, value) values (6510, 9, 326, 'not mentioned');
insert into tagvalue (id, tag_id, asset_id, value) values (6511, 10, 326, '10');
insert into asset (id,name) values (327, 'SAMSUNG Galaxy A22 5G (Gray, 128 GB)');
insert into tagvalue (id, tag_id, asset_id, value) values (6521, 1, 327, 'SAMSUNG Galaxy A22 5G (Gray, 128 GB)');
insert into tagvalue (id, tag_id, asset_id, value) values (6522, 1, 327, '4.4');
insert into tagvalue (id, tag_id, asset_id, value) values (6523, 2, 327, '15690');
insert into tagvalue (id, tag_id, asset_id, value) values (6524, 3, 327, 'https://rukminim2.flixcart.com/image/312/312/krme93k0/mobile/0/d/n/galaxy-a22-5g-sm-a226bzajins-samsung-original-imag5dgh3fpehhhx.jpeg?q=70');
insert into tagvalue (id, tag_id, asset_id, value) values (6525, 4, 327, '64');
insert into tagvalue (id, tag_id, asset_id, value) values (6526, 5, 327, 'TFT');
insert into tagvalue (id, tag_id, asset_id, value) values (6527, 6, 327, '5000');
insert into tagvalue (id, tag_id, asset_id, value) values (6528, 7, 327, '128');
insert into tagvalue (id, tag_id, asset_id, value) values (6529, 8, 327, '6');
insert into tagvalue (id, tag_id, asset_id, value) values (6530, 9, 327, 'Dimensity700');
insert into tagvalue (id, tag_id, asset_id, value) values (6531, 10, 327, '11');
insert into asset (id,name) values (328, 'SAMSUNG Galaxy A71 (Haze Crush Silver, 128 GB)');
insert into tagvalue (id, tag_id, asset_id, value) values (6541, 1, 328, 'SAMSUNG Galaxy A71 (Haze Crush Silver, 128 GB)');
insert into tagvalue (id, tag_id, asset_id, value) values (6542, 1, 328, '4.3');
insert into tagvalue (id, tag_id, asset_id, value) values (6543, 2, 328, '29499');
insert into tagvalue (id, tag_id, asset_id, value) values (6544, 3, 328, 'https://rukminim2.flixcart.com/image/312/312/kctf0cw0/mobile/g/a/z/samsung-galaxy-a71-sm-a715fmswins-original-imaftvyfbzzgbham.jpeg?q=70');
insert into tagvalue (id, tag_id, asset_id, value) values (6545, 4, 328, '48');
insert into tagvalue (id, tag_id, asset_id, value) values (6546, 5, 328, 'AMOLED');
insert into tagvalue (id, tag_id, asset_id, value) values (6547, 6, 328, '4500');
insert into tagvalue (id, tag_id, asset_id, value) values (6548, 7, 328, '128');
insert into tagvalue (id, tag_id, asset_id, value) values (6549, 8, 328, '8');
insert into tagvalue (id, tag_id, asset_id, value) values (6550, 9, 328, 'not mentioned');
insert into tagvalue (id, tag_id, asset_id, value) values (6551, 10, 328, '12');
insert into asset (id,name) values (329, 'SAMSUNG Galaxy F12 (Celestial Black, 64 GB)');
insert into tagvalue (id, tag_id, asset_id, value) values (6561, 1, 329, 'SAMSUNG Galaxy F12 (Celestial Black, 64 GB)');
insert into tagvalue (id, tag_id, asset_id, value) values (6562, 1, 329, '4.1');
insert into tagvalue (id, tag_id, asset_id, value) values (6563, 2, 329, '10499');
insert into tagvalue (id, tag_id, asset_id, value) values (6564, 3, 329, 'https://rukminim2.flixcart.com/image/312/312/kn22m4w0/mobile/6/o/e/galaxy-f12-sm-f127gzkgins-samsung-original-imagftmhuqq3arbg.jpeg?q=70');
insert into tagvalue (id, tag_id, asset_id, value) values (6565, 4, 329, '48');
insert into tagvalue (id, tag_id, asset_id, value) values (6566, 5, 329, 'other_types');
insert into tagvalue (id, tag_id, asset_id, value) values (6567, 6, 329, '6000');
insert into tagvalue (id, tag_id, asset_id, value) values (6568, 7, 329, '64');
insert into tagvalue (id, tag_id, asset_id, value) values (6569, 8, 329, '4');
insert into tagvalue (id, tag_id, asset_id, value) values (6570, 9, 329, 'not mentioned');
insert into tagvalue (id, tag_id, asset_id, value) values (6571, 10, 329, '10');
insert into asset (id,name) values (330, 'SAMSUNG Galaxy A33 (Awesome Blue, 128 GB)');
insert into tagvalue (id, tag_id, asset_id, value) values (6581, 1, 330, 'SAMSUNG Galaxy A33 (Awesome Blue, 128 GB)');
insert into tagvalue (id, tag_id, asset_id, value) values (6582, 1, 330, '4.3');
insert into tagvalue (id, tag_id, asset_id, value) values (6583, 2, 330, '25999');
insert into tagvalue (id, tag_id, asset_id, value) values (6584, 3, 330, 'https://rukminim2.flixcart.com/image/312/312/l3xcr680/mobile/c/4/9/-original-imagexeyqhh6vwzk.jpeg?q=70');
insert into tagvalue (id, tag_id, asset_id, value) values (6585, 4, 330, '48');
insert into tagvalue (id, tag_id, asset_id, value) values (6586, 5, 330, 'other_types');
insert into tagvalue (id, tag_id, asset_id, value) values (6587, 6, 330, '5000');
insert into tagvalue (id, tag_id, asset_id, value) values (6588, 7, 330, '128');
insert into tagvalue (id, tag_id, asset_id, value) values (6589, 8, 330, '6');
insert into tagvalue (id, tag_id, asset_id, value) values (6590, 9, 330, 'not mentioned');
insert into tagvalue (id, tag_id, asset_id, value) values (6591, 10, 330, '11');
insert into asset (id,name) values (331, 'SAMSUNG Galaxy M21 (Midnight Blue, 64 GB)');
insert into tagvalue (id, tag_id, asset_id, value) values (6601, 1, 331, 'SAMSUNG Galaxy M21 (Midnight Blue, 64 GB)');
insert into tagvalue (id, tag_id, asset_id, value) values (6602, 1, 331, '4.1');
insert into tagvalue (id, tag_id, asset_id, value) values (6603, 2, 331, '14248');
insert into tagvalue (id, tag_id, asset_id, value) values (6604, 3, 331, 'https://rukminim2.flixcart.com/image/312/312/kah413k0/mobile/z/m/g/samsung-galaxy-m21-b07hgjj55il-original-imafsfewggf3dqwc.jpeg?q=70');
insert into tagvalue (id, tag_id, asset_id, value) values (6605, 4, 331, '48');
insert into tagvalue (id, tag_id, asset_id, value) values (6606, 5, 331, 'other_types');
insert into tagvalue (id, tag_id, asset_id, value) values (6607, 6, 331, '6000');
insert into tagvalue (id, tag_id, asset_id, value) values (6608, 7, 331, '64');
insert into tagvalue (id, tag_id, asset_id, value) values (6609, 8, 331, '4');
insert into tagvalue (id, tag_id, asset_id, value) values (6610, 9, 331, 'not mentioned');
insert into tagvalue (id, tag_id, asset_id, value) values (6611, 10, 331, '12');
insert into asset (id,name) values (332, 'SAMSUNG Galaxy M21 2021 Edition (Arctic Blue, 64 GB)');
insert into tagvalue (id, tag_id, asset_id, value) values (6621, 1, 332, 'SAMSUNG Galaxy M21 2021 Edition (Arctic Blue, 64 GB)');
insert into tagvalue (id, tag_id, asset_id, value) values (6622, 1, 332, '4.1');
insert into tagvalue (id, tag_id, asset_id, value) values (6623, 2, 332, '11490');
insert into tagvalue (id, tag_id, asset_id, value) values (6624, 3, 332, 'https://rukminim2.flixcart.com/image/312/312/ks99aq80/mobile/r/m/y/galaxy-m21-2021-edition-sm-m215glbdins-samsung-original-imag5v9zf8fjvq9h.jpeg?q=70');
insert into tagvalue (id, tag_id, asset_id, value) values (6625, 4, 332, '50');
insert into tagvalue (id, tag_id, asset_id, value) values (6626, 5, 332, 'other_types');
insert into tagvalue (id, tag_id, asset_id, value) values (6627, 6, 332, '6000');
insert into tagvalue (id, tag_id, asset_id, value) values (6628, 7, 332, '64');
insert into tagvalue (id, tag_id, asset_id, value) values (6629, 8, 332, '4');
insert into tagvalue (id, tag_id, asset_id, value) values (6630, 9, 332, 'not mentioned');
insert into tagvalue (id, tag_id, asset_id, value) values (6631, 10, 332, '11');
insert into asset (id,name) values (333, 'SAMSUNG Galaxy A13 (White, 128 GB)');
insert into tagvalue (id, tag_id, asset_id, value) values (6641, 1, 333, 'SAMSUNG Galaxy A13 (White, 128 GB)');
insert into tagvalue (id, tag_id, asset_id, value) values (6642, 1, 333, '4.2');
insert into tagvalue (id, tag_id, asset_id, value) values (6643, 2, 333, '14999');
insert into tagvalue (id, tag_id, asset_id, value) values (6644, 3, 333, 'https://rukminim2.flixcart.com/image/312/312/l19m93k0/mobile/p/h/e/-original-imagcv7424zgvfk8.jpeg?q=70');
insert into tagvalue (id, tag_id, asset_id, value) values (6645, 4, 333, '48');
insert into tagvalue (id, tag_id, asset_id, value) values (6646, 5, 333, 'other_types');
insert into tagvalue (id, tag_id, asset_id, value) values (6647, 6, 333, '5000');
insert into tagvalue (id, tag_id, asset_id, value) values (6648, 7, 333, '128');
insert into tagvalue (id, tag_id, asset_id, value) values (6649, 8, 333, '4');
insert into tagvalue (id, tag_id, asset_id, value) values (6650, 9, 333, 'not mentioned');
insert into tagvalue (id, tag_id, asset_id, value) values (6651, 10, 333, '10');
insert into asset (id,name) values (334, 'SAMSUNG Galaxy A12 (White, 64 GB)');
insert into tagvalue (id, tag_id, asset_id, value) values (6661, 1, 334, 'SAMSUNG Galaxy A12 (White, 64 GB)');
insert into tagvalue (id, tag_id, asset_id, value) values (6662, 1, 334, '4.3');
insert into tagvalue (id, tag_id, asset_id, value) values (6663, 2, 334, '11975');
insert into tagvalue (id, tag_id, asset_id, value) values (6664, 3, 334, 'https://rukminim2.flixcart.com/image/312/312/krz97rk0/mobile/g/3/m/galaxy-a12-exynos-850-sm-a127fzwjins-samsung-original-imag5n52vmhdygr2.jpeg?q=70');
insert into tagvalue (id, tag_id, asset_id, value) values (6665, 4, 334, '64');
insert into tagvalue (id, tag_id, asset_id, value) values (6666, 5, 334, 'LCD');
insert into tagvalue (id, tag_id, asset_id, value) values (6667, 6, 334, '5000');
insert into tagvalue (id, tag_id, asset_id, value) values (6668, 7, 334, '64');
insert into tagvalue (id, tag_id, asset_id, value) values (6669, 8, 334, '4');
insert into tagvalue (id, tag_id, asset_id, value) values (6670, 9, 334, 'not mentioned');
insert into tagvalue (id, tag_id, asset_id, value) values (6671, 10, 334, '8');
insert into asset (id,name) values (335, 'SAMSUNG Galaxy A10s (Green, 32 GB)');
insert into tagvalue (id, tag_id, asset_id, value) values (6681, 1, 335, 'SAMSUNG Galaxy A10s (Green, 32 GB)');
insert into tagvalue (id, tag_id, asset_id, value) values (6682, 1, 335, '4.4');
insert into tagvalue (id, tag_id, asset_id, value) values (6683, 2, 335, '11000');
insert into tagvalue (id, tag_id, asset_id, value) values (6684, 3, 335, 'https://rukminim2.flixcart.com/image/312/312/k2jbyq80pkrrdj/mobile-refurbished/7/f/x/galaxy-a10s-32-gb-b-sm-a107fzggins-samsung-3-original-imafjycgsuszbkhn.jpeg?q=70');
insert into tagvalue (id, tag_id, asset_id, value) values (6685, 4, 335, '13');
insert into tagvalue (id, tag_id, asset_id, value) values (6686, 5, 335, 'other_types');
insert into tagvalue (id, tag_id, asset_id, value) values (6687, 6, 335, '3000');
insert into tagvalue (id, tag_id, asset_id, value) values (6688, 7, 335, '64');
insert into tagvalue (id, tag_id, asset_id, value) values (6689, 8, 335, '4');
insert into tagvalue (id, tag_id, asset_id, value) values (6690, 9, 335, 'not mentioned');
insert into tagvalue (id, tag_id, asset_id, value) values (6691, 10, 335, '10');
insert into asset (id,name) values (336, 'SAMSUNG Galaxy A50 (Blue, 64 GB)');
insert into tagvalue (id, tag_id, asset_id, value) values (6701, 1, 336, 'SAMSUNG Galaxy A50 (Blue, 64 GB)');
insert into tagvalue (id, tag_id, asset_id, value) values (6702, 1, 336, '3.1');
insert into tagvalue (id, tag_id, asset_id, value) values (6703, 2, 336, '18600');
insert into tagvalue (id, tag_id, asset_id, value) values (6704, 3, 336, 'https://rukminim2.flixcart.com/image/312/312/jsyyufk0/mobile/e/t/q/samsung-galaxy-a50-sm-a505fzbgins-original-imafefghgjpvhxkq.jpeg?q=70');
insert into tagvalue (id, tag_id, asset_id, value) values (6705, 4, 336, '25');
insert into tagvalue (id, tag_id, asset_id, value) values (6706, 5, 336, 'AMOLED');
insert into tagvalue (id, tag_id, asset_id, value) values (6707, 6, 336, '4000');
insert into tagvalue (id, tag_id, asset_id, value) values (6708, 7, 336, '64');
insert into tagvalue (id, tag_id, asset_id, value) values (6709, 8, 336, '6');
insert into tagvalue (id, tag_id, asset_id, value) values (6710, 9, 336, 'not mentioned');
insert into tagvalue (id, tag_id, asset_id, value) values (6711, 10, 336, '11');
insert into asset (id,name) values (337, 'SAMSUNG Galaxy F62 (Laser Grey, 128 GB)');
insert into tagvalue (id, tag_id, asset_id, value) values (6721, 1, 337, 'SAMSUNG Galaxy F62 (Laser Grey, 128 GB)');
insert into tagvalue (id, tag_id, asset_id, value) values (6722, 1, 337, '4.1');
insert into tagvalue (id, tag_id, asset_id, value) values (6723, 2, 337, '23999');
insert into tagvalue (id, tag_id, asset_id, value) values (6724, 3, 337, 'https://rukminim2.flixcart.com/image/312/312/klb78nk0/mobile/4/y/h/galaxy-f62-sm-e625fzkdins-samsung-original-imagygxzrsmbhptk.jpeg?q=70');
insert into tagvalue (id, tag_id, asset_id, value) values (6725, 4, 337, '64');
insert into tagvalue (id, tag_id, asset_id, value) values (6726, 5, 337, 'HD+ AMOLED');
insert into tagvalue (id, tag_id, asset_id, value) values (6727, 6, 337, '7000');
insert into tagvalue (id, tag_id, asset_id, value) values (6728, 7, 337, '128');
insert into tagvalue (id, tag_id, asset_id, value) values (6729, 8, 337, '6');
insert into tagvalue (id, tag_id, asset_id, value) values (6730, 9, 337, 'Heilo356765');
insert into tagvalue (id, tag_id, asset_id, value) values (6731, 10, 337, '9');
insert into asset (id,name) values (338, 'SAMSUNG Galaxy A12 (Blue, 128 GB)');
insert into tagvalue (id, tag_id, asset_id, value) values (6741, 1, 338, 'SAMSUNG Galaxy A12 (Blue, 128 GB)');
insert into tagvalue (id, tag_id, asset_id, value) values (6742, 1, 338, '4.2');
insert into tagvalue (id, tag_id, asset_id, value) values (6743, 2, 338, '17999');
insert into tagvalue (id, tag_id, asset_id, value) values (6744, 3, 338, 'https://rukminim2.flixcart.com/image/312/312/krz97rk0/mobile/g/n/h/galaxy-a12-mtk-g35-sm-a125fzbjins-samsung-original-imag5n53wm8rg4tw.jpeg?q=70');
insert into tagvalue (id, tag_id, asset_id, value) values (6745, 4, 338, '48');
insert into tagvalue (id, tag_id, asset_id, value) values (6746, 5, 338, 'LCD');
insert into tagvalue (id, tag_id, asset_id, value) values (6747, 6, 338, '5000');
insert into tagvalue (id, tag_id, asset_id, value) values (6748, 7, 338, '128');
insert into tagvalue (id, tag_id, asset_id, value) values (6749, 8, 338, '6');
insert into tagvalue (id, tag_id, asset_id, value) values (6750, 9, 338, 'Snapdragon750G');
insert into tagvalue (id, tag_id, asset_id, value) values (6751, 10, 338, '12');
insert into asset (id,name) values (339, 'SAMSUNG Galaxy M42 5G (Prism Dot Black, 128 GB)');
insert into tagvalue (id, tag_id, asset_id, value) values (6761, 1, 339, 'SAMSUNG Galaxy M42 5G (Prism Dot Black, 128 GB)');
insert into tagvalue (id, tag_id, asset_id, value) values (6762, 1, 339, '4.3');
insert into tagvalue (id, tag_id, asset_id, value) values (6763, 2, 339, '21450');
insert into tagvalue (id, tag_id, asset_id, value) values (6764, 3, 339, 'https://rukminim2.flixcart.com/image/312/312/koenl3k0/mobile/c/b/r/galaxy-m42-5g-sm-m426bzkgins-samsung-original-imag2vggv8jqgh7s.jpeg?q=70');
insert into tagvalue (id, tag_id, asset_id, value) values (6765, 4, 339, '48');
insert into tagvalue (id, tag_id, asset_id, value) values (6766, 5, 339, 'AMOLED');
insert into tagvalue (id, tag_id, asset_id, value) values (6767, 6, 339, '5000');
insert into tagvalue (id, tag_id, asset_id, value) values (6768, 7, 339, '128');
insert into tagvalue (id, tag_id, asset_id, value) values (6769, 8, 339, '6');
insert into tagvalue (id, tag_id, asset_id, value) values (6770, 9, 339, 'not mentioned');
insert into tagvalue (id, tag_id, asset_id, value) values (6771, 10, 339, '9');
insert into asset (id,name) values (340, 'SAMSUNG Galaxy M30s (Blue, 64 GB)');
insert into tagvalue (id, tag_id, asset_id, value) values (6781, 1, 340, 'SAMSUNG Galaxy M30s (Blue, 64 GB)');
insert into tagvalue (id, tag_id, asset_id, value) values (6782, 1, 340, '4.1');
insert into tagvalue (id, tag_id, asset_id, value) values (6783, 2, 340, '13999');
insert into tagvalue (id, tag_id, asset_id, value) values (6784, 3, 340, 'https://rukminim2.flixcart.com/image/312/312/k51cpe80pkrrdj/mobile/g/f/m/samsung-galaxy-m30s-sm-m307fzbdins-original-imafkzzf3vfqzrfz.jpeg?q=70');
insert into tagvalue (id, tag_id, asset_id, value) values (6785, 4, 340, '48');
insert into tagvalue (id, tag_id, asset_id, value) values (6786, 5, 340, 'other_types');
insert into tagvalue (id, tag_id, asset_id, value) values (6787, 6, 340, '6000');
insert into tagvalue (id, tag_id, asset_id, value) values (6788, 7, 340, '64');
insert into tagvalue (id, tag_id, asset_id, value) values (6789, 8, 340, '4');
insert into tagvalue (id, tag_id, asset_id, value) values (6790, 9, 340, 'not mentioned');
insert into tagvalue (id, tag_id, asset_id, value) values (6791, 10, 340, '10');
insert into asset (id,name) values (341, 'SAMSUNG Galaxy A33 (Awesome White, 128 GB)');
insert into tagvalue (id, tag_id, asset_id, value) values (6801, 1, 341, 'SAMSUNG Galaxy A33 (Awesome White, 128 GB)');
insert into tagvalue (id, tag_id, asset_id, value) values (6802, 1, 341, '4.3');
insert into tagvalue (id, tag_id, asset_id, value) values (6803, 2, 341, '27499');
insert into tagvalue (id, tag_id, asset_id, value) values (6804, 3, 341, 'https://rukminim2.flixcart.com/image/312/312/l3xcr680/mobile/9/8/x/-original-imagexexsaxegzxk.jpeg?q=70');
insert into tagvalue (id, tag_id, asset_id, value) values (6805, 4, 341, '48');
insert into tagvalue (id, tag_id, asset_id, value) values (6806, 5, 341, 'other_types');
insert into tagvalue (id, tag_id, asset_id, value) values (6807, 6, 341, '5000');
insert into tagvalue (id, tag_id, asset_id, value) values (6808, 7, 341, '128');
insert into tagvalue (id, tag_id, asset_id, value) values (6809, 8, 341, '8');
insert into tagvalue (id, tag_id, asset_id, value) values (6810, 9, 341, 'not mentioned');
insert into tagvalue (id, tag_id, asset_id, value) values (6811, 10, 341, '10');
insert into asset (id,name) values (342, 'SAMSUNG Galaxy A70s (Prism Crush Red, 128 GB)');
insert into tagvalue (id, tag_id, asset_id, value) values (6821, 1, 342, 'SAMSUNG Galaxy A70s (Prism Crush Red, 128 GB)');
insert into tagvalue (id, tag_id, asset_id, value) values (6822, 1, 342, '4.3');
insert into tagvalue (id, tag_id, asset_id, value) values (6823, 2, 342, '31000');
insert into tagvalue (id, tag_id, asset_id, value) values (6824, 3, 342, 'https://rukminim2.flixcart.com/image/312/312/kgjqefk0/mobile/u/y/6/samsung-galaxy-a70s-sm-a707fzrwins-original-imafwraz3ahtvchh.jpeg?q=70');
insert into tagvalue (id, tag_id, asset_id, value) values (6825, 4, 342, '64');
insert into tagvalue (id, tag_id, asset_id, value) values (6826, 5, 342, 'other_types');
insert into tagvalue (id, tag_id, asset_id, value) values (6827, 6, 342, '4500');
insert into tagvalue (id, tag_id, asset_id, value) values (6828, 7, 342, '128');
insert into tagvalue (id, tag_id, asset_id, value) values (6829, 8, 342, '6');
insert into tagvalue (id, tag_id, asset_id, value) values (6830, 9, 342, 'not mentioned');
insert into tagvalue (id, tag_id, asset_id, value) values (6831, 10, 342, '10');
insert into asset (id,name) values (343, 'SAMSUNG Galaxy M21 (Raven Black, 64 GB)');
insert into tagvalue (id, tag_id, asset_id, value) values (6841, 1, 343, 'SAMSUNG Galaxy M21 (Raven Black, 64 GB)');
insert into tagvalue (id, tag_id, asset_id, value) values (6842, 1, 343, '4.2');
insert into tagvalue (id, tag_id, asset_id, value) values (6843, 2, 343, '12999');
insert into tagvalue (id, tag_id, asset_id, value) values (6844, 3, 343, 'https://rukminim2.flixcart.com/image/312/312/kah413k0/mobile/d/m/z/samsung-galaxy-m21-b07hgh8d2r-original-imafsfexgymaayrk.jpeg?q=70');
insert into tagvalue (id, tag_id, asset_id, value) values (6845, 4, 343, '48');
insert into tagvalue (id, tag_id, asset_id, value) values (6846, 5, 343, 'other_types');
insert into tagvalue (id, tag_id, asset_id, value) values (6847, 6, 343, '6000');
insert into tagvalue (id, tag_id, asset_id, value) values (6848, 7, 343, '64');
insert into tagvalue (id, tag_id, asset_id, value) values (6849, 8, 343, '4');
insert into tagvalue (id, tag_id, asset_id, value) values (6850, 9, 343, 'not mentioned');
insert into tagvalue (id, tag_id, asset_id, value) values (6851, 10, 343, '7');
insert into asset (id,name) values (344, 'SAMSUNG Galaxy A21s (Silver, 128 GB)');
insert into tagvalue (id, tag_id, asset_id, value) values (6861, 1, 344, 'SAMSUNG Galaxy A21s (Silver, 128 GB)');
insert into tagvalue (id, tag_id, asset_id, value) values (6862, 1, 344, '4.2');
insert into tagvalue (id, tag_id, asset_id, value) values (6863, 2, 344, '16999');
insert into tagvalue (id, tag_id, asset_id, value) values (6864, 3, 344, 'https://rukminim2.flixcart.com/image/312/312/kg6vfrk0/mobile/w/6/g/samsung-galaxy-a21s-sm-a217fzslins-original-imafwhjezxc7afzx.jpeg?q=70');
insert into tagvalue (id, tag_id, asset_id, value) values (6865, 4, 344, '48');
insert into tagvalue (id, tag_id, asset_id, value) values (6866, 5, 344, 'other_types');
insert into tagvalue (id, tag_id, asset_id, value) values (6867, 6, 344, '5000');
insert into tagvalue (id, tag_id, asset_id, value) values (6868, 7, 344, '128');
insert into tagvalue (id, tag_id, asset_id, value) values (6869, 8, 344, '6');
insert into tagvalue (id, tag_id, asset_id, value) values (6870, 9, 344, 'Snapdragon(SDM450-F01)');
insert into tagvalue (id, tag_id, asset_id, value) values (6871, 10, 344, '10');
insert into asset (id,name) values (345, 'SAMSUNG Galaxy M11 (Violet, 64 GB)');
insert into tagvalue (id, tag_id, asset_id, value) values (6881, 1, 345, 'SAMSUNG Galaxy M11 (Violet, 64 GB)');
insert into tagvalue (id, tag_id, asset_id, value) values (6882, 1, 345, '4.4');
insert into tagvalue (id, tag_id, asset_id, value) values (6883, 2, 345, '12999');
insert into tagvalue (id, tag_id, asset_id, value) values (6884, 3, 345, 'https://rukminim2.flixcart.com/image/312/312/kavefm80/mobile/h/c/y/samsung-galaxy-m11-sm-m115fzleins-original-imafscgysncykdxv.jpeg?q=70');
insert into tagvalue (id, tag_id, asset_id, value) values (6885, 4, 345, '13');
insert into tagvalue (id, tag_id, asset_id, value) values (6886, 5, 345, 'LCD');
insert into tagvalue (id, tag_id, asset_id, value) values (6887, 6, 345, '5000');
insert into tagvalue (id, tag_id, asset_id, value) values (6888, 7, 345, '64');
insert into tagvalue (id, tag_id, asset_id, value) values (6889, 8, 345, '4');
insert into tagvalue (id, tag_id, asset_id, value) values (6890, 9, 345, 'not mentioned');
insert into tagvalue (id, tag_id, asset_id, value) values (6891, 10, 345, '9');
insert into asset (id,name) values (346, 'SAMSUNG Galaxy A10s (Blue, 32 GB)');
insert into tagvalue (id, tag_id, asset_id, value) values (6901, 1, 346, 'SAMSUNG Galaxy A10s (Blue, 32 GB)');
insert into tagvalue (id, tag_id, asset_id, value) values (6902, 1, 346, '4.6');
insert into tagvalue (id, tag_id, asset_id, value) values (6903, 2, 346, '9490');
insert into tagvalue (id, tag_id, asset_id, value) values (6904, 3, 346, 'https://rukminim2.flixcart.com/image/312/312/k2jbyq80pkrrdj/mobile-refurbished/q/m/g/galaxy-a10s-32-gb-c-sm-a107fzbdins-samsung-2-original-imafjycggdwt5akh.jpeg?q=70');
insert into tagvalue (id, tag_id, asset_id, value) values (6905, 4, 346, '13');
insert into tagvalue (id, tag_id, asset_id, value) values (6906, 5, 346, 'other_types');
insert into tagvalue (id, tag_id, asset_id, value) values (6907, 6, 346, '4000');
insert into tagvalue (id, tag_id, asset_id, value) values (6908, 7, 346, '32');
insert into tagvalue (id, tag_id, asset_id, value) values (6909, 8, 346, '2');
insert into tagvalue (id, tag_id, asset_id, value) values (6910, 9, 346, 'Snapdragon(SDM439)');
insert into tagvalue (id, tag_id, asset_id, value) values (6911, 10, 346, '12');
insert into asset (id,name) values (347, 'SAMSUNG Galaxy Note 8 (Orchid Grey, 64 GB)');
insert into tagvalue (id, tag_id, asset_id, value) values (6921, 1, 347, 'SAMSUNG Galaxy Note 8 (Orchid Grey, 64 GB)');
insert into tagvalue (id, tag_id, asset_id, value) values (6922, 1, 347, '4.2');
insert into tagvalue (id, tag_id, asset_id, value) values (6923, 2, 347, '8464');
insert into tagvalue (id, tag_id, asset_id, value) values (6924, 3, 347, 'https://rukminim2.flixcart.com/image/312/312/js98x3k0/mobile/g/h/a/samsung-galaxy-note-8-na-original-imafdvaqjabwvguk.jpeg?q=70');
insert into tagvalue (id, tag_id, asset_id, value) values (6925, 4, 347, '12');
insert into tagvalue (id, tag_id, asset_id, value) values (6926, 5, 347, 'other_types');
insert into tagvalue (id, tag_id, asset_id, value) values (6927, 6, 347, '3300');
insert into tagvalue (id, tag_id, asset_id, value) values (6928, 7, 347, '64');
insert into tagvalue (id, tag_id, asset_id, value) values (6929, 8, 347, '6');
insert into tagvalue (id, tag_id, asset_id, value) values (6930, 9, 347, 'not mentioned');
insert into tagvalue (id, tag_id, asset_id, value) values (6931, 10, 347, '10');
insert into asset (id,name) values (348, 'SAMSUNG Galaxy M01 (Red, 32 GB)');
insert into tagvalue (id, tag_id, asset_id, value) values (6941, 1, 348, 'SAMSUNG Galaxy M01 (Red, 32 GB)');
insert into tagvalue (id, tag_id, asset_id, value) values (6942, 1, 348, '4.3');
insert into tagvalue (id, tag_id, asset_id, value) values (6943, 2, 348, '8999');
insert into tagvalue (id, tag_id, asset_id, value) values (6944, 3, 348, 'https://rukminim2.flixcart.com/image/312/312/kavefm80/mobile/b/g/z/samsung-galaxy-m01-sm-m015gzrdins-original-imafscggbdypyqqc.jpeg?q=70');
insert into tagvalue (id, tag_id, asset_id, value) values (6945, 4, 348, '13');
insert into tagvalue (id, tag_id, asset_id, value) values (6946, 5, 348, 'LCD');
insert into tagvalue (id, tag_id, asset_id, value) values (6947, 6, 348, '4000');
insert into tagvalue (id, tag_id, asset_id, value) values (6948, 7, 348, '32');
insert into tagvalue (id, tag_id, asset_id, value) values (6949, 8, 348, '3');
insert into tagvalue (id, tag_id, asset_id, value) values (6950, 9, 348, 'not mentioned');
insert into tagvalue (id, tag_id, asset_id, value) values (6951, 10, 348, '10');
insert into asset (id,name) values (349, 'SAMSUNG Galaxy A70s (Prism Crush White, 128 GB)');
insert into tagvalue (id, tag_id, asset_id, value) values (6961, 1, 349, 'SAMSUNG Galaxy A70s (Prism Crush White, 128 GB)');
insert into tagvalue (id, tag_id, asset_id, value) values (6962, 1, 349, '4.2');
insert into tagvalue (id, tag_id, asset_id, value) values (6963, 2, 349, '31000');
insert into tagvalue (id, tag_id, asset_id, value) values (6964, 3, 349, 'https://rukminim2.flixcart.com/image/312/312/kgjqefk0/mobile/j/s/5/samsung-galaxy-a70s-sm-a707fzwwins-original-imafwrdhsyfzh6yg.jpeg?q=70');
insert into tagvalue (id, tag_id, asset_id, value) values (6965, 4, 349, '64');
insert into tagvalue (id, tag_id, asset_id, value) values (6966, 5, 349, 'other_types');
insert into tagvalue (id, tag_id, asset_id, value) values (6967, 6, 349, '4500');
insert into tagvalue (id, tag_id, asset_id, value) values (6968, 7, 349, '128');
insert into tagvalue (id, tag_id, asset_id, value) values (6969, 8, 349, '6');
insert into tagvalue (id, tag_id, asset_id, value) values (6970, 9, 349, 'Snapdragon(SDM450-F01)');
insert into tagvalue (id, tag_id, asset_id, value) values (6971, 10, 349, '10');
insert into asset (id,name) values (350, 'SAMSUNG Galaxy M32 Prime Edition (Black, 64 GB)');
insert into tagvalue (id, tag_id, asset_id, value) values (6981, 1, 350, 'SAMSUNG Galaxy M32 Prime Edition (Black, 64 GB)');
insert into tagvalue (id, tag_id, asset_id, value) values (6982, 1, 350, '4.2');
insert into tagvalue (id, tag_id, asset_id, value) values (6983, 2, 350, '12185');
insert into tagvalue (id, tag_id, asset_id, value) values (6984, 3, 350, 'https://rukminim2.flixcart.com/image/312/312/xif0q/mobile/q/2/e/-original-imagjhqzefepgn4t.jpeg?q=70');
insert into tagvalue (id, tag_id, asset_id, value) values (6985, 4, 350, '64');
insert into tagvalue (id, tag_id, asset_id, value) values (6986, 5, 350, 'other_types');
insert into tagvalue (id, tag_id, asset_id, value) values (6987, 6, 350, '6000');
insert into tagvalue (id, tag_id, asset_id, value) values (6988, 7, 350, '64');
insert into tagvalue (id, tag_id, asset_id, value) values (6989, 8, 350, '4');
insert into tagvalue (id, tag_id, asset_id, value) values (6990, 9, 350, 'not mentioned');
insert into tagvalue (id, tag_id, asset_id, value) values (6991, 10, 350, '8');
insert into asset (id,name) values (351, 'SAMSUNG Galaxy M11 (Metallic Blue, 32 GB)');
insert into tagvalue (id, tag_id, asset_id, value) values (7001, 1, 351, 'SAMSUNG Galaxy M11 (Metallic Blue, 32 GB)');
insert into tagvalue (id, tag_id, asset_id, value) values (7002, 1, 351, '4.3');
insert into tagvalue (id, tag_id, asset_id, value) values (7003, 2, 351, '10999');
insert into tagvalue (id, tag_id, asset_id, value) values (7004, 3, 351, 'https://rukminim2.flixcart.com/image/312/312/kavefm80/mobile/w/u/z/samsung-galaxy-m11-sm-m115fmbeins-original-imafscgycugcewty.jpeg?q=70');
insert into tagvalue (id, tag_id, asset_id, value) values (7005, 4, 351, '13');
insert into tagvalue (id, tag_id, asset_id, value) values (7006, 5, 351, 'LCD');
insert into tagvalue (id, tag_id, asset_id, value) values (7007, 6, 351, '5000');
insert into tagvalue (id, tag_id, asset_id, value) values (7008, 7, 351, '32');
insert into tagvalue (id, tag_id, asset_id, value) values (7009, 8, 351, '3');
insert into tagvalue (id, tag_id, asset_id, value) values (7010, 9, 351, 'not mentioned');
insert into tagvalue (id, tag_id, asset_id, value) values (7011, 10, 351, '11');
insert into asset (id,name) values (352, 'SAMSUNG Galaxy F41 (Fusion Blue, 64 GB)');
insert into tagvalue (id, tag_id, asset_id, value) values (7021, 1, 352, 'SAMSUNG Galaxy F41 (Fusion Blue, 64 GB)');
insert into tagvalue (id, tag_id, asset_id, value) values (7022, 1, 352, '4.3');
insert into tagvalue (id, tag_id, asset_id, value) values (7023, 2, 352, '15999');
insert into tagvalue (id, tag_id, asset_id, value) values (7024, 3, 352, 'https://rukminim2.flixcart.com/image/312/312/kfzq8i80/mobile/y/j/f/samsung-galaxy-f41-sm-f415fzbdins-original-imafwbnpdafmeuj6.jpeg?q=70');
insert into tagvalue (id, tag_id, asset_id, value) values (7025, 4, 352, '64');
insert into tagvalue (id, tag_id, asset_id, value) values (7026, 5, 352, 'other_types');
insert into tagvalue (id, tag_id, asset_id, value) values (7027, 6, 352, '6000');
insert into tagvalue (id, tag_id, asset_id, value) values (7028, 7, 352, '64');
insert into tagvalue (id, tag_id, asset_id, value) values (7029, 8, 352, '6');
insert into tagvalue (id, tag_id, asset_id, value) values (7030, 9, 352, 'not mentioned');
insert into tagvalue (id, tag_id, asset_id, value) values (7031, 10, 352, '8');
insert into asset (id,name) values (353, 'SAMSUNG Galaxy A52 (Awesome Black, 128 GB)');
insert into tagvalue (id, tag_id, asset_id, value) values (7041, 1, 353, 'SAMSUNG Galaxy A52 (Awesome Black, 128 GB)');
insert into tagvalue (id, tag_id, asset_id, value) values (7042, 1, 353, '4.3');
insert into tagvalue (id, tag_id, asset_id, value) values (7043, 2, 353, '31999');
insert into tagvalue (id, tag_id, asset_id, value) values (7044, 3, 353, 'https://rukminim2.flixcart.com/image/312/312/kmf7ki80/mobile/r/z/1/galaxy-a52-sm-a525fzkhins-samsung-original-imagfb4vgf9eez3j.jpeg?q=70');
insert into tagvalue (id, tag_id, asset_id, value) values (7045, 4, 353, '64');
insert into tagvalue (id, tag_id, asset_id, value) values (7046, 5, 353, 'HD+ AMOLED');
insert into tagvalue (id, tag_id, asset_id, value) values (7047, 6, 353, '4500');
insert into tagvalue (id, tag_id, asset_id, value) values (7048, 7, 353, '128');
insert into tagvalue (id, tag_id, asset_id, value) values (7049, 8, 353, '8');
insert into tagvalue (id, tag_id, asset_id, value) values (7050, 9, 353, 'Snapdragon720GProcessor');
insert into tagvalue (id, tag_id, asset_id, value) values (7051, 10, 353, '12');
insert into asset (id,name) values (354, 'SAMSUNG Galaxy J6 (Black, 32 GB)');
insert into tagvalue (id, tag_id, asset_id, value) values (7061, 1, 354, 'SAMSUNG Galaxy J6 (Black, 32 GB)');
insert into tagvalue (id, tag_id, asset_id, value) values (7062, 1, 354, '4.4');
insert into tagvalue (id, tag_id, asset_id, value) values (7063, 2, 354, '11500');
insert into tagvalue (id, tag_id, asset_id, value) values (7064, 3, 354, 'https://rukminim2.flixcart.com/image/312/312/jjelq4w0/mobile/e/3/a/samsung-galaxy-j6-sm-j600gzkgins-original-imaf6zpe7vrnygsn.jpeg?q=70');
insert into tagvalue (id, tag_id, asset_id, value) values (7065, 4, 354, '13');
insert into tagvalue (id, tag_id, asset_id, value) values (7066, 5, 354, 'other_types');
insert into tagvalue (id, tag_id, asset_id, value) values (7067, 6, 354, '3000');
insert into tagvalue (id, tag_id, asset_id, value) values (7068, 7, 354, '32');
insert into tagvalue (id, tag_id, asset_id, value) values (7069, 8, 354, '3');
insert into tagvalue (id, tag_id, asset_id, value) values (7070, 9, 354, 'not mentioned');
insert into tagvalue (id, tag_id, asset_id, value) values (7071, 10, 354, '7');
insert into asset (id,name) values (355, 'SAMSUNG Galaxy M32 Prime Edition (Black, 128 GB)');
insert into tagvalue (id, tag_id, asset_id, value) values (7081, 1, 355, 'SAMSUNG Galaxy M32 Prime Edition (Black, 128 GB)');
insert into tagvalue (id, tag_id, asset_id, value) values (7082, 1, 355, '4.3');
insert into tagvalue (id, tag_id, asset_id, value) values (7083, 2, 355, '15200');
insert into tagvalue (id, tag_id, asset_id, value) values (7084, 3, 355, 'https://rukminim2.flixcart.com/image/312/312/xif0q/mobile/q/2/e/-original-imagjhqzefepgn4t.jpeg?q=70');
insert into tagvalue (id, tag_id, asset_id, value) values (7085, 4, 355, '64');
insert into tagvalue (id, tag_id, asset_id, value) values (7086, 5, 355, 'other_types');
insert into tagvalue (id, tag_id, asset_id, value) values (7087, 6, 355, '6000');
insert into tagvalue (id, tag_id, asset_id, value) values (7088, 7, 355, '128');
insert into tagvalue (id, tag_id, asset_id, value) values (7089, 8, 355, '6');
insert into tagvalue (id, tag_id, asset_id, value) values (7090, 9, 355, 'not mentioned');
insert into tagvalue (id, tag_id, asset_id, value) values (7091, 10, 355, '10');
insert into asset (id,name) values (356, 'SAMSUNG Galaxy J2 2018 (Gold, 16 GB)');
insert into tagvalue (id, tag_id, asset_id, value) values (7101, 1, 356, 'SAMSUNG Galaxy J2 2018 (Gold, 16 GB)');
insert into tagvalue (id, tag_id, asset_id, value) values (7102, 1, 356, '4.5');
insert into tagvalue (id, tag_id, asset_id, value) values (7103, 2, 356, '8200');
insert into tagvalue (id, tag_id, asset_id, value) values (7104, 3, 356, 'https://rukminim2.flixcart.com/image/312/312/jgpfs7k0/mobile/a/q/y/samsung-j2-2018-sm-j250g-original-imaf4uwk3udf3uj4.jpeg?q=70');
insert into tagvalue (id, tag_id, asset_id, value) values (7105, 4, 356, '8');
insert into tagvalue (id, tag_id, asset_id, value) values (7106, 5, 356, 'other_types');
insert into tagvalue (id, tag_id, asset_id, value) values (7107, 6, 356, '2600');
insert into tagvalue (id, tag_id, asset_id, value) values (7108, 7, 356, '16');
insert into tagvalue (id, tag_id, asset_id, value) values (7109, 8, 356, '2');
insert into tagvalue (id, tag_id, asset_id, value) values (7110, 9, 356, 'Snapdragon425P');
insert into tagvalue (id, tag_id, asset_id, value) values (7111, 10, 356, '11');
insert into asset (id,name) values (357, 'SAMSUNG Galaxy A12 (Blue, 128 GB)');
insert into tagvalue (id, tag_id, asset_id, value) values (7121, 1, 357, 'SAMSUNG Galaxy A12 (Blue, 128 GB)');
insert into tagvalue (id, tag_id, asset_id, value) values (7122, 1, 357, '4.1');
insert into tagvalue (id, tag_id, asset_id, value) values (7123, 2, 357, '17999');
insert into tagvalue (id, tag_id, asset_id, value) values (7124, 3, 357, 'https://rukminim2.flixcart.com/image/312/312/krz97rk0/mobile/g/n/h/galaxy-a12-mtk-g35-sm-a125fzbjins-samsung-original-imag5n53wm8rg4tw.jpeg?q=70');
insert into tagvalue (id, tag_id, asset_id, value) values (7125, 4, 357, '48');
insert into tagvalue (id, tag_id, asset_id, value) values (7126, 5, 357, 'LCD');
insert into tagvalue (id, tag_id, asset_id, value) values (7127, 6, 357, '5000');
insert into tagvalue (id, tag_id, asset_id, value) values (7128, 7, 357, '128');
insert into tagvalue (id, tag_id, asset_id, value) values (7129, 8, 357, '6');
insert into tagvalue (id, tag_id, asset_id, value) values (7130, 9, 357, 'Heilo356765');
insert into tagvalue (id, tag_id, asset_id, value) values (7131, 10, 357, '10');
insert into asset (id,name) values (358, 'SAMSUNG M32 5G (Sky blue, 128 GB)');
insert into tagvalue (id, tag_id, asset_id, value) values (7141, 1, 358, 'SAMSUNG M32 5G (Sky blue, 128 GB)');
insert into tagvalue (id, tag_id, asset_id, value) values (7142, 1, 358, '4.2');
insert into tagvalue (id, tag_id, asset_id, value) values (7143, 2, 358, '16200');
insert into tagvalue (id, tag_id, asset_id, value) values (7144, 3, 358, 'https://rukminim2.flixcart.com/image/312/312/xif0q/mobile/h/z/x/-original-imag6jmvqyef5nyf.jpeg?q=70');
insert into tagvalue (id, tag_id, asset_id, value) values (7145, 4, 358, '48');
insert into tagvalue (id, tag_id, asset_id, value) values (7146, 5, 358, 'other_types');
insert into tagvalue (id, tag_id, asset_id, value) values (7147, 6, 358, '5000');
insert into tagvalue (id, tag_id, asset_id, value) values (7148, 7, 358, '128');
insert into tagvalue (id, tag_id, asset_id, value) values (7149, 8, 358, '6');
insert into tagvalue (id, tag_id, asset_id, value) values (7150, 9, 358, 'Dimensity720');
insert into tagvalue (id, tag_id, asset_id, value) values (7151, 10, 358, '10');
insert into asset (id,name) values (359, 'SAMSUNG Galaxy M01 (Blue, 32 GB)');
insert into tagvalue (id, tag_id, asset_id, value) values (7161, 1, 359, 'SAMSUNG Galaxy M01 (Blue, 32 GB)');
insert into tagvalue (id, tag_id, asset_id, value) values (7162, 1, 359, '4.6');
insert into tagvalue (id, tag_id, asset_id, value) values (7163, 2, 359, '8999');
insert into tagvalue (id, tag_id, asset_id, value) values (7164, 3, 359, 'https://rukminim2.flixcart.com/image/312/312/kavefm80/mobile/d/f/a/samsung-galaxy-m01-sm-m015gzbdins-original-imafscggmdqgt62q.jpeg?q=70');
insert into tagvalue (id, tag_id, asset_id, value) values (7165, 4, 359, '13');
insert into tagvalue (id, tag_id, asset_id, value) values (7166, 5, 359, 'LCD');
insert into tagvalue (id, tag_id, asset_id, value) values (7167, 6, 359, '4000');
insert into tagvalue (id, tag_id, asset_id, value) values (7168, 7, 359, '32');
insert into tagvalue (id, tag_id, asset_id, value) values (7169, 8, 359, '3');
insert into tagvalue (id, tag_id, asset_id, value) values (7170, 9, 359, 'Snapdragon(SDM439)');
insert into tagvalue (id, tag_id, asset_id, value) values (7171, 10, 359, '8');
insert into asset (id,name) values (360, 'SAMSUNG Galaxy F41 (Fusion Blue, 128 GB)');
insert into tagvalue (id, tag_id, asset_id, value) values (7181, 1, 360, 'SAMSUNG Galaxy F41 (Fusion Blue, 128 GB)');
insert into tagvalue (id, tag_id, asset_id, value) values (7182, 1, 360, '4.4');
insert into tagvalue (id, tag_id, asset_id, value) values (7183, 2, 360, '14499');
insert into tagvalue (id, tag_id, asset_id, value) values (7184, 3, 360, 'https://rukminim2.flixcart.com/image/312/312/kfzq8i80/mobile/y/j/f/samsung-galaxy-f41-sm-f415fzbdins-original-imafwbnpdafmeuj6.jpeg?q=70');
insert into tagvalue (id, tag_id, asset_id, value) values (7185, 4, 360, '64');
insert into tagvalue (id, tag_id, asset_id, value) values (7186, 5, 360, 'other_types');
insert into tagvalue (id, tag_id, asset_id, value) values (7187, 6, 360, '6000');
insert into tagvalue (id, tag_id, asset_id, value) values (7188, 7, 360, '128');
insert into tagvalue (id, tag_id, asset_id, value) values (7189, 8, 360, '6');
insert into tagvalue (id, tag_id, asset_id, value) values (7190, 9, 360, 'not mentioned');
insert into tagvalue (id, tag_id, asset_id, value) values (7191, 10, 360, '8');
insert into asset (id,name) values (361, 'SAMSUNG Galaxy A7 (Gold, 64 GB)');
insert into tagvalue (id, tag_id, asset_id, value) values (7201, 1, 361, 'SAMSUNG Galaxy A7 (Gold, 64 GB)');
insert into tagvalue (id, tag_id, asset_id, value) values (7202, 1, 361, '4.2');
insert into tagvalue (id, tag_id, asset_id, value) values (7203, 2, 361, '22300');
insert into tagvalue (id, tag_id, asset_id, value) values (7204, 3, 361, 'https://rukminim2.flixcart.com/image/312/312/jmgmmq80/mobile/6/p/7/samsung-galaxy-a7-sm-a750fzddins-original-imaf9d35yrmzjvn5.jpeg?q=70');
insert into tagvalue (id, tag_id, asset_id, value) values (7205, 4, 361, '24');
insert into tagvalue (id, tag_id, asset_id, value) values (7206, 5, 361, 'AMOLED');
insert into tagvalue (id, tag_id, asset_id, value) values (7207, 6, 361, '3300');
insert into tagvalue (id, tag_id, asset_id, value) values (7208, 7, 361, '64');
insert into tagvalue (id, tag_id, asset_id, value) values (7209, 8, 361, '4');
insert into tagvalue (id, tag_id, asset_id, value) values (7210, 9, 361, 'not mentioned');
insert into tagvalue (id, tag_id, asset_id, value) values (7211, 10, 361, '13');
insert into asset (id,name) values (362, 'SAMSUNG Galaxy J2 Core (Black, 16 GB)');
insert into tagvalue (id, tag_id, asset_id, value) values (7221, 1, 362, 'SAMSUNG Galaxy J2 Core (Black, 16 GB)');
insert into tagvalue (id, tag_id, asset_id, value) values (7222, 1, 362, '4.4');
insert into tagvalue (id, tag_id, asset_id, value) values (7223, 2, 362, '6999');
insert into tagvalue (id, tag_id, asset_id, value) values (7224, 3, 362, 'https://rukminim2.flixcart.com/image/312/312/kqidx8w0/mobile/s/g/t/galaxy-j2-core-sm-j260gzkdins-samsung-original-imaf9f33s65wbgdn.jpeg?q=70');
insert into tagvalue (id, tag_id, asset_id, value) values (7225, 4, 362, '8');
insert into tagvalue (id, tag_id, asset_id, value) values (7226, 5, 362, 'LCD');
insert into tagvalue (id, tag_id, asset_id, value) values (7227, 6, 362, '2600');
insert into tagvalue (id, tag_id, asset_id, value) values (7228, 7, 362, '16');
insert into tagvalue (id, tag_id, asset_id, value) values (7229, 8, 362, '1');
insert into tagvalue (id, tag_id, asset_id, value) values (7230, 9, 362, 'not mentioned');
insert into tagvalue (id, tag_id, asset_id, value) values (7231, 10, 362, '11');
insert into asset (id,name) values (363, 'SAMSUNG Galaxy S23 Ultra 5G (Phantom Black, 1 TB)');
insert into tagvalue (id, tag_id, asset_id, value) values (7241, 1, 363, 'SAMSUNG Galaxy S23 Ultra 5G (Phantom Black, 1 TB)');
insert into tagvalue (id, tag_id, asset_id, value) values (7242, 1, 363, '4.1');
insert into tagvalue (id, tag_id, asset_id, value) values (7243, 2, 363, '23927');
insert into tagvalue (id, tag_id, asset_id, value) values (7244, 3, 363, 'https://rukminim2.flixcart.com/image/312/312/xif0q/mobile/m/l/o/-original-imagmg6gzjf7gggt.jpeg?q=70');
insert into tagvalue (id, tag_id, asset_id, value) values (7245, 4, 363, '200');
insert into tagvalue (id, tag_id, asset_id, value) values (7246, 5, 363, 'HD+ AMOLED');
insert into tagvalue (id, tag_id, asset_id, value) values (7247, 6, 363, '5000');
insert into tagvalue (id, tag_id, asset_id, value) values (7248, 7, 363, '1');
insert into tagvalue (id, tag_id, asset_id, value) values (7249, 8, 363, '12');
insert into tagvalue (id, tag_id, asset_id, value) values (7250, 9, 363, 'Gen8');
insert into tagvalue (id, tag_id, asset_id, value) values (7251, 10, 363, '10');
insert into asset (id,name) values (364, 'SAMSUNG Galaxy F42 5G (Matte Black, 128 GB)');
insert into tagvalue (id, tag_id, asset_id, value) values (7261, 1, 364, 'SAMSUNG Galaxy F42 5G (Matte Black, 128 GB)');
insert into tagvalue (id, tag_id, asset_id, value) values (7262, 1, 364, '4.3');
insert into tagvalue (id, tag_id, asset_id, value) values (7263, 2, 364, '20999');
insert into tagvalue (id, tag_id, asset_id, value) values (7264, 3, 364, 'https://rukminim2.flixcart.com/image/312/312/ku4ezrk0/mobile/v/5/e/galaxy-f42-5g-sm-e426bzahins-samsung-original-imag7anfwxsgumgz.jpeg?q=70');
insert into tagvalue (id, tag_id, asset_id, value) values (7265, 4, 364, '64');
insert into tagvalue (id, tag_id, asset_id, value) values (7266, 5, 364, 'other_types');
insert into tagvalue (id, tag_id, asset_id, value) values (7267, 6, 364, '5000');
insert into tagvalue (id, tag_id, asset_id, value) values (7268, 7, 364, '128');
insert into tagvalue (id, tag_id, asset_id, value) values (7269, 8, 364, '6');
insert into tagvalue (id, tag_id, asset_id, value) values (7270, 9, 364, 'Dimensity700');
insert into tagvalue (id, tag_id, asset_id, value) values (7271, 10, 364, '10');
insert into asset (id,name) values (365, 'SAMSUNG Galaxy F41 (Fusion Green, 64 GB)');
insert into tagvalue (id, tag_id, asset_id, value) values (7281, 1, 365, 'SAMSUNG Galaxy F41 (Fusion Green, 64 GB)');
insert into tagvalue (id, tag_id, asset_id, value) values (7282, 1, 365, '4.3');
insert into tagvalue (id, tag_id, asset_id, value) values (7283, 2, 365, '15999');
insert into tagvalue (id, tag_id, asset_id, value) values (7284, 3, 365, 'https://rukminim2.flixcart.com/image/312/312/kfzq8i80/mobile/w/z/z/samsung-galaxy-f41-sm-f415fzgdins-original-imafwbnhbywwg5gh.jpeg?q=70');
insert into tagvalue (id, tag_id, asset_id, value) values (7285, 4, 365, '64');
insert into tagvalue (id, tag_id, asset_id, value) values (7286, 5, 365, 'other_types');
insert into tagvalue (id, tag_id, asset_id, value) values (7287, 6, 365, '6000');
insert into tagvalue (id, tag_id, asset_id, value) values (7288, 7, 365, '64');
insert into tagvalue (id, tag_id, asset_id, value) values (7289, 8, 365, '6');
insert into tagvalue (id, tag_id, asset_id, value) values (7290, 9, 365, 'not mentioned');
insert into tagvalue (id, tag_id, asset_id, value) values (7291, 10, 365, '11');
insert into asset (id,name) values (366, 'SAMSUNG M31s (Mirage Blue, 128 GB)');
insert into tagvalue (id, tag_id, asset_id, value) values (7301, 1, 366, 'SAMSUNG M31s (Mirage Blue, 128 GB)');
insert into tagvalue (id, tag_id, asset_id, value) values (7302, 1, 366, '4.1');
insert into tagvalue (id, tag_id, asset_id, value) values (7303, 2, 366, '24999');
insert into tagvalue (id, tag_id, asset_id, value) values (7304, 3, 366, 'https://rukminim2.flixcart.com/image/312/312/kdt50nk0/screen-guard/screen-guard/h/h/e/marshland-trt46-original-imafumwfbkwhsg9y.jpeg?q=70');
insert into tagvalue (id, tag_id, asset_id, value) values (7305, 4, 366, '64');
insert into tagvalue (id, tag_id, asset_id, value) values (7306, 5, 366, 'AMOLED');
insert into tagvalue (id, tag_id, asset_id, value) values (7307, 6, 366, '6000');
insert into tagvalue (id, tag_id, asset_id, value) values (7308, 7, 366, '128');
insert into tagvalue (id, tag_id, asset_id, value) values (7309, 8, 366, '8');
insert into tagvalue (id, tag_id, asset_id, value) values (7310, 9, 366, 'not mentioned');
insert into tagvalue (id, tag_id, asset_id, value) values (7311, 10, 366, '9');
insert into asset (id,name) values (367, 'SAMSUNG Galaxy A32 (Awesome Blue, 128 GB)');
insert into tagvalue (id, tag_id, asset_id, value) values (7321, 1, 367, 'SAMSUNG Galaxy A32 (Awesome Blue, 128 GB)');
insert into tagvalue (id, tag_id, asset_id, value) values (7322, 1, 367, '4.4');
insert into tagvalue (id, tag_id, asset_id, value) values (7323, 2, 367, '24999');
insert into tagvalue (id, tag_id, asset_id, value) values (7324, 3, 367, 'https://rukminim2.flixcart.com/image/312/312/kltryq80/mobile/3/d/b/galaxy-a32-sm-a325fzbhins-samsung-original-imagyuy3vgyeuntc.jpeg?q=70');
insert into tagvalue (id, tag_id, asset_id, value) values (7325, 4, 367, '64');
insert into tagvalue (id, tag_id, asset_id, value) values (7326, 5, 367, 'HD+ AMOLED');
insert into tagvalue (id, tag_id, asset_id, value) values (7327, 6, 367, '5000');
insert into tagvalue (id, tag_id, asset_id, value) values (7328, 7, 367, '128');
insert into tagvalue (id, tag_id, asset_id, value) values (7329, 8, 367, '6');
insert into tagvalue (id, tag_id, asset_id, value) values (7330, 9, 367, 'Heilo80P');
insert into tagvalue (id, tag_id, asset_id, value) values (7331, 10, 367, '9');
insert into asset (id,name) values (368, 'SAMSUNG Galaxy A50 (White, 64 GB)');
insert into tagvalue (id, tag_id, asset_id, value) values (7341, 1, 368, 'SAMSUNG Galaxy A50 (White, 64 GB)');
insert into tagvalue (id, tag_id, asset_id, value) values (7342, 1, 368, '4.3');
insert into tagvalue (id, tag_id, asset_id, value) values (7343, 2, 368, '24000');
insert into tagvalue (id, tag_id, asset_id, value) values (7344, 3, 368, 'https://rukminim2.flixcart.com/image/312/312/jsyyufk0/mobile/b/w/f/samsung-galaxy-a50-sm-a505fzwdins-original-imafefghh95xxr6d.jpeg?q=70');
insert into tagvalue (id, tag_id, asset_id, value) values (7345, 4, 368, '25');
insert into tagvalue (id, tag_id, asset_id, value) values (7346, 5, 368, 'AMOLED');
insert into tagvalue (id, tag_id, asset_id, value) values (7347, 6, 368, '4000');
insert into tagvalue (id, tag_id, asset_id, value) values (7348, 7, 368, '64');
insert into tagvalue (id, tag_id, asset_id, value) values (7349, 8, 368, '6');
insert into tagvalue (id, tag_id, asset_id, value) values (7350, 9, 368, 'not mentioned');
insert into tagvalue (id, tag_id, asset_id, value) values (7351, 10, 368, '11');
insert into asset (id,name) values (369, 'SAMSUNG Galaxy A70 (Blue, 128 GB)');
insert into tagvalue (id, tag_id, asset_id, value) values (7361, 1, 369, 'SAMSUNG Galaxy A70 (Blue, 128 GB)');
insert into tagvalue (id, tag_id, asset_id, value) values (7362, 1, 369, '4.4');
insert into tagvalue (id, tag_id, asset_id, value) values (7363, 2, 369, '30900');
insert into tagvalue (id, tag_id, asset_id, value) values (7364, 3, 369, 'https://rukminim2.flixcart.com/image/312/312/k2jbyq80pkrrdj/mobile-refurbished/h/d/t/galaxy-a70-128-u-sm-a705gzbhins-samsung-6-original-imaffhmhffzeqkhw.jpeg?q=70');
insert into tagvalue (id, tag_id, asset_id, value) values (7365, 4, 369, '32');
insert into tagvalue (id, tag_id, asset_id, value) values (7366, 5, 369, 'other_types');
insert into tagvalue (id, tag_id, asset_id, value) values (7367, 6, 369, '4500');
insert into tagvalue (id, tag_id, asset_id, value) values (7368, 7, 369, '128');
insert into tagvalue (id, tag_id, asset_id, value) values (7369, 8, 369, '6');
insert into tagvalue (id, tag_id, asset_id, value) values (7370, 9, 369, 'not mentioned');
insert into tagvalue (id, tag_id, asset_id, value) values (7371, 10, 369, '10');
insert into asset (id,name) values (370, 'SAMSUNG Galaxy F22 (Denim Blue, 128 GB)');
insert into tagvalue (id, tag_id, asset_id, value) values (7381, 1, 370, 'SAMSUNG Galaxy F22 (Denim Blue, 128 GB)');
insert into tagvalue (id, tag_id, asset_id, value) values (7382, 1, 370, '4.1');
insert into tagvalue (id, tag_id, asset_id, value) values (7383, 2, 370, '13499');
insert into tagvalue (id, tag_id, asset_id, value) values (7384, 3, 370, 'https://rukminim2.flixcart.com/image/312/312/kqqykcw0/mobile/j/5/7/galaxy-f22-sm-e225flbdins-samsung-original-imag4z99fp4qdfby.jpeg?q=70');
insert into tagvalue (id, tag_id, asset_id, value) values (7385, 4, 370, '48');
insert into tagvalue (id, tag_id, asset_id, value) values (7386, 5, 370, 'other_types');
insert into tagvalue (id, tag_id, asset_id, value) values (7387, 6, 370, '6000');
insert into tagvalue (id, tag_id, asset_id, value) values (7388, 7, 370, '128');
insert into tagvalue (id, tag_id, asset_id, value) values (7389, 8, 370, '6');
insert into tagvalue (id, tag_id, asset_id, value) values (7390, 9, 370, 'Heilo80P');
insert into tagvalue (id, tag_id, asset_id, value) values (7391, 10, 370, '11');
insert into asset (id,name) values (371, 'SAMSUNG Galaxy M01 (Black, 32 GB)');
insert into tagvalue (id, tag_id, asset_id, value) values (7401, 1, 371, 'SAMSUNG Galaxy M01 (Black, 32 GB)');
insert into tagvalue (id, tag_id, asset_id, value) values (7402, 1, 371, '4.2');
insert into tagvalue (id, tag_id, asset_id, value) values (7403, 2, 371, '8999');
insert into tagvalue (id, tag_id, asset_id, value) values (7404, 3, 371, 'https://rukminim2.flixcart.com/image/312/312/kavefm80/mobile/x/g/r/samsung-galaxy-m01-sm-m015gzkdins-original-imafscggjk6twbh6.jpeg?q=70');
insert into tagvalue (id, tag_id, asset_id, value) values (7405, 4, 371, '13');
insert into tagvalue (id, tag_id, asset_id, value) values (7406, 5, 371, 'LCD');
insert into tagvalue (id, tag_id, asset_id, value) values (7407, 6, 371, '4000');
insert into tagvalue (id, tag_id, asset_id, value) values (7408, 7, 371, '32');
insert into tagvalue (id, tag_id, asset_id, value) values (7409, 8, 371, '3');
insert into tagvalue (id, tag_id, asset_id, value) values (7410, 9, 371, 'Snapdragon(SDM439)');
insert into tagvalue (id, tag_id, asset_id, value) values (7411, 10, 371, '4');
insert into asset (id,name) values (372, 'SAMSUNG Galaxy M42 (Prism Dot Gray, 128 GB)');
insert into tagvalue (id, tag_id, asset_id, value) values (7421, 1, 372, 'SAMSUNG Galaxy M42 (Prism Dot Gray, 128 GB)');
insert into tagvalue (id, tag_id, asset_id, value) values (7422, 1, 372, '4.2');
insert into tagvalue (id, tag_id, asset_id, value) values (7423, 2, 372, '18990');
insert into tagvalue (id, tag_id, asset_id, value) values (7424, 3, 372, 'https://rukminim2.flixcart.com/image/312/312/kpcy5jk0/mobile/w/m/y/galaxy-m42-galaxy-m42-samsung-original-imag3hz5gndhffxn.jpeg?q=70');
insert into tagvalue (id, tag_id, asset_id, value) values (7425, 4, 372, '48');
insert into tagvalue (id, tag_id, asset_id, value) values (7426, 5, 372, 'other_types');
insert into tagvalue (id, tag_id, asset_id, value) values (7427, 6, 372, '5000');
insert into tagvalue (id, tag_id, asset_id, value) values (7428, 7, 372, '128');
insert into tagvalue (id, tag_id, asset_id, value) values (7429, 8, 372, '8');
insert into tagvalue (id, tag_id, asset_id, value) values (7430, 9, 372, 'Snapdragon750GProcessor');
insert into tagvalue (id, tag_id, asset_id, value) values (7431, 10, 372, '10');
insert into asset (id,name) values (373, 'SAMSUNG Galaxy core prime (Milky White, 8 GB)');
insert into tagvalue (id, tag_id, asset_id, value) values (7441, 1, 373, 'SAMSUNG Galaxy core prime (Milky White, 8 GB)');
insert into tagvalue (id, tag_id, asset_id, value) values (7442, 1, 373, '4.1');
insert into tagvalue (id, tag_id, asset_id, value) values (7443, 2, 373, '8999');
insert into tagvalue (id, tag_id, asset_id, value) values (7444, 3, 373, 'https://rukminim2.flixcart.com/image/312/312/xif0q/mobile/j/m/3/galaxy-core-prime-sm-g360fzwyinu-samsung-original-imagzyh4jxrdqwbg.jpeg?q=70');
insert into tagvalue (id, tag_id, asset_id, value) values (7445, 4, 373, '5');
insert into tagvalue (id, tag_id, asset_id, value) values (7446, 5, 373, 'other_types');
insert into tagvalue (id, tag_id, asset_id, value) values (7447, 6, 373, '2000');
insert into tagvalue (id, tag_id, asset_id, value) values (7448, 7, 373, '8');
insert into tagvalue (id, tag_id, asset_id, value) values (7449, 8, 373, '1');
insert into tagvalue (id, tag_id, asset_id, value) values (7450, 9, 373, 'not mentioned');
insert into tagvalue (id, tag_id, asset_id, value) values (7451, 10, 373, '10');
insert into asset (id,name) values (374, 'SAMSUNG GALAXY M31S (Mirage Black, 128 GB)');
insert into tagvalue (id, tag_id, asset_id, value) values (7461, 1, 374, 'SAMSUNG GALAXY M31S (Mirage Black, 128 GB)');
insert into tagvalue (id, tag_id, asset_id, value) values (7462, 1, 374, '4.3');
insert into tagvalue (id, tag_id, asset_id, value) values (7463, 2, 374, '23900');
insert into tagvalue (id, tag_id, asset_id, value) values (7464, 3, 374, 'https://rukminim2.flixcart.com/image/312/312/kffq2kw0/mobile/h/3/j/samsung-galaxy-m31s-sm-m317fzkdins-original-imafvweqsfr6uwwm.jpeg?q=70');
insert into tagvalue (id, tag_id, asset_id, value) values (7465, 4, 374, '64');
insert into tagvalue (id, tag_id, asset_id, value) values (7466, 5, 374, 'other_types');
insert into tagvalue (id, tag_id, asset_id, value) values (7467, 6, 374, '6000');
insert into tagvalue (id, tag_id, asset_id, value) values (7468, 7, 374, '128');
insert into tagvalue (id, tag_id, asset_id, value) values (7469, 8, 374, '8');
insert into tagvalue (id, tag_id, asset_id, value) values (7470, 9, 374, 'not mentioned');
insert into tagvalue (id, tag_id, asset_id, value) values (7471, 10, 374, '10');
insert into asset (id,name) values (375, 'SAMSUNG Galaxy M21 (Iceberg Blue, 64 GB)');
insert into tagvalue (id, tag_id, asset_id, value) values (7481, 1, 375, 'SAMSUNG Galaxy M21 (Iceberg Blue, 64 GB)');
insert into tagvalue (id, tag_id, asset_id, value) values (7482, 1, 375, '4.2');
insert into tagvalue (id, tag_id, asset_id, value) values (7483, 2, 375, '14775');
insert into tagvalue (id, tag_id, asset_id, value) values (7484, 3, 375, 'https://rukminim2.flixcart.com/image/312/312/kgv5x8w0/mobile/v/t/y/samsung-galaxy-m21-sm-m215flbdins-original-imafxykjnbc2wghg.jpeg?q=70');
insert into tagvalue (id, tag_id, asset_id, value) values (7485, 4, 375, '48');
insert into tagvalue (id, tag_id, asset_id, value) values (7486, 5, 375, 'other_types');
insert into tagvalue (id, tag_id, asset_id, value) values (7487, 6, 375, '6000');
insert into tagvalue (id, tag_id, asset_id, value) values (7488, 7, 375, '64');
insert into tagvalue (id, tag_id, asset_id, value) values (7489, 8, 375, '4');
insert into tagvalue (id, tag_id, asset_id, value) values (7490, 9, 375, 'not mentioned');
insert into tagvalue (id, tag_id, asset_id, value) values (7491, 10, 375, '10');
insert into asset (id,name) values (376, 'SAMSUNG Galaxy A21s (Black, 128 GB)');
insert into tagvalue (id, tag_id, asset_id, value) values (7501, 1, 376, 'SAMSUNG Galaxy A21s (Black, 128 GB)');
insert into tagvalue (id, tag_id, asset_id, value) values (7502, 1, 376, '4.0');
insert into tagvalue (id, tag_id, asset_id, value) values (7503, 2, 376, '16999');
insert into tagvalue (id, tag_id, asset_id, value) values (7504, 3, 376, 'https://rukminim2.flixcart.com/image/312/312/kbi9h8w0/mobile/g/g/c/samsung-galaxy-a21s-sm-a217fzkfins-original-imafsuyajewgnfcg.jpeg?q=70');
insert into tagvalue (id, tag_id, asset_id, value) values (7505, 4, 376, '48');
insert into tagvalue (id, tag_id, asset_id, value) values (7506, 5, 376, 'other_types');
insert into tagvalue (id, tag_id, asset_id, value) values (7507, 6, 376, '5000');
insert into tagvalue (id, tag_id, asset_id, value) values (7508, 7, 376, '128');
insert into tagvalue (id, tag_id, asset_id, value) values (7509, 8, 376, '6');
insert into tagvalue (id, tag_id, asset_id, value) values (7510, 9, 376, 'not mentioned');
insert into tagvalue (id, tag_id, asset_id, value) values (7511, 10, 376, '10');
insert into asset (id,name) values (377, 'SAMSUNG Galaxy M02 (Gray, 32 GB)');
insert into tagvalue (id, tag_id, asset_id, value) values (7521, 1, 377, 'SAMSUNG Galaxy M02 (Gray, 32 GB)');
insert into tagvalue (id, tag_id, asset_id, value) values (7522, 1, 377, '4.3');
insert into tagvalue (id, tag_id, asset_id, value) values (7523, 2, 377, '8499');
insert into tagvalue (id, tag_id, asset_id, value) values (7524, 3, 377, 'https://rukminim2.flixcart.com/image/312/312/kkzrpu80/mobile/b/e/u/galaxy-m02-b08t2nnt4s5-samsung-original-imagy73cteuu4kfj.jpeg?q=70');
insert into tagvalue (id, tag_id, asset_id, value) values (7525, 4, 377, '13');
insert into tagvalue (id, tag_id, asset_id, value) values (7526, 5, 377, 'other_types');
insert into tagvalue (id, tag_id, asset_id, value) values (7527, 6, 377, '5000');
insert into tagvalue (id, tag_id, asset_id, value) values (7528, 7, 377, '32');
insert into tagvalue (id, tag_id, asset_id, value) values (7529, 8, 377, '3');
insert into tagvalue (id, tag_id, asset_id, value) values (7530, 9, 377, 'MediaTek');
insert into tagvalue (id, tag_id, asset_id, value) values (7531, 10, 377, '13');
insert into asset (id,name) values (378, 'SAMSUNG Galaxy M31 (Space Black, 128 GB)');
insert into tagvalue (id, tag_id, asset_id, value) values (7541, 1, 378, 'SAMSUNG Galaxy M31 (Space Black, 128 GB)');
insert into tagvalue (id, tag_id, asset_id, value) values (7542, 1, 378, '4.5');
insert into tagvalue (id, tag_id, asset_id, value) values (7543, 2, 378, '18799');
insert into tagvalue (id, tag_id, asset_id, value) values (7544, 3, 378, 'https://rukminim2.flixcart.com/image/312/312/ke8uv0w0/mobile/g/e/k/samsung-galaxy-m31-sm-m315fzkhins-original-imafuywtj9yfjjhx.jpeg?q=70');
insert into tagvalue (id, tag_id, asset_id, value) values (7545, 4, 378, '64');
insert into tagvalue (id, tag_id, asset_id, value) values (7546, 5, 378, 'other_types');
insert into tagvalue (id, tag_id, asset_id, value) values (7547, 6, 378, '6000');
insert into tagvalue (id, tag_id, asset_id, value) values (7548, 7, 378, '128');
insert into tagvalue (id, tag_id, asset_id, value) values (7549, 8, 378, '8');
insert into tagvalue (id, tag_id, asset_id, value) values (7550, 9, 378, 'not mentioned');
insert into tagvalue (id, tag_id, asset_id, value) values (7551, 10, 378, '10');
insert into asset (id,name) values (379, 'SAMSUNG Galaxy S23 Plus 5G (Phantom Black, 256 GB)');
insert into tagvalue (id, tag_id, asset_id, value) values (7561, 1, 379, 'SAMSUNG Galaxy S23 Plus 5G (Phantom Black, 256 GB)');
insert into tagvalue (id, tag_id, asset_id, value) values (7562, 1, 379, '4.3');
insert into tagvalue (id, tag_id, asset_id, value) values (7563, 2, 379, '29463');
insert into tagvalue (id, tag_id, asset_id, value) values (7564, 3, 379, 'https://rukminim2.flixcart.com/image/312/312/xif0q/mobile/c/1/h/-original-imagmg6gcjyuvzvn.jpeg?q=70');
insert into tagvalue (id, tag_id, asset_id, value) values (7565, 4, 379, '50');
insert into tagvalue (id, tag_id, asset_id, value) values (7566, 5, 379, 'HD+ AMOLED');
insert into tagvalue (id, tag_id, asset_id, value) values (7567, 6, 379, '4700');
insert into tagvalue (id, tag_id, asset_id, value) values (7568, 7, 379, '256');
insert into tagvalue (id, tag_id, asset_id, value) values (7569, 8, 379, '8');
insert into tagvalue (id, tag_id, asset_id, value) values (7570, 9, 379, 'Gen8');
insert into tagvalue (id, tag_id, asset_id, value) values (7571, 10, 379, '9');
insert into asset (id,name) values (380, 'SAMSUNG Galaxy A51 (Prism Crush Black, 128 GB)');
insert into tagvalue (id, tag_id, asset_id, value) values (7581, 1, 380, 'SAMSUNG Galaxy A51 (Prism Crush Black, 128 GB)');
insert into tagvalue (id, tag_id, asset_id, value) values (7582, 1, 380, '4.3');
insert into tagvalue (id, tag_id, asset_id, value) values (7583, 2, 380, '20999');
insert into tagvalue (id, tag_id, asset_id, value) values (7584, 3, 380, 'https://rukminim2.flixcart.com/image/312/312/k62i5jk0/mobile/y/k/s/samsung-galaxy-a51-sm-a515fzkhins-original-imafzhr399hrsbzb.jpeg?q=70');
insert into tagvalue (id, tag_id, asset_id, value) values (7585, 4, 380, '48');
insert into tagvalue (id, tag_id, asset_id, value) values (7586, 5, 380, 'AMOLED');
insert into tagvalue (id, tag_id, asset_id, value) values (7587, 6, 380, '4000');
insert into tagvalue (id, tag_id, asset_id, value) values (7588, 7, 380, '128');
insert into tagvalue (id, tag_id, asset_id, value) values (7589, 8, 380, '6');
insert into tagvalue (id, tag_id, asset_id, value) values (7590, 9, 380, 'not mentioned');
insert into tagvalue (id, tag_id, asset_id, value) values (7591, 10, 380, '11');
insert into asset (id,name) values (381, 'SAMSUNG Galaxy A70 (Black, 128 GB)');
insert into tagvalue (id, tag_id, asset_id, value) values (7601, 1, 381, 'SAMSUNG Galaxy A70 (Black, 128 GB)');
insert into tagvalue (id, tag_id, asset_id, value) values (7602, 1, 381, '4.2');
insert into tagvalue (id, tag_id, asset_id, value) values (7603, 2, 381, '30900');
insert into tagvalue (id, tag_id, asset_id, value) values (7604, 3, 381, 'https://rukminim2.flixcart.com/image/312/312/k2jbyq80pkrrdj/mobile-refurbished/u/k/g/galaxy-a70-128-b-sm-a705gzkhins-samsung-6-original-imaffnv6tzdve9ju.jpeg?q=70');
insert into tagvalue (id, tag_id, asset_id, value) values (7605, 4, 381, '32');
insert into tagvalue (id, tag_id, asset_id, value) values (7606, 5, 381, 'other_types');
insert into tagvalue (id, tag_id, asset_id, value) values (7607, 6, 381, '4500');
insert into tagvalue (id, tag_id, asset_id, value) values (7608, 7, 381, '128');
insert into tagvalue (id, tag_id, asset_id, value) values (7609, 8, 381, '6');
insert into tagvalue (id, tag_id, asset_id, value) values (7610, 9, 381, 'not mentioned');
insert into tagvalue (id, tag_id, asset_id, value) values (7611, 10, 381, '13');
insert into asset (id,name) values (382, 'SAMSUNG Galaxy M52 5G (Blazing Black, 128 GB)');
insert into tagvalue (id, tag_id, asset_id, value) values (7621, 1, 382, 'SAMSUNG Galaxy M52 5G (Blazing Black, 128 GB)');
insert into tagvalue (id, tag_id, asset_id, value) values (7622, 1, 382, '4.1');
insert into tagvalue (id, tag_id, asset_id, value) values (7623, 2, 382, '23068');
insert into tagvalue (id, tag_id, asset_id, value) values (7624, 3, 382, 'https://rukminim2.flixcart.com/image/312/312/xif0q/mobile/p/5/r/-original-imag7h2tmrsaugcz.jpeg?q=70');
insert into tagvalue (id, tag_id, asset_id, value) values (7625, 4, 382, '64');
insert into tagvalue (id, tag_id, asset_id, value) values (7626, 5, 382, 'other_types');
insert into tagvalue (id, tag_id, asset_id, value) values (7627, 6, 382, '5000');
insert into tagvalue (id, tag_id, asset_id, value) values (7628, 7, 382, '128');
insert into tagvalue (id, tag_id, asset_id, value) values (7629, 8, 382, '6');
insert into tagvalue (id, tag_id, asset_id, value) values (7630, 9, 382, 'not mentioned');
insert into tagvalue (id, tag_id, asset_id, value) values (7631, 10, 382, '9');
insert into asset (id,name) values (383, 'SAMSUNG Galaxy A20s (Green, 32 GB)');
insert into tagvalue (id, tag_id, asset_id, value) values (7641, 1, 383, 'SAMSUNG Galaxy A20s (Green, 32 GB)');
insert into tagvalue (id, tag_id, asset_id, value) values (7642, 1, 383, '4.4');
insert into tagvalue (id, tag_id, asset_id, value) values (7643, 2, 383, '12900');
insert into tagvalue (id, tag_id, asset_id, value) values (7644, 3, 383, 'https://rukminim2.flixcart.com/image/312/312/k2jbyq80pkrrdj/mobile-refurbished/g/f/a/galaxy-a20s-64-a-sm-a207fzggins-samsung-4-original-imafh4nxesr3ghcf.jpeg?q=70');
insert into tagvalue (id, tag_id, asset_id, value) values (7645, 4, 383, '13');
insert into tagvalue (id, tag_id, asset_id, value) values (7646, 5, 383, 'other_types');
insert into tagvalue (id, tag_id, asset_id, value) values (7647, 6, 383, '4000');
insert into tagvalue (id, tag_id, asset_id, value) values (7648, 7, 383, '32');
insert into tagvalue (id, tag_id, asset_id, value) values (7649, 8, 383, '3');
insert into tagvalue (id, tag_id, asset_id, value) values (7650, 9, 383, 'not mentioned');
insert into tagvalue (id, tag_id, asset_id, value) values (7651, 10, 383, '10');
insert into asset (id,name) values (384, 'SAMSUNG Galaxy S23 Ultra 5G (Green, 1 TB)');
insert into tagvalue (id, tag_id, asset_id, value) values (7661, 1, 384, 'SAMSUNG Galaxy S23 Ultra 5G (Green, 1 TB)');
insert into tagvalue (id, tag_id, asset_id, value) values (7662, 1, 384, '4.3');
insert into tagvalue (id, tag_id, asset_id, value) values (7663, 2, 384, '23927');
insert into tagvalue (id, tag_id, asset_id, value) values (7664, 3, 384, 'https://rukminim2.flixcart.com/image/312/312/xif0q/mobile/2/s/7/-original-imagmg6gktts6sfy.jpeg?q=70');
insert into tagvalue (id, tag_id, asset_id, value) values (7665, 4, 384, '200');
insert into tagvalue (id, tag_id, asset_id, value) values (7666, 5, 384, 'HD+ AMOLED');
insert into tagvalue (id, tag_id, asset_id, value) values (7667, 6, 384, '5000');
insert into tagvalue (id, tag_id, asset_id, value) values (7668, 7, 384, '1');
insert into tagvalue (id, tag_id, asset_id, value) values (7669, 8, 384, '12');
insert into tagvalue (id, tag_id, asset_id, value) values (7670, 9, 384, 'Gen8');
insert into tagvalue (id, tag_id, asset_id, value) values (7671, 10, 384, '7');
insert into asset (id,name) values (385, 'SAMSUNG Galaxy A70s (Prism Crush Red, 128 GB)');
insert into tagvalue (id, tag_id, asset_id, value) values (7681, 1, 385, 'SAMSUNG Galaxy A70s (Prism Crush Red, 128 GB)');
insert into tagvalue (id, tag_id, asset_id, value) values (7682, 1, 385, '4.3');
insert into tagvalue (id, tag_id, asset_id, value) values (7683, 2, 385, '32000');
insert into tagvalue (id, tag_id, asset_id, value) values (7684, 3, 385, 'https://rukminim2.flixcart.com/image/312/312/kgjqefk0/mobile/u/y/6/samsung-galaxy-a70s-sm-a707fzrwins-original-imafwraz3ahtvchh.jpeg?q=70');
insert into tagvalue (id, tag_id, asset_id, value) values (7685, 4, 385, '64');
insert into tagvalue (id, tag_id, asset_id, value) values (7686, 5, 385, 'other_types');
insert into tagvalue (id, tag_id, asset_id, value) values (7687, 6, 385, '4500');
insert into tagvalue (id, tag_id, asset_id, value) values (7688, 7, 385, '128');
insert into tagvalue (id, tag_id, asset_id, value) values (7689, 8, 385, '8');
insert into tagvalue (id, tag_id, asset_id, value) values (7690, 9, 385, 'not mentioned');
insert into tagvalue (id, tag_id, asset_id, value) values (7691, 10, 385, '5');
insert into asset (id,name) values (386, 'SAMSUNG Galaxy A31 (Prism Crush Black, 128 GB)');
insert into tagvalue (id, tag_id, asset_id, value) values (7701, 1, 386, 'SAMSUNG Galaxy A31 (Prism Crush Black, 128 GB)');
insert into tagvalue (id, tag_id, asset_id, value) values (7702, 1, 386, '4.6');
insert into tagvalue (id, tag_id, asset_id, value) values (7703, 2, 386, '23999');
insert into tagvalue (id, tag_id, asset_id, value) values (7704, 3, 386, 'https://rukminim2.flixcart.com/image/312/312/kamtsi80/mobile/g/2/j/samsung-galaxy-a31-sm-a315fzkwins-original-imafs5p5ffjbkf3w.jpeg?q=70');
insert into tagvalue (id, tag_id, asset_id, value) values (7705, 4, 386, '48');
insert into tagvalue (id, tag_id, asset_id, value) values (7706, 5, 386, 'AMOLED');
insert into tagvalue (id, tag_id, asset_id, value) values (7707, 6, 386, '5000');
insert into tagvalue (id, tag_id, asset_id, value) values (7708, 7, 386, '128');
insert into tagvalue (id, tag_id, asset_id, value) values (7709, 8, 386, '6');
insert into tagvalue (id, tag_id, asset_id, value) values (7710, 9, 386, 'MediaTek');
insert into tagvalue (id, tag_id, asset_id, value) values (7711, 10, 386, '8');
insert into asset (id,name) values (387, 'SAMSUNG Galaxy Note 8 (Midnight Black, 64 GB)');
insert into tagvalue (id, tag_id, asset_id, value) values (7721, 1, 387, 'SAMSUNG Galaxy Note 8 (Midnight Black, 64 GB)');
insert into tagvalue (id, tag_id, asset_id, value) values (7722, 1, 387, '4.1');
insert into tagvalue (id, tag_id, asset_id, value) values (7723, 2, 387, '8464');
insert into tagvalue (id, tag_id, asset_id, value) values (7724, 3, 387, 'https://rukminim2.flixcart.com/image/312/312/jbpeavk0/mobile/f/f/n/samsung-galaxy-note-8-sm-n950f-original-imafy3r926hhgzy8.jpeg?q=70');
insert into tagvalue (id, tag_id, asset_id, value) values (7725, 4, 387, '12');
insert into tagvalue (id, tag_id, asset_id, value) values (7726, 5, 387, 'other_types');
insert into tagvalue (id, tag_id, asset_id, value) values (7727, 6, 387, '3300');
insert into tagvalue (id, tag_id, asset_id, value) values (7728, 7, 387, '64');
insert into tagvalue (id, tag_id, asset_id, value) values (7729, 8, 387, '6');
insert into tagvalue (id, tag_id, asset_id, value) values (7730, 9, 387, 'not mentioned');
insert into tagvalue (id, tag_id, asset_id, value) values (7731, 10, 387, '10');
insert into asset (id,name) values (388, 'SAMSUNG Galaxy duos (White, 4 GB)');
insert into tagvalue (id, tag_id, asset_id, value) values (7741, 1, 388, 'SAMSUNG Galaxy duos (White, 4 GB)');
insert into tagvalue (id, tag_id, asset_id, value) values (7742, 1, 388, '4.2');
insert into tagvalue (id, tag_id, asset_id, value) values (7743, 2, 388, '13390');
insert into tagvalue (id, tag_id, asset_id, value) values (7744, 3, 388, 'https://rukminim2.flixcart.com/image/312/312/xif0q/mobile/r/e/u/s-dues-galaxy-s-dues-samsung-original-imagn6fufpugdgrh.jpeg?q=70');
insert into tagvalue (id, tag_id, asset_id, value) values (7745, 4, 388, '5');
insert into tagvalue (id, tag_id, asset_id, value) values (7746, 5, 388, 'other_types');
insert into tagvalue (id, tag_id, asset_id, value) values (7747, 6, 388, '1500');
insert into tagvalue (id, tag_id, asset_id, value) values (7748, 7, 388, '4');
insert into tagvalue (id, tag_id, asset_id, value) values (7749, 8, 388, '1');
insert into tagvalue (id, tag_id, asset_id, value) values (7750, 9, 388, 'not mentioned');
insert into tagvalue (id, tag_id, asset_id, value) values (7751, 10, 388, '10');
insert into asset (id,name) values (389, 'SAMSUNG Galaxy A7 (Blue, 64 GB)');
insert into tagvalue (id, tag_id, asset_id, value) values (7761, 1, 389, 'SAMSUNG Galaxy A7 (Blue, 64 GB)');
insert into tagvalue (id, tag_id, asset_id, value) values (7762, 1, 389, '4.4');
insert into tagvalue (id, tag_id, asset_id, value) values (7763, 2, 389, '22300');
insert into tagvalue (id, tag_id, asset_id, value) values (7764, 3, 389, 'https://rukminim2.flixcart.com/image/312/312/jmgmmq80/mobile/x/f/z/samsung-galaxy-a7-sm-a750fzbhins-original-imaf9d35cv5anzqw.jpeg?q=70');
insert into tagvalue (id, tag_id, asset_id, value) values (7765, 4, 389, '24');
insert into tagvalue (id, tag_id, asset_id, value) values (7766, 5, 389, 'AMOLED');
insert into tagvalue (id, tag_id, asset_id, value) values (7767, 6, 389, '3300');
insert into tagvalue (id, tag_id, asset_id, value) values (7768, 7, 389, '64');
insert into tagvalue (id, tag_id, asset_id, value) values (7769, 8, 389, '4');
insert into tagvalue (id, tag_id, asset_id, value) values (7770, 9, 389, 'not mentioned');
insert into tagvalue (id, tag_id, asset_id, value) values (7771, 10, 389, '11');
insert into asset (id,name) values (390, 'SAMSUNG Galaxy Note 20 (Mystic Blue, 256 GB)');
insert into tagvalue (id, tag_id, asset_id, value) values (7781, 1, 390, 'SAMSUNG Galaxy Note 20 (Mystic Blue, 256 GB)');
insert into tagvalue (id, tag_id, asset_id, value) values (7782, 1, 390, '4.2');
insert into tagvalue (id, tag_id, asset_id, value) values (7783, 2, 390, '20464');
insert into tagvalue (id, tag_id, asset_id, value) values (7784, 3, 390, 'https://rukminim2.flixcart.com/image/312/312/kdxfc7k0/mobile/u/a/z/samsung-galaxy-note-20-sm-n980fzbgins-original-imafuq7pxeyqhkkx.jpeg?q=70');
insert into tagvalue (id, tag_id, asset_id, value) values (7785, 4, 390, '64');
insert into tagvalue (id, tag_id, asset_id, value) values (7786, 5, 390, 'HD+ AMOLED');
insert into tagvalue (id, tag_id, asset_id, value) values (7787, 6, 390, '4300');
insert into tagvalue (id, tag_id, asset_id, value) values (7788, 7, 390, '256');
insert into tagvalue (id, tag_id, asset_id, value) values (7789, 8, 390, '8');
insert into tagvalue (id, tag_id, asset_id, value) values (7790, 9, 390, 'not mentioned');
insert into tagvalue (id, tag_id, asset_id, value) values (7791, 10, 390, '11');
insert into asset (id,name) values (391, 'SAMSUNG Galaxy S20+ (Cosmic Black, 128 GB)');
insert into tagvalue (id, tag_id, asset_id, value) values (7801, 1, 391, 'SAMSUNG Galaxy S20+ (Cosmic Black, 128 GB)');
insert into tagvalue (id, tag_id, asset_id, value) values (7802, 1, 391, '4.4');
insert into tagvalue (id, tag_id, asset_id, value) values (7803, 2, 391, '17464');
insert into tagvalue (id, tag_id, asset_id, value) values (7804, 3, 391, 'https://rukminim2.flixcart.com/image/312/312/k6mibgw0/mobile/z/u/x/samsung-galaxy-s20-sm-g985fzkdinu-original-imafpfkbsxshxns2.jpeg?q=70');
insert into tagvalue (id, tag_id, asset_id, value) values (7805, 4, 391, '64');
insert into tagvalue (id, tag_id, asset_id, value) values (7806, 5, 391, 'AMOLED');
insert into tagvalue (id, tag_id, asset_id, value) values (7807, 6, 391, '4500');
insert into tagvalue (id, tag_id, asset_id, value) values (7808, 7, 391, '128');
insert into tagvalue (id, tag_id, asset_id, value) values (7809, 8, 391, '8');
insert into tagvalue (id, tag_id, asset_id, value) values (7810, 9, 391, 'not mentioned');
insert into tagvalue (id, tag_id, asset_id, value) values (7811, 10, 391, '6');
insert into asset (id,name) values (392, 'SAMSUNG Galaxy Z Flip3 5G (Phantom Black, 256 GB)');
insert into tagvalue (id, tag_id, asset_id, value) values (7821, 1, 392, 'SAMSUNG Galaxy Z Flip3 5G (Phantom Black, 256 GB)');
insert into tagvalue (id, tag_id, asset_id, value) values (7822, 1, 392, '4.3');
insert into tagvalue (id, tag_id, asset_id, value) values (7823, 2, 392, '23463');
insert into tagvalue (id, tag_id, asset_id, value) values (7824, 3, 392, 'https://rukminim2.flixcart.com/image/312/312/ksnjp8w0/mobile/f/k/y/galaxy-z-flip3-5g-sm-f711bzkainu-samsung-original-imag662axn2xmght.jpeg?q=70');
insert into tagvalue (id, tag_id, asset_id, value) values (7825, 4, 392, '12');
insert into tagvalue (id, tag_id, asset_id, value) values (7826, 5, 392, 'HD+ AMOLED');
insert into tagvalue (id, tag_id, asset_id, value) values (7827, 6, 392, '3300');
insert into tagvalue (id, tag_id, asset_id, value) values (7828, 7, 392, '256');
insert into tagvalue (id, tag_id, asset_id, value) values (7829, 8, 392, '8');
insert into tagvalue (id, tag_id, asset_id, value) values (7830, 9, 392, 'Snapdragon888');
insert into tagvalue (id, tag_id, asset_id, value) values (7831, 10, 392, '10');
insert into asset (id,name) values (393, 'SAMSUNG Galaxy A12 (Blue, 128 GB)');
insert into tagvalue (id, tag_id, asset_id, value) values (7841, 1, 393, 'SAMSUNG Galaxy A12 (Blue, 128 GB)');
insert into tagvalue (id, tag_id, asset_id, value) values (7842, 1, 393, '4.5');
insert into tagvalue (id, tag_id, asset_id, value) values (7843, 2, 393, '12867');
insert into tagvalue (id, tag_id, asset_id, value) values (7844, 3, 393, 'https://rukminim2.flixcart.com/image/312/312/krz97rk0/mobile/g/n/h/galaxy-a12-mtk-g35-sm-a125fzbjins-samsung-original-imag5n53wm8rg4tw.jpeg?q=70');
insert into tagvalue (id, tag_id, asset_id, value) values (7845, 4, 393, '48');
insert into tagvalue (id, tag_id, asset_id, value) values (7846, 5, 393, 'LCD');
insert into tagvalue (id, tag_id, asset_id, value) values (7847, 6, 393, '5000');
insert into tagvalue (id, tag_id, asset_id, value) values (7848, 7, 393, '128');
insert into tagvalue (id, tag_id, asset_id, value) values (7849, 8, 393, '6');
insert into tagvalue (id, tag_id, asset_id, value) values (7850, 9, 393, 'not mentioned');
insert into tagvalue (id, tag_id, asset_id, value) values (7851, 10, 393, '8');
insert into asset (id,name) values (394, 'SAMSUNG Galaxy J7 Prime (Gold, 32 GB)');
insert into tagvalue (id, tag_id, asset_id, value) values (7861, 1, 394, 'SAMSUNG Galaxy J7 Prime (Gold, 32 GB)');
insert into tagvalue (id, tag_id, asset_id, value) values (7862, 1, 394, '4.3');
insert into tagvalue (id, tag_id, asset_id, value) values (7863, 2, 394, '15300');
insert into tagvalue (id, tag_id, asset_id, value) values (7864, 3, 394, 'https://rukminim2.flixcart.com/image/312/312/jdkjzww0/mobile/c/h/f/samsung-galaxy-j7-prime-sm-g610fzddins-sm-g610fzdoins-original-imaf2gf2gcbcyykg.jpeg?q=70');
insert into tagvalue (id, tag_id, asset_id, value) values (7865, 4, 394, '13');
insert into tagvalue (id, tag_id, asset_id, value) values (7866, 5, 394, 'other_types');
insert into tagvalue (id, tag_id, asset_id, value) values (7867, 6, 394, '3300');
insert into tagvalue (id, tag_id, asset_id, value) values (7868, 7, 394, '32');
insert into tagvalue (id, tag_id, asset_id, value) values (7869, 8, 394, '3');
insert into tagvalue (id, tag_id, asset_id, value) values (7870, 9, 394, 'not mentioned');
insert into tagvalue (id, tag_id, asset_id, value) values (7871, 10, 394, '8');
insert into asset (id,name) values (395, 'SAMSUNG Galaxy A31 (Prism Crush Blue, 128 GB)');
insert into tagvalue (id, tag_id, asset_id, value) values (7881, 1, 395, 'SAMSUNG Galaxy A31 (Prism Crush Blue, 128 GB)');
insert into tagvalue (id, tag_id, asset_id, value) values (7882, 1, 395, '4.4');
insert into tagvalue (id, tag_id, asset_id, value) values (7883, 2, 395, '16999');
insert into tagvalue (id, tag_id, asset_id, value) values (7884, 3, 395, 'https://rukminim2.flixcart.com/image/312/312/kamtsi80/mobile/z/c/w/samsung-galaxy-a31-sm-a315fzbwins-original-imafs5p5kwscdurq.jpeg?q=70');
insert into tagvalue (id, tag_id, asset_id, value) values (7885, 4, 395, '48');
insert into tagvalue (id, tag_id, asset_id, value) values (7886, 5, 395, 'AMOLED');
insert into tagvalue (id, tag_id, asset_id, value) values (7887, 6, 395, '5000');
insert into tagvalue (id, tag_id, asset_id, value) values (7888, 7, 395, '128');
insert into tagvalue (id, tag_id, asset_id, value) values (7889, 8, 395, '6');
insert into tagvalue (id, tag_id, asset_id, value) values (7890, 9, 395, 'MediaTek');
insert into tagvalue (id, tag_id, asset_id, value) values (7891, 10, 395, '10');
insert into asset (id,name) values (396, 'SAMSUNG Galaxy J8 (Blue, 64 GB)');
insert into tagvalue (id, tag_id, asset_id, value) values (7901, 1, 396, 'SAMSUNG Galaxy J8 (Blue, 64 GB)');
insert into tagvalue (id, tag_id, asset_id, value) values (7902, 1, 396, '4.4');
insert into tagvalue (id, tag_id, asset_id, value) values (7903, 2, 396, '17000');
insert into tagvalue (id, tag_id, asset_id, value) values (7904, 3, 396, 'https://rukminim2.flixcart.com/image/312/312/jjelq4w0/mobile/4/x/5/samsung-galaxy-j8-sm-j810gzbgins-original-imaf6zg5zkgnwguk.jpeg?q=70');
insert into tagvalue (id, tag_id, asset_id, value) values (7905, 4, 396, '16');
insert into tagvalue (id, tag_id, asset_id, value) values (7906, 5, 396, 'other_types');
insert into tagvalue (id, tag_id, asset_id, value) values (7907, 6, 396, '3500');
insert into tagvalue (id, tag_id, asset_id, value) values (7908, 7, 396, '64');
insert into tagvalue (id, tag_id, asset_id, value) values (7909, 8, 396, '4');
insert into tagvalue (id, tag_id, asset_id, value) values (7910, 9, 396, 'Snapdragon450P');
insert into tagvalue (id, tag_id, asset_id, value) values (7911, 10, 396, '10');
insert into asset (id,name) values (397, 'SAMSUNG Galaxy J8 (Black, 64 GB)');
insert into tagvalue (id, tag_id, asset_id, value) values (7921, 1, 397, 'SAMSUNG Galaxy J8 (Black, 64 GB)');
insert into tagvalue (id, tag_id, asset_id, value) values (7922, 1, 397, '4.2');
insert into tagvalue (id, tag_id, asset_id, value) values (7923, 2, 397, '17000');
insert into tagvalue (id, tag_id, asset_id, value) values (7924, 3, 397, 'https://rukminim2.flixcart.com/image/312/312/jjelq4w0/mobile/z/g/g/samsung-galaxy-j8-sm-j810g-original-imaf6zg5bwpvhezx.jpeg?q=70');
insert into tagvalue (id, tag_id, asset_id, value) values (7925, 4, 397, '16');
insert into tagvalue (id, tag_id, asset_id, value) values (7926, 5, 397, 'other_types');
insert into tagvalue (id, tag_id, asset_id, value) values (7927, 6, 397, '3500');
insert into tagvalue (id, tag_id, asset_id, value) values (7928, 7, 397, '64');
insert into tagvalue (id, tag_id, asset_id, value) values (7929, 8, 397, '4');
insert into tagvalue (id, tag_id, asset_id, value) values (7930, 9, 397, 'Snapdragon450P');
insert into tagvalue (id, tag_id, asset_id, value) values (7931, 10, 397, '10');
insert into asset (id,name) values (398, 'SAMSUNG Galaxy M31s (Mirage Blue, 128 GB)');
insert into tagvalue (id, tag_id, asset_id, value) values (7941, 1, 398, 'SAMSUNG Galaxy M31s (Mirage Blue, 128 GB)');
insert into tagvalue (id, tag_id, asset_id, value) values (7942, 1, 398, '4.1');
insert into tagvalue (id, tag_id, asset_id, value) values (7943, 2, 398, '18999');
insert into tagvalue (id, tag_id, asset_id, value) values (7944, 3, 398, 'https://rukminim2.flixcart.com/image/312/312/ke8uv0w0/mobile/e/7/r/samsung-galaxy-m31s-sm-m317fzbdins-original-imafuywznfyhzy9t.jpeg?q=70');
insert into tagvalue (id, tag_id, asset_id, value) values (7945, 4, 398, '64');
insert into tagvalue (id, tag_id, asset_id, value) values (7946, 5, 398, 'other_types');
insert into tagvalue (id, tag_id, asset_id, value) values (7947, 6, 398, '6000');
insert into tagvalue (id, tag_id, asset_id, value) values (7948, 7, 398, '128');
insert into tagvalue (id, tag_id, asset_id, value) values (7949, 8, 398, '6');
insert into tagvalue (id, tag_id, asset_id, value) values (7950, 9, 398, 'not mentioned');
insert into tagvalue (id, tag_id, asset_id, value) values (7951, 10, 398, '9');
insert into asset (id,name) values (399, 'SAMSUNG Galaxy A32 (Awesome Black, 128 GB)');
insert into tagvalue (id, tag_id, asset_id, value) values (7961, 1, 399, 'SAMSUNG Galaxy A32 (Awesome Black, 128 GB)');
insert into tagvalue (id, tag_id, asset_id, value) values (7962, 1, 399, '4.5');
insert into tagvalue (id, tag_id, asset_id, value) values (7963, 2, 399, '24999');
insert into tagvalue (id, tag_id, asset_id, value) values (7964, 3, 399, 'https://rukminim2.flixcart.com/image/312/312/klscivk0/mobile/5/t/k/a32-sm-a325fzkhins-samsung-original-imagyu3bndhp4tzf.jpeg?q=70');
insert into tagvalue (id, tag_id, asset_id, value) values (7965, 4, 399, '64');
insert into tagvalue (id, tag_id, asset_id, value) values (7966, 5, 399, 'other_types');
insert into tagvalue (id, tag_id, asset_id, value) values (7967, 6, 399, '5000');
insert into tagvalue (id, tag_id, asset_id, value) values (7968, 7, 399, '128');
insert into tagvalue (id, tag_id, asset_id, value) values (7969, 8, 399, '6');
insert into tagvalue (id, tag_id, asset_id, value) values (7970, 9, 399, 'not mentioned');
insert into tagvalue (id, tag_id, asset_id, value) values (7971, 10, 399, '9');
insert into asset (id,name) values (400, 'SAMSUNG Galaxy F41 (Fusion Black, 128 GB)');
insert into tagvalue (id, tag_id, asset_id, value) values (7981, 1, 400, 'SAMSUNG Galaxy F41 (Fusion Black, 128 GB)');
insert into tagvalue (id, tag_id, asset_id, value) values (7982, 1, 400, '4.4');
insert into tagvalue (id, tag_id, asset_id, value) values (7983, 2, 400, '14499');
insert into tagvalue (id, tag_id, asset_id, value) values (7984, 3, 400, 'https://rukminim2.flixcart.com/image/312/312/kfzq8i80/mobile/w/s/2/samsung-galaxy-f41-sm-f415fzkdins-original-imafwbnvxuhzvtpv.jpeg?q=70');
insert into tagvalue (id, tag_id, asset_id, value) values (7985, 4, 400, '64');
insert into tagvalue (id, tag_id, asset_id, value) values (7986, 5, 400, 'other_types');
insert into tagvalue (id, tag_id, asset_id, value) values (7987, 6, 400, '6000');
insert into tagvalue (id, tag_id, asset_id, value) values (7988, 7, 400, '128');
insert into tagvalue (id, tag_id, asset_id, value) values (7989, 8, 400, '6');
insert into tagvalue (id, tag_id, asset_id, value) values (7990, 9, 400, 'not mentioned');
insert into tagvalue (id, tag_id, asset_id, value) values (7991, 10, 400, '9');
insert into asset (id,name) values (401, 'SAMSUNG Galaxy A10s (Black, 32 GB)');
insert into tagvalue (id, tag_id, asset_id, value) values (8001, 1, 401, 'SAMSUNG Galaxy A10s (Black, 32 GB)');
insert into tagvalue (id, tag_id, asset_id, value) values (8002, 1, 401, '4.3');
insert into tagvalue (id, tag_id, asset_id, value) values (8003, 2, 401, '10000');
insert into tagvalue (id, tag_id, asset_id, value) values (8004, 3, 401, 'https://rukminim2.flixcart.com/image/312/312/k2jbyq80pkrrdj/mobile-refurbished/d/u/c/galaxy-a10s-32-gb-c-sm-a107fzkdins-samsung-2-original-imafjycfagsvuzrw.jpeg?q=70');
insert into tagvalue (id, tag_id, asset_id, value) values (8005, 4, 401, '13');
insert into tagvalue (id, tag_id, asset_id, value) values (8006, 5, 401, 'other_types');
insert into tagvalue (id, tag_id, asset_id, value) values (8007, 6, 401, '4000');
insert into tagvalue (id, tag_id, asset_id, value) values (8008, 7, 401, '32');
insert into tagvalue (id, tag_id, asset_id, value) values (8009, 8, 401, '2');
insert into tagvalue (id, tag_id, asset_id, value) values (8010, 9, 401, 'MediaTek');
insert into tagvalue (id, tag_id, asset_id, value) values (8011, 10, 401, '9');
insert into asset (id,name) values (402, 'SAMSUNG Galaxy A50 (Blue, 64 GB)');
insert into tagvalue (id, tag_id, asset_id, value) values (8021, 1, 402, 'SAMSUNG Galaxy A50 (Blue, 64 GB)');
insert into tagvalue (id, tag_id, asset_id, value) values (8022, 1, 402, '4.2');
insert into tagvalue (id, tag_id, asset_id, value) values (8023, 2, 402, '21000');
insert into tagvalue (id, tag_id, asset_id, value) values (8024, 3, 402, 'https://rukminim2.flixcart.com/image/312/312/jsyyufk0/mobile/e/t/q/samsung-galaxy-a50-sm-a505fzbgins-original-imafefghgjpvhxkq.jpeg?q=70');
insert into tagvalue (id, tag_id, asset_id, value) values (8025, 4, 402, '25');
insert into tagvalue (id, tag_id, asset_id, value) values (8026, 5, 402, 'AMOLED');
insert into tagvalue (id, tag_id, asset_id, value) values (8027, 6, 402, '4000');
insert into tagvalue (id, tag_id, asset_id, value) values (8028, 7, 402, '64');
insert into tagvalue (id, tag_id, asset_id, value) values (8029, 8, 402, '4');
insert into tagvalue (id, tag_id, asset_id, value) values (8030, 9, 402, 'not mentioned');
insert into tagvalue (id, tag_id, asset_id, value) values (8031, 10, 402, '8');
insert into asset (id,name) values (403, 'SAMSUNG Galaxy M40 (Seawater Blue, 128 GB)');
insert into tagvalue (id, tag_id, asset_id, value) values (8041, 1, 403, 'SAMSUNG Galaxy M40 (Seawater Blue, 128 GB)');
insert into tagvalue (id, tag_id, asset_id, value) values (8042, 1, 403, '4.5');
insert into tagvalue (id, tag_id, asset_id, value) values (8043, 2, 403, '21490');
insert into tagvalue (id, tag_id, asset_id, value) values (8044, 3, 403, 'https://rukminim2.flixcart.com/image/312/312/k51cpe80pkrrdj/mobile/5/j/g/samsung-galaxy-m40-m40-original-imafg6vph4j6fazf.jpeg?q=70');
insert into tagvalue (id, tag_id, asset_id, value) values (8045, 4, 403, '32');
insert into tagvalue (id, tag_id, asset_id, value) values (8046, 5, 403, 'other_types');
insert into tagvalue (id, tag_id, asset_id, value) values (8047, 6, 403, '3500');
insert into tagvalue (id, tag_id, asset_id, value) values (8048, 7, 403, '128');
insert into tagvalue (id, tag_id, asset_id, value) values (8049, 8, 403, '6');
insert into tagvalue (id, tag_id, asset_id, value) values (8050, 9, 403, 'not mentioned');
insert into tagvalue (id, tag_id, asset_id, value) values (8051, 10, 403, '9');
insert into asset (id,name) values (404, 'SAMSUNG Galaxy A30s (Prism Crush Violet, 64 GB)');
insert into tagvalue (id, tag_id, asset_id, value) values (8061, 1, 404, 'SAMSUNG Galaxy A30s (Prism Crush Violet, 64 GB)');
insert into tagvalue (id, tag_id, asset_id, value) values (8062, 1, 404, '4.3');
insert into tagvalue (id, tag_id, asset_id, value) values (8063, 2, 404, '16199');
insert into tagvalue (id, tag_id, asset_id, value) values (8064, 3, 404, 'https://rukminim2.flixcart.com/image/312/312/k4vmxzk0/mobile/g/v/z/samsung-galaxy-a30s-sm-a307fzlvins-original-imafk8hxeujuqvzw.jpeg?q=70');
insert into tagvalue (id, tag_id, asset_id, value) values (8065, 4, 404, '25');
insert into tagvalue (id, tag_id, asset_id, value) values (8066, 5, 404, 'other_types');
insert into tagvalue (id, tag_id, asset_id, value) values (8067, 6, 404, '4000');
insert into tagvalue (id, tag_id, asset_id, value) values (8068, 7, 404, '64');
insert into tagvalue (id, tag_id, asset_id, value) values (8069, 8, 404, '4');
insert into tagvalue (id, tag_id, asset_id, value) values (8070, 9, 404, 'not mentioned');
insert into tagvalue (id, tag_id, asset_id, value) values (8071, 10, 404, '12');
insert into asset (id,name) values (405, 'SAMSUNG Galaxy J4 Plus (Black, 32 GB)');
insert into tagvalue (id, tag_id, asset_id, value) values (8081, 1, 405, 'SAMSUNG Galaxy J4 Plus (Black, 32 GB)');
insert into tagvalue (id, tag_id, asset_id, value) values (8082, 1, 405, '4.4');
insert into tagvalue (id, tag_id, asset_id, value) values (8083, 2, 405, '9000');
insert into tagvalue (id, tag_id, asset_id, value) values (8084, 3, 405, 'https://rukminim2.flixcart.com/image/312/312/jmgmmq80/mobile/b/r/h/samsung-galaxy-j4-plus-sm-j415fzkfins-original-imaf9d4khsftw4pz.jpeg?q=70');
insert into tagvalue (id, tag_id, asset_id, value) values (8085, 4, 405, '13');
insert into tagvalue (id, tag_id, asset_id, value) values (8086, 5, 405, 'other_types');
insert into tagvalue (id, tag_id, asset_id, value) values (8087, 6, 405, '3300');
insert into tagvalue (id, tag_id, asset_id, value) values (8088, 7, 405, '32');
insert into tagvalue (id, tag_id, asset_id, value) values (8089, 8, 405, '2');
insert into tagvalue (id, tag_id, asset_id, value) values (8090, 9, 405, 'Snapdragon425P');
insert into tagvalue (id, tag_id, asset_id, value) values (8091, 10, 405, '8');
insert into asset (id,name) values (406, 'SAMSUNG Galaxy M01s (Gray, 32 GB)');
insert into tagvalue (id, tag_id, asset_id, value) values (8101, 1, 406, 'SAMSUNG Galaxy M01s (Gray, 32 GB)');
insert into tagvalue (id, tag_id, asset_id, value) values (8102, 1, 406, '4.2');
insert into tagvalue (id, tag_id, asset_id, value) values (8103, 2, 406, '10999');
insert into tagvalue (id, tag_id, asset_id, value) values (8104, 3, 406, 'https://rukminim2.flixcart.com/image/312/312/kdnf98w0/mobile/g/z/n/samsung-galaxy-m01s-b089ms4lgt-original-imafug5gtyqhdwb8.jpeg?q=70');
insert into tagvalue (id, tag_id, asset_id, value) values (8105, 4, 406, '13');
insert into tagvalue (id, tag_id, asset_id, value) values (8106, 5, 406, 'other_types');
insert into tagvalue (id, tag_id, asset_id, value) values (8107, 6, 406, '4000');
insert into tagvalue (id, tag_id, asset_id, value) values (8108, 7, 406, '32');
insert into tagvalue (id, tag_id, asset_id, value) values (8109, 8, 406, '3');
insert into tagvalue (id, tag_id, asset_id, value) values (8110, 9, 406, 'MediaTek');
insert into tagvalue (id, tag_id, asset_id, value) values (8111, 10, 406, '9');
insert into asset (id,name) values (407, 'SAMSUNG Galaxy S22 (Pink Gold, 128 GB)');
insert into tagvalue (id, tag_id, asset_id, value) values (8121, 1, 407, 'SAMSUNG Galaxy S22 (Pink Gold, 128 GB)');
insert into tagvalue (id, tag_id, asset_id, value) values (8122, 1, 407, '4.2');
insert into tagvalue (id, tag_id, asset_id, value) values (8123, 2, 407, '20463');
insert into tagvalue (id, tag_id, asset_id, value) values (8124, 3, 407, 'https://rukminim2.flixcart.com/image/312/312/xif0q/mobile/t/h/f/galaxy-s22-sm-s901eiddinu-samsung-original-imagpegzgujrzvvj.jpeg?q=70');
insert into tagvalue (id, tag_id, asset_id, value) values (8125, 4, 407, '50');
insert into tagvalue (id, tag_id, asset_id, value) values (8126, 5, 407, 'other_types');
insert into tagvalue (id, tag_id, asset_id, value) values (8127, 6, 407, '3700');
insert into tagvalue (id, tag_id, asset_id, value) values (8128, 7, 407, '128');
insert into tagvalue (id, tag_id, asset_id, value) values (8129, 8, 407, '8');
insert into tagvalue (id, tag_id, asset_id, value) values (8130, 9, 407, 'not mentioned');
insert into tagvalue (id, tag_id, asset_id, value) values (8131, 10, 407, '12');

